{"_timestamp":1.7499689637822719e+09,"_runtime":1230.863418226,"_step":0,"_wandb":{"runtime":1230},"mean_mean_reward":600.1600250800001}