{"mean_mean_reward": 336.24856566, "_timestamp": 1749837845.8356752, "_runtime": 3064.076536178589, "_step": 0, "_wandb": {"runtime": 3063}}