{"mean_mean_reward":511.4516879533334,"_timestamp":1.7499776634961715e+09,"_runtime":1078.963958756,"_step":0,"_wandb":{"runtime":1079}}