{   "learning_rate": 0.0012541462101916157,
    "gamma": 0.9885202328222382,
    "batch_size": 123,
    "n_epochs": 11,
    "gae_lambda": 0.9472233613269306,
    "n_steps": 3936
 }