{"mean_mean_reward":327.61290379999997,"_timestamp":1.7499831400544076e+09,"_runtime":1451.253010411,"_step":0,"_wandb":{"runtime":1451}}