{"mean_reward": 45.66809599148811, "std_reward": 60.896649377355295, "timestep": 99963, "_timestamp": 1749831631.4969063, "_runtime": 806.67813539505, "_step": 1679, "test_source_mean_reward": 38.546696841900896, "test_source_std_reward": 1.49589111157493, "test_source_5th_percentile": 36.0741763826432, "test_source_success_rate": 0.0, "test_target_mean_reward": 36.4153721022131, "test_target_std_reward": 3.4647806731458948, "test_target_5th_percentile": 33.659835433806165, "test_target_success_rate": 0.0, "AUC_robustness_curve": 0.0, "_wandb": {"runtime": 806}}