{"mean_mean_reward": 527.1323770533332, "_timestamp": 1749839953.5954843, "_runtime": 2095.199696302414, "_step": 0, "_wandb": {"runtime": 2094}}