{"_timestamp":1.7500316922637286e+09,"rollout/ep_rew_mean":499.3007,"train/clip_fraction":0.06856771,"time/fps":1558,"train/value_loss":8.231399,"train/clip_range":0.2,"eval/mean_reward":453.99817,"_step":728,"train/loss":0.5882621,"rollout/ep_len_mean":135.98,"train/explained_variance":0.95092016,"train/policy_gradient_loss":-0.0014409487,"train/entropy_loss":-2.755001,"_runtime":2017.290350417,"train/std":0.610213,"train/approx_kl":0.006259685,"train/learning_rate":8.234655e-05,"_wandb":{"runtime":2027},"eval/mean_ep_length":126,"global_step":1017600}