episode,reward
1,38.532022
2,-24.782443
3,13.713197
4,-16.936077
5,3.790708
6,-139.548767
7,-187.104604
8,55.135227
9,210.666224
10,51.497579
11,-60.212781
12,6.116983
13,-0.162082
14,76.105870
15,-30.998779
16,-18.390659
17,-30.564222
18,27.742231
19,45.534267
20,-1.397533
21,1.976558
22,-29.471901
23,-123.547777
24,-114.527513
25,115.988234
26,-2.949680
27,-58.865191
28,-61.777780
29,323.081003
30,43.979261
31,58.862360
32,21.561018
33,-16.890194
34,36.571174
35,29.839826
36,-44.698110
37,-23.563681
38,-13.852381
39,105.373393
40,53.886587
41,-104.470610
42,237.843531
43,-40.041192
44,-37.588188
45,-45.483834
46,63.748722
47,16.886767
48,26.926845
49,-46.352381
50,-4.614126
51,85.697558
52,-84.483955
53,24.461572
54,-46.981980
55,-46.500149
56,-123.250256
57,-20.517520
58,-34.020153
59,41.064989
60,1.851046
61,22.346139
62,-123.603036
63,-102.520296
64,-74.359723
65,5.459090
66,-92.262296
67,80.346446
68,-48.489941
69,-12.377137
70,-6.531615
71,74.593175
72,16.552579
73,111.364167
74,-16.672406
75,187.600264
76,-8.149439
77,-42.755690
78,24.807333
79,17.588691
80,54.458058
81,104.447993
82,-59.569538
83,24.405875
84,27.124671
85,-83.774517
86,-4.055908
87,156.988416
88,-60.094170
89,7.544123
90,28.988625
91,47.464275
92,14.581299
93,15.558217
94,0.727525
95,76.035904
96,-56.987885
97,-19.577147
98,-89.234005
99,-191.216756
100,41.567182
101,179.218418
102,-85.672382
103,74.784232
104,47.060706
105,54.806397
106,279.289606
107,38.236218
108,-16.426377
109,-62.440945
110,1.080306
111,42.580355
112,-6.739483
113,-139.147693
114,31.963916
115,181.097246
116,23.158262
117,-50.589869
118,-16.155880
119,28.987378
120,-32.671604
121,-40.415690
122,-90.375347
123,-29.772647
124,110.566984
125,-142.729219
126,-19.363298
127,68.113730
128,-156.546033
129,8.506530
130,20.410980
131,139.052505
132,24.808192
133,-93.970637
134,-72.829226
135,-42.383740
136,-160.660246
137,84.469499
138,185.496651
139,28.112991
140,9.016775
141,-36.986340
142,6.673176
143,12.502016
144,2.329781
145,22.241615
146,34.661895
147,-90.676518
148,15.104594
149,32.679404
150,33.312625
151,-4.443176
152,3.909111
153,37.805861
154,-19.810809
155,86.959549
156,22.557955
157,-85.980903
158,-12.581046
159,41.072096
160,-20.693171
161,-34.173514
162,23.483988
163,4.863762
164,-63.505347
165,-20.934626
166,-52.400543
167,-28.161730
168,37.868497
169,96.417632
170,166.196840
171,-1.798687
172,61.267686
173,8.142837
174,-62.969767
175,42.445942
176,200.907390
177,32.156495
178,-18.743389
179,14.973614
180,-37.065325
181,72.335348
182,13.799536
183,-0.562223
184,-84.218215
185,20.231807
186,-28.673061
187,337.106351
188,153.415991
189,-45.001540
190,-37.422399
191,-38.179462
192,-123.453334
193,8.457888
194,68.303214
195,-47.043473
196,-22.175740
197,12.154743
198,-56.712152
199,-86.664776
200,-38.056729
201,-15.997255
202,22.813016
203,-35.122568
204,39.084798
205,-0.226153
206,-35.025793
207,-116.880382
208,34.883209
209,28.910191
210,-14.979516
211,0.630218
212,47.864153
213,-35.952268
214,-33.698356
215,-32.755827
216,370.203879
217,35.645029
218,-102.670558
219,29.976252
220,-23.268474
221,144.726696
222,39.389905
223,-40.483602
224,16.543589
225,-31.436889
226,308.714761
227,59.213598
228,21.166057
229,-29.273116
230,112.358835
231,3.944484
232,36.093980
233,43.107541
234,-43.825741
235,-5.269662
236,28.098087
237,39.638205
238,34.025045
239,9.023669
240,-59.068524
241,119.451613
242,266.626413
243,44.740328
244,-7.982128
245,4.304104
246,37.756563
247,76.287095
248,27.603474
249,19.972336
250,4.296747
251,-42.669983
252,-89.574584
253,-44.894869
254,127.436204
255,-2.536863
256,-41.901342
257,-6.360391
258,104.726071
259,-90.446478
260,129.428823
261,-28.816532
262,-31.313010
263,-71.089737
264,68.837080
265,-64.200260
266,-44.461946
267,-21.057815
268,-43.836611
269,-9.647022
270,-174.687592
271,-35.402389
272,-89.315843
273,-7.637015
274,-3.849713
275,6.248109
276,106.414660
277,98.289232
278,12.651496
279,39.177906
280,73.395693
281,-6.642712
282,23.028084
283,238.433406
284,-123.884303
285,-77.178773
286,30.426312
287,305.197855
288,16.294960
289,426.113119
290,16.489421
291,43.938831
292,23.033735
293,-2.200992
294,17.744407
295,-207.034952
296,-20.559094
297,-84.004906
298,11.362492
299,-0.738410
300,51.241086
301,21.165825
302,199.717978
303,-46.617991
304,28.348119
305,-35.810155
306,160.782843
307,26.658182
308,0.418871
309,-1.498963
310,-16.797771
311,15.906554
312,-46.620328
313,110.349147
314,274.833348
315,115.198325
316,-51.373771
317,-51.848121
318,20.270824
319,-9.313702
320,-58.272520
321,-28.930883
322,-41.741044
323,-21.048167
324,29.691412
325,-20.769861
326,-19.668492
327,-51.001442
328,-66.139447
329,46.933409
330,-42.334774
331,69.921372
332,-58.354855
333,21.424464
334,-14.386692
335,14.586771
336,-19.639225
337,39.154213
338,25.000904
339,-64.297968
340,-15.687171
341,-18.812630
342,-32.372033
343,-15.077570
344,-17.223861
345,22.329401
346,9.255789
347,12.139122
348,24.913970
349,-12.460655
350,20.578673
351,35.343154
352,-17.651018
353,-49.655049
354,-20.144599
355,-71.385422
356,-1.322706
357,343.442267
358,-43.333573
359,24.045150
360,25.503131
361,-84.933352
362,1.166621
363,-55.995874
364,-29.590628
365,-3.206712
366,22.474899
367,-69.919874
368,-51.554235
369,73.696644
370,51.952564
371,-42.716608
372,-40.016994
373,-7.229497
374,-2.575072
375,-21.728495
376,29.140549
377,-72.134031
378,43.691913
379,-1.947712
380,-60.875820
381,85.646829
382,-33.751328
383,-13.903275
384,12.169578
385,30.448789
386,-57.619737
387,3.206599
388,-35.681066
389,-24.763833
390,-31.167131
391,-16.037558
392,96.372841
393,-30.393762
394,37.215791
395,12.563232
396,-52.311759
397,16.805177
398,39.222638
399,-53.474192
400,37.376757
401,-15.175215
402,283.140961
403,-8.023911
404,190.966230
405,-32.359933
406,16.565700
407,-21.532107
408,-23.625021
409,113.962723
410,29.275271
411,-25.963338
412,37.810238
413,-54.680824
414,-21.563052
415,101.377270
416,-27.167396
417,-23.142578
418,25.611650
419,-23.447186
420,-116.567760
421,20.674670
422,27.010529
423,-47.207200
424,139.107142
425,-24.580659
426,248.117781
427,33.483097
428,289.933221
429,-108.231286
430,100.750773
431,61.988741
432,53.800637
433,113.768138
434,108.312386
435,42.195389
436,37.769869
437,89.047413
438,-63.647636
439,-8.237910
440,-68.144699
441,-18.932392
442,106.734605
443,-9.330736
444,-15.119570
445,321.293015
446,69.160683
447,31.577729
448,18.806949
449,-58.312009
450,-54.619006
451,-51.023848
452,-150.726319
453,-44.092161
454,-29.594715
455,-15.376012
456,-22.659136
457,10.346195
458,108.407860
459,326.657467
460,-125.151680
461,-17.745490
462,69.854857
463,4.057590
464,101.139578
465,32.422747
466,-34.524090
467,4.786226
468,30.599094
469,274.635597
470,-50.667469
471,8.409813
472,85.555820
473,53.886887
474,28.533255
475,-160.369768
476,186.568471
477,34.781201
478,27.947160
479,22.905018
480,45.889228
481,16.416326
482,-19.184770
483,-23.422947
484,135.984342
485,12.404880
486,1.368642
487,1.801656
488,-160.902899
489,-14.253118
490,15.174105
491,166.686544
492,54.569773
493,-36.216303
494,367.868846
495,-69.455816
496,-5.575459
497,-1.598440
498,56.450033
499,152.203254
500,-26.572796
501,3.172229
502,60.997858
503,-7.848091
504,-37.421236
505,-35.279463
506,12.698884
507,273.307327
508,25.778397
509,-14.969047
510,-29.193212
511,-84.740717
512,41.024767
513,69.396503
514,-0.968287
515,29.196446
516,-49.274927
517,-3.231351
518,-20.325841
519,190.598558
520,38.284763
521,64.126618
522,-52.535486
523,-21.560521
524,59.937184
525,-61.425227
526,97.729660
527,-32.282156
528,72.002349
529,27.159957
530,-115.429945
531,169.126941
532,-9.772278
533,-96.266574
534,-40.859411
535,35.896489
536,5.889604
537,-41.880780
538,171.012821
539,-4.302593
540,85.167634
541,-67.982931
542,-34.378539
543,-34.342777
544,-4.579376
545,33.482680
546,28.763829
547,258.159907
548,49.689476
549,-45.949925
550,6.060035
551,47.175901
552,-67.667762
553,54.838509
554,-16.749149
555,34.038285
556,56.352132
557,79.372134
558,-111.253291
559,-68.405375
560,6.458924
561,132.603440
562,-14.946637
563,-4.107156
564,0.239350
565,26.182315
566,-183.914276
567,6.718214
568,-5.224286
569,37.598317
570,1.102593
571,58.087103
572,-211.015372
573,20.789131
574,41.600132
575,-17.054429
576,7.844174
577,-10.148200
578,125.672954
579,-27.787727
580,75.108250
581,22.562411
582,76.838690
583,105.083765
584,72.693868
585,-31.413027
586,76.419548
587,-19.101903
588,70.610716
589,-69.926692
590,-0.523870
591,0.545906
592,40.379766
593,-116.892812
594,-33.067670
595,-25.837325
596,-31.175746
597,185.258251
598,22.661668
599,79.645204
600,76.455973
601,110.312774
602,24.337047
603,57.592283
604,-29.592542
605,130.991557
606,67.885094
607,295.739120
608,190.785064
609,71.330751
610,145.931706
611,400.346131
612,131.674265
613,-79.268325
614,9.512280
615,151.528553
616,55.864234
617,-20.093525
618,6.923062
619,118.263417
620,13.923781
621,-52.221426
622,121.940146
623,181.841916
624,116.709881
625,356.421551
626,-7.514375
627,-0.143880
628,-9.199280
629,29.573618
630,196.446818
631,87.244962
632,40.117393
633,-180.525843
634,54.284626
635,270.014571
636,9.139811
637,-82.972887
638,22.904564
639,16.305240
640,-53.471086
641,24.387922
642,185.173773
643,58.383153
644,-74.586039
645,-17.897293
646,56.788016
647,-20.705478
648,29.283533
649,24.804026
650,-82.368490
651,20.896805
652,4.220655
653,279.084783
654,54.041858
655,0.734019
656,289.032552
657,50.089308
658,161.920946
659,94.214595
660,56.346278
661,240.473994
662,-63.088361
663,62.439289
664,346.405155
665,-0.055154
666,284.730047
667,110.028551
668,293.157292
669,9.025827
670,-30.909607
671,81.134714
672,40.444323
673,-44.910902
674,-31.047474
675,69.936328
676,326.643177
677,25.710698
678,-17.893564
679,-122.142100
680,36.096811
681,78.508769
682,117.994187
683,52.655091
684,10.174706
685,-73.033994
686,99.569591
687,68.046142
688,-11.401481
689,13.031545
690,-116.121269
691,107.469291
692,25.646607
693,160.903349
694,46.138113
695,-44.965364
696,47.765511
697,26.631679
698,6.556933
699,-57.882107
700,62.553687
701,106.551878
702,324.670487
703,17.419126
704,-2.826734
705,160.127715
706,82.352559
707,31.460917
708,6.392924
709,251.303381
710,-84.332137
711,104.128076
712,-57.375128
713,-121.129394
714,-24.888224
715,-24.669115
716,-30.689556
717,275.133463
718,28.003468
719,49.702522
720,32.790354
721,134.791171
722,10.421723
723,271.770810
724,44.083155
725,52.338214
726,54.774810
727,12.135479
728,-28.069652
729,37.143408
730,37.454891
731,-17.154548
732,60.909953
733,-22.709005
734,39.254867
735,231.225069
736,62.461830
737,136.619608
738,59.437923
739,36.524741
740,-1.499082
741,-94.216068
742,65.952990
743,77.024076
744,260.667091
745,240.843363
746,8.142852
747,58.402484
748,-180.182156
749,-8.477312
750,33.385544
751,-45.540188
752,7.237279
753,217.484181
754,83.978791
755,82.131700
756,59.255726
757,28.899268
758,90.985275
759,74.032583
760,-40.108153
761,18.411917
762,33.181354
763,401.893950
764,1.857052
765,148.602713
766,38.089583
767,89.376625
768,55.277750
769,16.351819
770,122.495515
771,50.056092
772,47.297866
773,9.981741
774,318.886928
775,33.969200
776,32.069530
777,27.390751
778,-19.650740
779,2.729519
780,30.282682
781,323.045021
782,-39.208109
783,19.799623
784,169.580457
785,-6.709747
786,229.996119
787,-140.108249
788,266.258390
789,49.224200
790,93.673226
791,35.909345
792,-30.176557
793,291.644403
794,106.093991
795,252.663502
796,245.558141
797,202.296836
798,26.883451
799,76.445617
800,308.738105
801,-0.206872
802,44.366774
803,16.798390
804,45.132479
805,61.808026
806,106.057858
807,213.364679
808,21.733253
809,-66.133268
810,95.727624
811,51.247129
812,-47.378797
813,-91.698107
814,195.270210
815,85.170718
816,-89.743522
817,18.133772
818,105.696943
819,238.573654
820,91.397799
821,74.929254
822,87.836873
823,60.318915
824,120.268871
825,-202.356042
826,216.081538
827,87.171549
828,103.298045
829,-128.749842
830,47.673915
831,72.776480
832,286.156449
833,-54.728254
834,168.308209
835,36.003504
836,-28.466172
837,291.975755
838,-20.878208
839,146.764051
840,54.439777
841,84.758373
842,81.004259
843,31.338505
844,88.230991
845,294.959980
846,-60.564721
847,-104.678045
848,344.821431
849,262.625329
850,166.884247
851,-0.228656
852,-1.719459
853,125.570374
854,63.334852
855,-1.588695
856,62.145844
857,287.381173
858,-71.418552
859,23.181007
860,38.222695
861,77.954637
862,23.295170
863,163.379471
864,17.324675
865,263.075975
866,154.899974
867,115.842116
868,250.733367
869,35.165508
870,-143.292829
871,-37.978491
872,194.162229
873,67.081704
874,238.775224
875,39.945361
876,47.291625
877,11.573860
878,388.887261
879,289.564358
880,65.727752
881,-44.505442
882,411.146814
883,62.651613
884,140.274914
885,196.513365
886,129.230672
887,-20.959045
888,121.851623
889,52.561378
890,306.952097
891,49.500549
892,20.795171
893,103.870195
894,-27.260180
895,133.737075
896,296.949125
897,111.790013
898,-6.141983
899,54.968836
900,25.828404
901,338.400084
902,3.291732
903,-6.454491
904,-60.539059
905,136.373366
906,44.831780
907,87.250496
908,314.389605
909,160.494880
910,181.285507
911,236.709136
912,51.583577
913,25.104801
914,120.225043
915,125.441142
916,62.137405
917,8.611791
918,252.453476
919,250.956553
920,82.680601
921,-16.786616
922,46.030377
923,-0.546591
924,11.861292
925,16.200128
926,328.352363
927,166.916944
928,-147.811850
929,133.348493
930,103.378674
931,107.864532
932,192.549236
933,31.949992
934,304.423389
935,3.939649
936,60.133086
937,91.742876
938,45.212890
939,-22.265219
940,2.167081
941,5.684385
942,19.822191
943,-72.263854
944,411.432737
945,32.731573
946,175.720913
947,186.165462
948,363.519226
949,-26.308749
950,388.286005
951,110.726542
952,-0.290552
953,28.094890
954,78.895343
955,-74.716607
956,-78.435026
957,-98.107314
958,133.131908
959,86.158509
960,67.881048
961,69.075136
962,50.911493
963,4.641190
964,51.819247
965,-57.798550
966,57.588541
967,44.084694
968,36.527766
969,125.990282
970,115.718266
971,281.393379
972,87.965415
973,30.096872
974,251.379211
975,-61.443636
976,161.581819
977,57.074651
978,71.884273
979,33.337324
980,37.385451
981,151.653779
982,-74.518986
983,438.427822
984,73.897887
985,25.525762
986,68.444875
987,26.614169
988,-47.753384
989,276.027764
990,70.077894
991,72.785666
992,60.762314
993,92.432556
994,51.432395
995,-43.480116
996,120.327635
997,25.710417
998,69.446101
999,-49.192871
1000,71.061129
1001,184.029485
1002,405.884713
1003,119.688755
1004,85.432686
1005,-53.240538
1006,-18.747089
1007,161.494612
1008,38.441159
1009,327.972299
1010,-43.126182
1011,83.997594
1012,87.036616
1013,-116.242610
1014,113.631587
1015,79.062612
1016,14.166644
1017,120.575786
1018,357.520660
1019,112.725318
1020,170.931164
1021,184.291855
1022,251.918016
1023,3.174063
1024,7.224113
1025,149.224646
1026,-24.125740
1027,91.324718
1028,6.978496
1029,135.375698
1030,18.033376
1031,51.795728
1032,5.519732
1033,167.286141
1034,69.423783
1035,48.633463
1036,159.152917
1037,5.492772
1038,88.538452
1039,-113.526500
1040,185.871950
1041,10.079123
1042,-25.026443
1043,31.242407
1044,-47.771124
1045,38.155326
1046,56.364543
1047,29.497646
1048,-22.867301
1049,192.647577
1050,86.128835
1051,-21.465171
1052,39.154597
1053,168.734465
1054,46.625638
1055,-25.800801
1056,-21.160064
1057,341.286906
1058,89.814538
1059,286.415832
1060,250.033749
1061,92.902903
1062,7.652552
1063,326.083430
1064,334.298158
1065,226.444171
1066,-24.621158
1067,443.122580
1068,194.058467
1069,310.571525
1070,331.735207
1071,359.093960
1072,26.865690
1073,309.199632
1074,304.524421
1075,-41.645121
1076,280.356557
1077,-17.164609
1078,102.238321
1079,243.709138
1080,367.903076
1081,363.657002
1082,299.603351
1083,154.472288
1084,305.524011
1085,40.824375
1086,50.432608
1087,-1.083937
1088,442.593309
1089,316.416203
1090,260.456218
1091,307.442032
1092,13.834386
1093,332.729699
1094,54.456861
1095,321.346188
1096,314.513792
1097,329.875802
1098,304.707778
1099,230.239550
1100,125.085403
1101,225.629678
1102,141.641517
1103,158.680969
1104,398.391506
1105,195.375363
1106,431.984744
1107,-10.918671
1108,304.083037
1109,50.459802
1110,76.159469
1111,317.043861
1112,304.081114
1113,334.421854
1114,161.322693
1115,331.251133
1116,367.923652
1117,315.760675
1118,68.264955
1119,10.163082
1120,52.674948
1121,-19.459426
1122,273.530031
1123,295.158915
1124,267.506059
1125,315.346609
1126,49.746909
1127,384.889788
1128,292.793969
1129,66.225742
1130,386.169959
1131,410.550429
1132,38.415249
1133,375.532602
1134,261.844350
1135,418.455549
1136,274.126264
1137,32.222997
1138,456.918868
1139,366.508839
1140,314.465670
1141,164.069762
1142,-33.912988
1143,405.906624
1144,299.884291
1145,402.412089
1146,7.753354
1147,151.150045
1148,251.062850
1149,117.619084
1150,315.616531
1151,313.456557
1152,359.313090
1153,-28.135510
1154,345.639629
1155,389.038119
1156,164.707768
1157,323.723744
1158,-33.100160
1159,281.105386
1160,45.759770
1161,349.476115
1162,310.694143
1163,110.932253
1164,56.001655
1165,0.692453
1166,309.215506
1167,330.602595
1168,343.592298
1169,12.296160
1170,32.953753
1171,323.290298
1172,108.104258
1173,240.188133
1174,1.119107
1175,350.280689
1176,103.873046
1177,333.572119
1178,76.627353
1179,60.376258
1180,397.307747
1181,409.789936
1182,324.241246
1183,118.750349
1184,336.428541
1185,46.897848
1186,84.546236
1187,380.703859
1188,140.677299
1189,480.148403
1190,320.565295
1191,280.381632
1192,512.817247
1193,35.270522
1194,167.059999
1195,177.124921
1196,254.704024
1197,285.884906
1198,10.685664
1199,322.657063
1200,474.601727
1201,59.911290
1202,341.207665
1203,103.425910
1204,172.959292
1205,298.313072
1206,309.685164
1207,303.906170
1208,317.944790
1209,308.970644
1210,321.964357
1211,305.220364
1212,166.087047
1213,427.099402
1214,33.955845
1215,354.240211
1216,48.907268
1217,43.816364
1218,27.880458
1219,12.245843
1220,284.801618
1221,46.593299
1222,311.796910
1223,294.915235
1224,-11.715762
1225,309.622340
1226,340.034294
1227,368.495260
1228,86.435952
1229,61.999200
1230,327.049864
1231,-2.343742
1232,337.420170
1233,135.041845
1234,307.646399
1235,359.272885
1236,96.224359
1237,313.878747
1238,440.230177
1239,74.406999
1240,387.481895
1241,324.864626
1242,129.186414
1243,84.055821
1244,358.424752
1245,279.719304
1246,-7.903582
1247,326.389075
1248,333.040711
1249,60.724193
1250,-20.699940
1251,244.409114
1252,304.028172
1253,327.940765
1254,126.649196
1255,359.797250
1256,68.132429
1257,326.349634
1258,342.846825
1259,171.276103
1260,330.567310
1261,-47.618194
1262,164.427188
1263,88.385225
1264,4.262903
1265,346.887987
1266,91.626859
1267,335.548614
1268,361.319305
1269,44.689827
1270,354.216284
1271,19.680836
1272,107.798004
1273,4.278717
1274,51.117684
1275,330.869656
1276,355.433311
1277,108.864901
1278,340.369402
1279,274.485727
1280,313.067086
1281,72.217216
1282,6.571187
1283,60.394499
1284,372.006607
1285,69.547835
1286,347.822371
1287,-31.166178
1288,283.096861
1289,48.999691
1290,176.216808
1291,307.671847
1292,40.486724
1293,-7.844964
1294,295.707591
1295,294.978232
1296,302.431821
1297,378.245554
1298,329.122052
1299,84.466568
1300,367.821805
1301,-3.833631
1302,166.518007
1303,359.684970
1304,348.532096
1305,340.099179
1306,391.990231
1307,315.791150
1308,276.831543
1309,313.775046
1310,324.783929
1311,310.479397
1312,324.526248
1313,305.561642
1314,387.915076
1315,303.407085
1316,342.926319
1317,307.799571
1318,130.023549
1319,372.966518
1320,323.011949
1321,357.187317
1322,20.867011
1323,417.598820
1324,10.367386
1325,7.022325
1326,90.767891
1327,141.774563
1328,294.780218
1329,263.273143
1330,226.398023
1331,300.779308
1332,370.433938
1333,290.768414
1334,145.181032
1335,305.638610
1336,278.872592
1337,304.013296
1338,405.933923
1339,240.005898
1340,353.125947
1341,89.887276
1342,324.226347
1343,383.974608
1344,93.212518
1345,229.163492
1346,355.524925
1347,459.727841
1348,34.322579
1349,180.512399
1350,291.456668
1351,-10.335229
1352,-20.786932
1353,383.211809
1354,95.370233
1355,370.642957
1356,89.087553
1357,326.967792
1358,309.881453
1359,30.141671
1360,25.903379
1361,86.536755
1362,287.368662
1363,85.368586
1364,286.286357
1365,358.267879
1366,324.896146
1367,287.899839
1368,369.882744
1369,317.582597
1370,323.737431
1371,324.036356
1372,299.165074
1373,402.938252
1374,252.216373
1375,330.267758
1376,275.198210
1377,300.564393
1378,312.063280
1379,341.151576
1380,298.328160
1381,305.396628
1382,286.546656
1383,321.027218
1384,274.009306
1385,327.252864
1386,268.117252
1387,314.846242
1388,308.946267
1389,329.223715
1390,359.914105
1391,290.946185
1392,315.428058
1393,351.076101
1394,302.842651
1395,250.359829
1396,344.346724
1397,361.522409
1398,314.031058
1399,275.914711
1400,318.649566
1401,387.165813
1402,290.665820
1403,323.879812
1404,333.591828
1405,298.746105
1406,315.275050
1407,289.207173
1408,379.118356
1409,373.384670
1410,347.106711
1411,349.793287
1412,275.483445
1413,351.491056
1414,324.411243
1415,250.131542
1416,315.414030
1417,295.891126
1418,264.626595
1419,315.302154
1420,263.351422
1421,287.285025
1422,267.632264
1423,342.481493
1424,330.878160
1425,358.225227
1426,286.908395
1427,283.465746
1428,292.133336
1429,348.886516
1430,299.780453
1431,393.833855
1432,255.861756
1433,292.575834
1434,353.480973
1435,306.924609
1436,330.709662
1437,290.155840
1438,292.249645
1439,293.034721
1440,285.971783
1441,282.759912
1442,296.755439
1443,382.329041
1444,280.364689
1445,282.967805
1446,326.376566
1447,299.787467
1448,283.816804
1449,279.359865
1450,282.007940
1451,269.054268
1452,378.356346
1453,257.212844
1454,293.623926
1455,309.031694
1456,336.841680
1457,357.861135
1458,282.237507
1459,249.474678
1460,290.247317
1461,56.735221
1462,277.165117
1463,346.227674
1464,264.588606
1465,369.322872
1466,385.655022
1467,407.653509
1468,303.336141
1469,295.888838
1470,332.907445
1471,283.703909
1472,341.660459
1473,278.892864
1474,299.966431
1475,284.128359
1476,300.821543
1477,365.439930
1478,331.272597
1479,361.806215
1480,404.409024
1481,279.820031
1482,291.046193
1483,317.692277
1484,305.769482
1485,310.369932
1486,268.807522
1487,282.244431
1488,301.209326
1489,255.857766
1490,263.340552
1491,315.919816
1492,249.888202
1493,313.106762
1494,258.415731
1495,264.659308
1496,271.610537
1497,305.604190
1498,304.952376
1499,289.034227
1500,339.807155
1501,295.909424
1502,299.439319
1503,279.245080
1504,329.308894
1505,322.219621
1506,286.836276
1507,351.754644
1508,292.968610
1509,260.007488
1510,369.748634
1511,333.393160
1512,332.696204
1513,32.693434
1514,323.476223
1515,282.529003
1516,301.764381
1517,332.498547
1518,311.468843
1519,311.562368
1520,277.182305
1521,365.650638
1522,350.292091
1523,49.408364
1524,299.197662
1525,288.685389
1526,332.993106
1527,322.202565
1528,373.864522
1529,325.898875
1530,339.463595
1531,296.724140
1532,310.363465
1533,218.085914
1534,274.724193
1535,289.967253
1536,321.171505
1537,370.440306
1538,329.437327
1539,304.814126
1540,300.317493
1541,286.761103
1542,104.941801
1543,291.078810
1544,334.988234
1545,286.328673
1546,281.551554
1547,271.477101
1548,268.585115
1549,358.873314
1550,380.538770
1551,323.967148
1552,285.475734
1553,312.898499
1554,352.505873
1555,254.993369
1556,280.481999
1557,315.030700
1558,304.429126
1559,263.130569
1560,409.579443
1561,309.684491
1562,282.069250
1563,337.466306
1564,299.474832
1565,285.021722
1566,320.659353
1567,298.824786
1568,327.033128
1569,-7.142112
1570,279.154231
1571,309.886896
1572,362.834446
1573,281.921442
1574,332.194872
1575,280.430148
1576,317.604324
1577,349.484823
1578,361.219054
1579,259.005919
1580,264.280867
1581,296.754863
1582,327.335928
1583,356.809370
1584,293.147541
1585,294.775173
1586,261.027751
1587,332.714628
1588,305.129168
1589,341.884632
1590,301.374283
1591,276.124023
1592,300.320595
1593,330.165038
1594,275.623375
1595,315.153898
1596,272.836880
1597,56.063540
1598,325.911856
1599,-113.957138
1600,331.345047
1601,281.997659
1602,315.780111
1603,307.656490
1604,313.223872
1605,332.388685
1606,358.976772
1607,298.470913
1608,330.053040
1609,269.780366
1610,295.274308
1611,306.478025
1612,330.162120
1613,335.117381
1614,327.417380
1615,286.782239
1616,264.835111
1617,332.091416
1618,269.412132
1619,357.197470
1620,294.609912
1621,108.283639
1622,298.053846
1623,308.834713
1624,304.127490
1625,311.925615
1626,319.687266
1627,311.374612
1628,313.937473
1629,271.561005
1630,353.088083
1631,304.874025
1632,283.347752
1633,315.478229
1634,266.145236
1635,301.910439
1636,267.520853
1637,358.082757
1638,345.048454
1639,356.606461
1640,389.250028
1641,275.383225
1642,341.343750
1643,322.181005
1644,309.895335
1645,322.405641
1646,300.301085
1647,360.885578
1648,311.236616
1649,326.797899
1650,275.449644
1651,310.342198
1652,284.644212
1653,387.566593
1654,295.504726
1655,294.444329
1656,325.097091
1657,317.833368
1658,280.469241
1659,265.372395
1660,283.978934
1661,285.994774
1662,342.819061
1663,333.941756
1664,354.232248
1665,274.230768
1666,356.708333
1667,309.675951
1668,449.591424
1669,283.207953
1670,276.809062
1671,260.268796
1672,277.173349
1673,322.704134
1674,333.133372
1675,389.358798
1676,351.962222
1677,267.451119
1678,292.110096
1679,259.385190
1680,278.409614
1681,286.863670
1682,362.867408
1683,356.008051
1684,284.992423
1685,329.528474
1686,312.100577
1687,300.582583
1688,320.916411
1689,355.258423
1690,292.753454
1691,324.245542
1692,352.837642
1693,350.243007
1694,268.364920
1695,317.829387
1696,241.272972
1697,347.979903
1698,226.176540
1699,324.262093
1700,315.486343
1701,305.489666
1702,260.577908
1703,293.804347
1704,302.250791
1705,302.184131
1706,272.603464
1707,345.825004
1708,290.278203
1709,298.862650
1710,374.193019
1711,323.412520
1712,338.235763
1713,364.948056
1714,282.791819
1715,281.145190
1716,293.207199
1717,301.575488
1718,266.915211
1719,319.664137
1720,330.640154
1721,272.937772
1722,311.249674
1723,294.276544
1724,318.603787
1725,302.371228
1726,315.015627
1727,306.143102
1728,288.923887
1729,268.474389
1730,274.830498
1731,373.112742
1732,301.295417
1733,266.104787
1734,316.184657
1735,336.375028
1736,275.854577
1737,338.706734
1738,320.694771
1739,401.599831
1740,298.372726
1741,321.046080
1742,309.943902
1743,341.815634
1744,266.964261
1745,301.910802
1746,352.221349
1747,326.409569
1748,316.452898
1749,257.084401
1750,348.318076
1751,337.397442
1752,275.118361
1753,326.213711
1754,289.004752
1755,306.928015
1756,326.854523
1757,322.005700
1758,276.417718
1759,348.610515
1760,286.002420
1761,364.141509
1762,257.513211
1763,250.892119
1764,258.825254
1765,262.541894
1766,321.060101
1767,306.076643
1768,351.328987
1769,326.907615
1770,312.479532
1771,306.243985
1772,307.988642
1773,330.041587
1774,344.412138
1775,343.334507
1776,245.513318
1777,383.864981
1778,292.076882
1779,319.613589
1780,288.901852
1781,289.355308
1782,299.315089
1783,275.773835
1784,313.102425
1785,346.008321
1786,328.230568
1787,263.321932
1788,273.922304
1789,348.794084
1790,209.024559
1791,355.414906
1792,347.914392
1793,307.263795
1794,278.663444
1795,301.104935
1796,262.797220
1797,242.338676
1798,403.009864
1799,309.108097
1800,285.567149
1801,316.194106
1802,314.336184
1803,240.784530
1804,301.226509
1805,291.197726
1806,314.732038
1807,333.870435
1808,271.888141
1809,267.891244
1810,344.201023
1811,366.870403
1812,391.410498
1813,290.410382
1814,393.114448
1815,294.349479
1816,384.402044
1817,260.474537
1818,327.628693
1819,267.572849
1820,261.769055
1821,336.164238
1822,273.382268
1823,411.434965
1824,296.648387
1825,316.202932
1826,282.360799
1827,315.267696
1828,281.037702
1829,367.299224
1830,399.962298
1831,292.101932
1832,325.065861
1833,270.408491
1834,310.012336
1835,290.745646
1836,356.715177
1837,244.058551
1838,305.408772
1839,356.771653
1840,343.747672
1841,309.443064
1842,376.188902
1843,355.443727
1844,346.933737
1845,267.252686
1846,330.770142
1847,278.307839
1848,342.364231
1849,287.074188
1850,274.854961
1851,304.530953
1852,299.422598
1853,278.394848
1854,301.667387
1855,299.424750
1856,306.174655
1857,353.713329
1858,311.495111
1859,359.788959
1860,320.756372
1861,286.070001
1862,299.550885
1863,383.215505
1864,296.918128
1865,360.137902
1866,283.527291
1867,391.746567
1868,325.484701
1869,373.250601
1870,277.706936
1871,275.440483
1872,302.886567
1873,293.563792
1874,317.936709
1875,347.031666
1876,289.466681
1877,284.520257
1878,281.643149
1879,387.429861
1880,280.015563
1881,404.989471
1882,268.926493
1883,349.753899
1884,295.274548
1885,321.296721
1886,294.470275
1887,355.782487
1888,344.079390
1889,333.393476
1890,295.249126
1891,303.248968
1892,356.865119
1893,282.689395
1894,322.888092
1895,416.788913
1896,283.295514
1897,367.015003
1898,336.819660
1899,347.326248
1900,285.373739
1901,282.290804
1902,273.219022
1903,299.439672
1904,362.772570
1905,388.860436
1906,333.747985
1907,337.726913
1908,302.895805
1909,326.363573
1910,288.496309
1911,330.821360
1912,281.247627
1913,295.146810
1914,266.515131
1915,340.032236
1916,318.100168
1917,357.186387
1918,268.160764
1919,322.914698
1920,327.078290
1921,307.235008
1922,318.169222
1923,281.837175
1924,288.784340
1925,255.439102
1926,282.159283
1927,313.076143
1928,448.547326
1929,258.799548
1930,298.372928
1931,276.944424
1932,304.810714
1933,296.404308
1934,315.040617
1935,308.038744
1936,388.771261
1937,323.874042
1938,266.260503
1939,344.718117
1940,284.077348
1941,285.107032
1942,356.547794
1943,356.673804
1944,411.689150
1945,332.427059
1946,294.738539
1947,377.106815
1948,445.159843
1949,319.334871
1950,357.267655
1951,298.390421
1952,254.385645
1953,306.821814
1954,414.550456
1955,367.243356
1956,288.825818
1957,379.323529
1958,365.654306
1959,316.097232
1960,350.834084
1961,334.341316
1962,308.465738
1963,272.297766
1964,255.660002
1965,332.297441
1966,303.526100
1967,355.115700
1968,345.880901
1969,437.067644
1970,333.625141
1971,398.788653
1972,399.411918
1973,359.180061
1974,336.729386
1975,362.928597
1976,298.849821
1977,330.951001
1978,281.000343
1979,277.129532
1980,367.171002
1981,358.558107
1982,361.053614
1983,309.884828
1984,345.599730
1985,272.998511
1986,302.537241
1987,293.832337
1988,315.505671
1989,369.143282
1990,342.710940
1991,398.892957
1992,337.853310
1993,458.186449
1994,415.136531
1995,267.433270
1996,349.953835
1997,378.712877
1998,394.256594
1999,384.158907
2000,347.846271
2001,323.102967
2002,286.955919
2003,371.896511
2004,332.821384
2005,340.335842
2006,303.820541
2007,353.237992
2008,302.593948
2009,295.900449
2010,413.383082
2011,379.619380
2012,324.056503
2013,324.155110
2014,360.613344
2015,273.945002
2016,411.099988
2017,299.408362
2018,350.922581
2019,371.312221
2020,311.515183
2021,345.357272
2022,300.960816
2023,331.079883
2024,340.363812
2025,402.566894
2026,285.527988
2027,349.215550
2028,349.517940
2029,298.787579
2030,262.378634
2031,412.576819
2032,319.810582
2033,378.243380
2034,294.694309
2035,322.582198
2036,300.204086
2037,311.040268
2038,484.094953
2039,358.259725
2040,282.661899
2041,321.551784
2042,445.148404
2043,295.183064
2044,389.938400
2045,403.171235
2046,336.341146
2047,284.113703
2048,303.543297
2049,319.647756
2050,278.373785
2051,322.247698
2052,314.584548
2053,301.070943
2054,349.759132
2055,356.596418
2056,344.928200
2057,287.517256
2058,319.226921
2059,253.795646
2060,284.406628
2061,279.387015
2062,263.675744
2063,272.587771
2064,470.869029
2065,326.653899
2066,300.534072
2067,380.915041
2068,284.653652
2069,437.978182
2070,320.877308
2071,298.812924
2072,316.510010
2073,393.994265
2074,372.220220
2075,335.071450
2076,287.952393
2077,411.980870
2078,377.052658
2079,417.670318
2080,268.586872
2081,317.952056
2082,281.826411
2083,330.115666
2084,334.365452
2085,336.860677
2086,439.495146
2087,375.279716
2088,319.323162
2089,301.111214
2090,298.676526
2091,405.602255
2092,325.921794
2093,303.130117
2094,285.297541
2095,356.253695
2096,282.686771
2097,349.639417
2098,360.183792
2099,523.514736
2100,340.436978
2101,303.155823
2102,445.717975
2103,301.764763
2104,373.145491
2105,416.695658
2106,305.505665
2107,309.002628
2108,299.648859
2109,303.783448
2110,426.349421
2111,314.422505
2112,316.734639
2113,287.227257
2114,434.014523
2115,411.184530
2116,354.841406
2117,348.598485
2118,298.222623
2119,378.787624
2120,301.702475
2121,422.860888
2122,401.038649
2123,311.277335
2124,327.450213
2125,325.737231
2126,364.336231
2127,346.241693
2128,291.366404
2129,318.152845
2130,302.783054
2131,394.068487
2132,314.234857
2133,394.381178
2134,311.713356
2135,303.160399
2136,361.550307
2137,278.939669
2138,308.402088
2139,307.035724
2140,325.902532
2141,451.106350
2142,381.348264
2143,302.072292
2144,406.000748
2145,414.192636
2146,299.448232
2147,331.762461
2148,292.848677
2149,305.336874
2150,332.586852
2151,277.015410
2152,316.687754
2153,388.983243
2154,384.047667
2155,380.546267
2156,351.798352
2157,343.398059
2158,370.397958
2159,278.509764
2160,361.138181
2161,291.946378
2162,355.459659
2163,307.654078
2164,274.887652
2165,422.394738
2166,355.367497
2167,350.558964
2168,305.461931
2169,320.825130
2170,340.592345
2171,465.824752
2172,306.013200
2173,336.834263
2174,321.624973
2175,307.711497
2176,316.990650
2177,325.462730
2178,275.244262
2179,367.908262
2180,304.218817
2181,340.871540
2182,295.776656
2183,346.608089
2184,264.439196
2185,315.983786
2186,395.661372
2187,311.212266
2188,267.779349
2189,314.296641
2190,328.427936
2191,341.862989
2192,410.181680
2193,328.310564
2194,368.693466
2195,296.146230
2196,302.225073
2197,329.479190
2198,357.992147
2199,274.423946
2200,313.311407
2201,306.099978
2202,411.316484
2203,302.830748
2204,386.466415
2205,343.547844
2206,264.498719
2207,312.673686
2208,426.766478
2209,319.343087
2210,375.317292
2211,302.985853
2212,458.232293
2213,401.432917
2214,359.447228
2215,337.894405
2216,424.888634
2217,317.874549
2218,274.237823
2219,375.007435
2220,370.078924
2221,322.529780
2222,367.816184
2223,354.228569
2224,418.805250
2225,421.233380
2226,434.601868
2227,419.034987
2228,295.369005
2229,407.453283
2230,417.824508
2231,401.303816
2232,400.172611
2233,283.719880
2234,347.484683
2235,361.544695
2236,368.444036
2237,310.313062
2238,416.679558
2239,293.972849
2240,308.992272
2241,412.021987
2242,341.146030
2243,355.503887
2244,423.263591
2245,324.514435
2246,395.276963
2247,421.856033
2248,278.164637
2249,353.385301
2250,423.813750
2251,288.302176
2252,398.414431
2253,323.867795
2254,376.185919
2255,327.497178
2256,289.512529
2257,287.687754
2258,419.940360
2259,305.538031
2260,395.534344
2261,416.869825
2262,356.714515
2263,407.303521
2264,427.218634
2265,399.201263
2266,397.784551
2267,398.110695
2268,371.499757
2269,403.520612
2270,303.432316
2271,469.738813
2272,284.842498
2273,273.284284
2274,417.191152
2275,428.522462
2276,375.862489
2277,415.342054
2278,394.359216
2279,425.585078
2280,382.327896
2281,418.996825
2282,312.542033
2283,416.255861
2284,428.295070
2285,325.044456
2286,458.953852
2287,294.675458
2288,300.096517
2289,251.095413
2290,383.518367
2291,387.502112
2292,361.612600
2293,304.837597
2294,418.178381
2295,342.788305
2296,419.374130
2297,301.655270
2298,270.985830
2299,341.870392
2300,423.916456
2301,317.852690
2302,367.383619
2303,416.322849
2304,387.537671
2305,486.261385
2306,432.655969
2307,446.716697
2308,440.177406
2309,364.917098
2310,412.711626
2311,393.401793
2312,328.699835
2313,402.222693
2314,378.833913
2315,432.321208
2316,354.563598
2317,286.417038
2318,422.672888
2319,419.211782
2320,360.740420
2321,464.498060
2322,333.233634
2323,409.928163
2324,403.150785
2325,349.373540
2326,381.863843
2327,370.246348
2328,404.714077
2329,359.916846
2330,411.038309
2331,409.561328
2332,339.655946
2333,306.015698
2334,383.433528
2335,397.806574
2336,321.168904
2337,329.566788
2338,403.733735
2339,311.241399
2340,390.615843
2341,367.164406
2342,389.770536
2343,300.604181
2344,395.216189
2345,411.951857
2346,299.846797
2347,355.690547
2348,377.953027
2349,411.581630
2350,380.087157
2351,281.027117
2352,362.522965
2353,423.686154
2354,446.553238
2355,366.361602
2356,427.878132
2357,427.845189
2358,419.375516
2359,403.907072
2360,353.284045
2361,398.990628
2362,410.035564
2363,431.464785
2364,416.036156
2365,376.997546
2366,376.935582
2367,415.763655
2368,446.495578
2369,341.861019
2370,357.831670
2371,459.118910
2372,250.974401
2373,433.156579
2374,394.695941
2375,467.384599
2376,424.606074
2377,411.187102
2378,336.988342
2379,359.577310
2380,423.418097
2381,307.493690
2382,422.263894
2383,313.188046
2384,324.920559
2385,336.417753
2386,418.243774
2387,414.670363
2388,467.369395
2389,421.529519
2390,372.182446
2391,306.481595
2392,375.243892
2393,422.549007
2394,437.750177
2395,421.771561
2396,421.686062
2397,301.568102
2398,422.543815
2399,453.218571
2400,403.436570
2401,429.711698
2402,422.083276
2403,325.746404
2404,304.121954
2405,395.583034
2406,341.684262
2407,436.974525
2408,462.511795
2409,381.167786
2410,343.742935
2411,419.126588
2412,326.483398
2413,302.560921
2414,381.962255
2415,357.007521
2416,430.405044
2417,454.601464
2418,424.057083
2419,437.373292
2420,440.951921
2421,321.125818
2422,436.431885
2423,412.651534
2424,278.394496
2425,431.669490
2426,291.275346
2427,430.245514
2428,323.426952
2429,349.521740
2430,290.097911
2431,420.654489
2432,258.926848
2433,405.943492
2434,338.103110
2435,454.509481
2436,289.904823
2437,397.298207
2438,424.888090
2439,453.307215
2440,415.808284
2441,335.582233
2442,429.036684
2443,404.437519
2444,423.961735
2445,364.947015
2446,336.288228
2447,396.700524
2448,398.861519
2449,460.536350
2450,331.099682
2451,436.396559
2452,447.964720
2453,318.705974
2454,500.017843
2455,419.806429
2456,416.907347
2457,395.824566
2458,414.574100
2459,321.966636
2460,344.185616
2461,419.098123
2462,263.573637
2463,364.133768
2464,417.390922
2465,442.952996
2466,283.699793
2467,273.075857
2468,252.008586
2469,370.466456
2470,302.407018
2471,348.037051
2472,277.085315
2473,435.194441
2474,393.049497
2475,294.783806
2476,395.103944
2477,416.932863
2478,377.774651
2479,410.753548
2480,396.634826
2481,450.598124
2482,448.142738
2483,423.178329
2484,414.627326
2485,422.425047
2486,465.744939
2487,423.048518
2488,417.649385
2489,472.995553
2490,302.852499
2491,382.479123
2492,408.480204
2493,398.168031
2494,441.683241
2495,407.189626
2496,392.263824
2497,385.099439
2498,401.344574
2499,416.362887
2500,471.941115
2501,429.917535
2502,442.148073
2503,386.852260
2504,437.636737
2505,426.368987
2506,473.232879
2507,285.383148
2508,338.023702
2509,302.428597
2510,414.904827
2511,462.604830
2512,454.228887
2513,273.929020
2514,322.257406
2515,463.217758
2516,404.219860
2517,437.025345
2518,435.177570
2519,412.223829
2520,455.878085
2521,463.317782
2522,456.696431
2523,464.748207
2524,447.040686
2525,432.283127
2526,447.176135
2527,447.753699
2528,399.634922
2529,430.502798
2530,427.070465
2531,322.107921
2532,421.961758
2533,443.833026
2534,411.924818
2535,458.807242
2536,426.242767
2537,337.304028
2538,397.883683
2539,421.424180
2540,445.230344
2541,428.793232
2542,365.394776
2543,474.389633
2544,435.243850
2545,398.683652
2546,414.859101
2547,367.745406
2548,312.473019
2549,423.592405
2550,450.603005
2551,425.427577
2552,438.949113
2553,415.571095
2554,414.856878
2555,453.456836
2556,442.086660
2557,325.765051
2558,289.794407
2559,428.260003
2560,402.088725
2561,294.780769
2562,442.437443
2563,455.763947
2564,466.713202
2565,430.450758
2566,434.896467
2567,443.875898
2568,438.248476
2569,385.766391
2570,381.522829
2571,404.812056
2572,416.160023
2573,432.606263
2574,393.906027
2575,410.702639
2576,432.556110
2577,347.957693
2578,453.047205
2579,401.443351
2580,392.264000
2581,402.064009
2582,436.057158
2583,297.605930
2584,277.418863
2585,430.681985
2586,431.876373
2587,437.010953
2588,406.503187
2589,339.197682
2590,417.954488
2591,437.849530
2592,452.317263
2593,312.744363
2594,459.166550
2595,408.834761
2596,456.145018
2597,389.674433
2598,431.002120
2599,439.682661
2600,423.912315
2601,453.164104
2602,378.363346
2603,436.298162
2604,418.739136
2605,273.745388
2606,370.073902
2607,440.809617
2608,370.278898
2609,414.194239
2610,443.505096
2611,382.976013
2612,391.425228
2613,347.012836
2614,505.720872
2615,443.785176
2616,487.785113
2617,422.347724
2618,460.039740
2619,397.415095
2620,423.382046
2621,451.870023
2622,429.769948
2623,312.700693
2624,465.198689
2625,482.494035
2626,440.410975
2627,457.764785
2628,492.136994
2629,475.257298
2630,450.628370
2631,443.535374
2632,413.441254
2633,457.970061
2634,432.933247
2635,435.233689
2636,404.414728
2637,418.278434
2638,453.554298
2639,468.950564
2640,440.492081
2641,471.007427
2642,313.042636
2643,439.783614
2644,445.223968
2645,445.049079
2646,370.978777
2647,417.962401
2648,419.045628
2649,462.613242
2650,413.916795
2651,395.297582
2652,448.817443
2653,434.650172
2654,435.648885
2655,392.218565
2656,307.844842
2657,436.705361
2658,429.578253
2659,418.542332
2660,374.212494
2661,459.455709
2662,422.818885
2663,329.233193
2664,458.397587
2665,425.123374
2666,414.616203
2667,424.642827
2668,464.565915
2669,415.379797
2670,422.744344
2671,405.217469
2672,473.619003
2673,442.879913
2674,430.452617
2675,457.513272
2676,457.222189
2677,433.972218
2678,494.109800
2679,419.525117
2680,393.208988
2681,406.190695
2682,410.431525
2683,427.258267
2684,458.547998
2685,414.696726
2686,432.082008
2687,447.782359
2688,427.266434
2689,435.428883
2690,452.952514
2691,473.902169
2692,439.824997
2693,300.908848
2694,422.950900
2695,452.296623
2696,439.007639
2697,431.857833
2698,446.172251
2699,415.924237
2700,438.042063
2701,435.305973
2702,435.289611
2703,444.786040
2704,463.204950
2705,404.171641
2706,464.355998
2707,395.909392
2708,397.740148
2709,414.115755
2710,436.266506
2711,447.428550
2712,418.278197
2713,413.557353
2714,441.644155
2715,457.305785
2716,457.140716
2717,478.809933
2718,474.174061
2719,463.806480
2720,422.946565
2721,430.485929
2722,453.367416
2723,430.502681
2724,538.733191
2725,426.913478
2726,440.445319
2727,420.648478
2728,428.934221
2729,481.468228
2730,497.851662
2731,508.953764
2732,435.418697
2733,415.545375
2734,428.000424
2735,450.237998
2736,494.091906
2737,448.468214
2738,471.406390
2739,448.438730
2740,447.285267
2741,388.022862
2742,393.307906
2743,424.931942
2744,450.931841
2745,444.699297
2746,426.865621
2747,437.301519
2748,501.322330
2749,425.622865
2750,449.171929
2751,457.799051
2752,522.591985
2753,431.685864
2754,444.436269
2755,432.926161
2756,467.797974
2757,404.702496
2758,456.927373
2759,408.920777
2760,455.992665
2761,435.562626
2762,441.984352
2763,483.018980
2764,421.849359
2765,469.709506
2766,415.285054
2767,388.583097
2768,439.420461
2769,461.337001
2770,411.670844
2771,442.156190
2772,457.887191
2773,425.512575
2774,449.204314
2775,441.331307
2776,428.580163
2777,449.231836
2778,422.550678
2779,444.669229
2780,492.079783
2781,440.084340
2782,440.014368
2783,417.833693
2784,450.280777
2785,488.520206
2786,413.127378
2787,425.409203
2788,468.522905
2789,468.245091
2790,476.832134
2791,440.771619
2792,432.048334
2793,493.414582
2794,393.524850
2795,428.068630
2796,459.069910
2797,425.863116
2798,477.310824
2799,446.644851
2800,451.961395
2801,425.468830
2802,431.459998
2803,452.514158
2804,471.966575
2805,417.075521
2806,426.829956
2807,460.783517
2808,396.586996
2809,445.225980
2810,448.954181
2811,451.704438
2812,422.510898
2813,449.123815
2814,483.225227
2815,458.567293
2816,423.558011
2817,439.434189
2818,464.676756
2819,443.314391
2820,418.627762
2821,399.913336
2822,457.785684
2823,436.376494
2824,520.381634
2825,430.801635
2826,449.804205
2827,427.257056
2828,423.101506
2829,454.396933
2830,433.142579
2831,468.547996
2832,436.864171
2833,447.175322
2834,433.102990
2835,403.771633
2836,432.836885
2837,470.597116
2838,485.655768
2839,498.743340
2840,431.156507
2841,473.058756
2842,488.062043
2843,422.515721
2844,439.139274
2845,686.652381
2846,444.543586
2847,475.697727
2848,467.150829
2849,497.242929
2850,478.740069
2851,487.454253
2852,466.999611
2853,449.172718
2854,406.459571
2855,450.531024
2856,461.574049
2857,402.406302
2858,439.684100
2859,424.290044
2860,453.872169
2861,426.285982
2862,456.009599
2863,455.973235
2864,473.092143
2865,446.759261
2866,428.845614
2867,444.723676
2868,414.974303
2869,447.294294
2870,420.829428
2871,454.546716
2872,460.094863
2873,415.738740
2874,436.275730
2875,487.857303
2876,446.876243
2877,494.178130
2878,485.944703
2879,480.153522
2880,420.383519
2881,506.918888
2882,427.353362
2883,414.815872
2884,461.965530
2885,463.509261
2886,406.414579
2887,369.486605
2888,496.329659
2889,407.502422
2890,519.847605
2891,454.232116
2892,504.069683
2893,485.988604
2894,464.422971
2895,558.694674
2896,476.957926
2897,443.665042
2898,457.262022
2899,454.062460
2900,476.724216
2901,469.419089
2902,458.667447
2903,411.385703
2904,434.714873
2905,438.571953
2906,414.602782
2907,504.377018
2908,511.979548
2909,391.177975
2910,422.034719
2911,420.100295
2912,477.360017
2913,457.187257
2914,424.485956
2915,432.391742
2916,456.297452
2917,399.889846
2918,398.975940
2919,432.998751
2920,541.476373
2921,445.121565
2922,480.889734
2923,479.737533
2924,442.687818
2925,456.214734
2926,441.607157
2927,385.509553
2928,537.801918
2929,428.382128
2930,444.946289
2931,448.181900
2932,427.614282
2933,446.740370
2934,425.448552
2935,443.891835
2936,457.425019
2937,544.192535
2938,441.032042
2939,417.225076
2940,448.857272
2941,451.946245
2942,468.739905
2943,444.403990
2944,443.263304
2945,435.143457
2946,471.374349
2947,421.920117
2948,449.848593
2949,428.689580
2950,463.402959
2951,497.521775
2952,437.997606
2953,480.749894
2954,502.058252
2955,461.891393
2956,483.830570
2957,456.399318
2958,452.940674
2959,496.386061
2960,460.848679
2961,446.854155
2962,462.487350
2963,410.129646
2964,447.726903
2965,419.285762
2966,502.135875
2967,460.030291
2968,488.266412
2969,438.776454
2970,458.097724
2971,427.174560
2972,471.352734
2973,482.702754
2974,417.446956
2975,445.731276
2976,468.260542
2977,459.413833
2978,448.738807
2979,481.937017
2980,425.364629
2981,422.460089
2982,400.036658
2983,448.805902
2984,528.011474
2985,539.186781
2986,477.909192
2987,453.403115
2988,524.983960
2989,435.276577
2990,447.939678
2991,473.535112
2992,408.802806
2993,456.086622
2994,452.936756
2995,469.372434
2996,417.585960
2997,479.715815
2998,492.245724
2999,501.140229
3000,452.852352
3001,436.701666
3002,450.997554
3003,428.637059
3004,527.891283
3005,435.484482
3006,422.241737
3007,431.206282
3008,443.375108
3009,420.687687
3010,526.030087
3011,433.141217
3012,439.933669
3013,466.109927
3014,463.626729
3015,410.343915
3016,450.179039
3017,455.924254
3018,456.220532
3019,452.856658
3020,458.404382
3021,434.461550
3022,385.689686
3023,420.666908
3024,441.679060
3025,478.132179
3026,455.073218
3027,413.387452
3028,435.082296
3029,431.866704
3030,445.209096
3031,436.469031
3032,442.066919
3033,458.274054
3034,455.187999
3035,481.104226
3036,440.522088
3037,458.811016
3038,447.835913
3039,459.840055
3040,473.681529
3041,465.901270
3042,446.879333
3043,440.537666
3044,442.016007
3045,441.613859
3046,451.262419
3047,470.387932
3048,450.395256
3049,414.261070
3050,462.273997
3051,513.427509
3052,456.075562
3053,441.786137
3054,441.869141
3055,428.089366
3056,444.381796
3057,451.605746
3058,468.210432
3059,442.715214
3060,429.584889
3061,456.865192
3062,488.068960
3063,479.118792
3064,430.728455
3065,421.861043
3066,473.062544
3067,455.440706
3068,473.261091
3069,462.803088
3070,436.676150
3071,445.587327
3072,433.499264
3073,484.349185
3074,423.424884
3075,424.556078
3076,464.776114
3077,547.987901
3078,461.588357
3079,493.730607
3080,461.548192
3081,439.506385
3082,571.153775
3083,446.051393
3084,465.411228
3085,436.796339
3086,422.121124
3087,451.388284
3088,313.796495
3089,457.765876
3090,426.155080
3091,438.049493
3092,456.869645
3093,485.580090
3094,454.902417
3095,423.759778
3096,464.232586
3097,425.982088
3098,427.067335
3099,479.863511
3100,483.919006
3101,440.330306
3102,437.630856
3103,442.746648
3104,435.163558
3105,450.974219
3106,426.838498
3107,474.753379
3108,472.052815
3109,451.834301
3110,441.854383
3111,489.143278
3112,476.702163
3113,462.983542
3114,436.583737
3115,515.210450
3116,439.967755
3117,450.656969
3118,452.177086
3119,458.187499
3120,452.395933
3121,437.256780
3122,443.792801
3123,420.613444
3124,453.226601
3125,428.088918
3126,437.086429
3127,455.222406
3128,431.015723
3129,465.304556
3130,453.269493
3131,475.371912
3132,449.310395
3133,459.913651
3134,484.511334
3135,465.023562
3136,457.298778
3137,440.252232
3138,439.259925
3139,514.880549
3140,464.179185
3141,435.848417
3142,442.202779
3143,466.806158
3144,436.033030
3145,497.277216
3146,454.206427
3147,439.427835
3148,415.365276
3149,471.305918
3150,452.011521
3151,438.352842
3152,440.329203
3153,433.188571
3154,440.424852
3155,453.648109
3156,461.941580
3157,433.268184
3158,475.140245
3159,454.760075
3160,469.425024
3161,331.314780
3162,505.868659
3163,426.786763
3164,638.183108
3165,448.811464
3166,513.402349
3167,470.315533
3168,573.561967
3169,538.091244
3170,450.141617
3171,430.855465
3172,424.582513
3173,579.956195
3174,443.987525
3175,444.323603
3176,436.913231
3177,479.206471
3178,427.333624
3179,478.477225
3180,493.614382
3181,438.578601
3182,440.021074
3183,514.431664
3184,408.569328
3185,513.600091
3186,489.879744
3187,460.253131
3188,463.461915
3189,572.634290
3190,407.238300
3191,457.963681
3192,393.778290
3193,439.697388
3194,505.384560
3195,434.363383
3196,441.411543
3197,413.696101
3198,436.782390
3199,520.595902
3200,420.487383
3201,451.252403
3202,456.834989
3203,451.456673
3204,519.900696
3205,642.902869
3206,459.779877
3207,694.191789
3208,614.803715
3209,455.917766
3210,396.841283
3211,459.325523
3212,459.568121
3213,476.643431
3214,458.615035
3215,477.438296
3216,461.535934
3217,513.400822
3218,451.751060
3219,450.806987
3220,465.587155
3221,618.284422
3222,482.564616
3223,457.831069
3224,608.846187
3225,490.351107
3226,418.861918
3227,435.801269
3228,439.741908
3229,441.123202
3230,633.026920
3231,573.567036
3232,445.084815
3233,508.313971
3234,611.434838
3235,447.072883
3236,428.517707
3237,444.127299
3238,450.196422
3239,440.889536
3240,475.015730
3241,443.728117
3242,429.565050
3243,460.859407
3244,521.827058
3245,457.243350
3246,482.051732
3247,637.742001
3248,516.034040
3249,493.807635
3250,461.243159
3251,474.300214
3252,465.503200
3253,454.714296
3254,458.619321
3255,458.797824
3256,522.224884
3257,482.573277
3258,430.845492
3259,374.817420
3260,453.172218
3261,481.444286
3262,450.433570
3263,510.159849
3264,440.470112
3265,424.895015
3266,477.247843
3267,487.920920
3268,487.615728
3269,466.293968
3270,479.857649
3271,436.354712
3272,461.649635
3273,475.801879
3274,482.021733
3275,556.955813
3276,429.155270
3277,434.986584
3278,426.092626
3279,472.244867
3280,434.861680
3281,481.519406
3282,432.670778
3283,504.061457
3284,439.613783
3285,437.158675
3286,418.345388
3287,492.342411
3288,448.482991
3289,696.750492
3290,480.770529
3291,508.531556
3292,446.814106
3293,492.311574
3294,454.652629
3295,590.737448
3296,457.419742
3297,433.236253
3298,445.220451
3299,438.636500
3300,513.751916
3301,444.427160
3302,478.324915
3303,497.661963
3304,432.370998
3305,411.130287
3306,639.322934
3307,475.455955
3308,536.150049
3309,456.647480
3310,456.322041
3311,478.726911
3312,453.130261
3313,472.563291
3314,537.239138
3315,412.338841
3316,530.839102
3317,433.953298
3318,424.899994
3319,432.537429
3320,508.390198
3321,483.600582
3322,521.495675
3323,446.000560
3324,474.824147
3325,454.639439
3326,435.994684
3327,487.087577
3328,487.396168
3329,431.698573
3330,490.348657
3331,794.684835
3332,455.731139
3333,452.910169
3334,433.044292
3335,504.311874
3336,447.336377
3337,426.503808
3338,504.659710
3339,464.686580
3340,466.564736
3341,484.827086
3342,498.140954
3343,406.643308
3344,480.954631
3345,440.180411
3346,444.155056
3347,433.008654
3348,482.616110
3349,447.546065
3350,438.995185
3351,446.582765
3352,465.501173
3353,515.312566
3354,464.206562
3355,514.914792
3356,458.434843
3357,657.955911
3358,492.271738
3359,472.399355
3360,456.780570
3361,463.720754
3362,457.075648
3363,452.177376
3364,517.974148
3365,523.535927
3366,546.048885
3367,484.151316
3368,451.950050
3369,678.453533
3370,474.035688
3371,512.704180
3372,475.457536
3373,717.076927
3374,429.703532
3375,554.341941
3376,484.826157
3377,479.416905
3378,494.359249
3379,509.114915
3380,457.021674
3381,522.694252
3382,667.583633
3383,431.368419
3384,497.122450
3385,500.967090
3386,689.026043
3387,478.492913
3388,505.335522
3389,515.854837
3390,466.531649
3391,701.519655
3392,514.308510
3393,773.037897
3394,462.017059
3395,547.569045
3396,486.190357
3397,496.729464
3398,465.907732
3399,425.339402
3400,493.475562
3401,432.016522
3402,476.353485
3403,650.647135
3404,501.656755
3405,485.268419
3406,535.484950
3407,775.925158
3408,514.083230
3409,475.611580
3410,525.649302
3411,453.869992
3412,713.429400
3413,626.111079
3414,435.809948
3415,443.126658
3416,511.438567
3417,600.642837
3418,460.905420
3419,476.492047
3420,452.740596
3421,511.692557
3422,615.421753
3423,554.997073
3424,509.117984
3425,432.194307
3426,478.333988
3427,526.755367
3428,475.093164
3429,576.928518
3430,517.344017
3431,483.078128
3432,731.384019
3433,481.253894
3434,503.064079
3435,481.820066
3436,443.967886
3437,461.010145
3438,503.187707
3439,498.954869
3440,494.464553
3441,529.457686
3442,670.836605
3443,808.046591
3444,490.608242
3445,653.595608
3446,639.459254
3447,456.901456
3448,496.375074
3449,496.727983
3450,488.109411
3451,480.297943
3452,469.735773
3453,443.659331
3454,740.066190
3455,435.511177
3456,528.347485
3457,513.785367
3458,745.472797
3459,795.333541
3460,450.212066
3461,771.284121
3462,469.010467
3463,546.643902
3464,475.440941
3465,482.400778
3466,423.908591
3467,479.115222
3468,502.363965
3469,478.304152
3470,532.565132
3471,455.798835
3472,478.028455
3473,516.314885
3474,610.778971
3475,808.066716
3476,445.990914
3477,698.460720
3478,517.582799
3479,677.994778
3480,737.688901
3481,475.517881
3482,472.020502
3483,479.348987
3484,449.893260
3485,723.795485
3486,497.847134
3487,418.646281
3488,550.257014
3489,499.961404
3490,529.347705
3491,678.009260
3492,583.093795
3493,498.116766
3494,422.955833
3495,477.974236
3496,522.894941
3497,446.339560
3498,489.775468
3499,772.643978
3500,545.684027
3501,492.670802
3502,449.088776
3503,467.249954
3504,476.227529
3505,475.474727
3506,438.350292
3507,554.277932
3508,601.312972
3509,429.493825
3510,454.936666
3511,465.875750
3512,450.488099
3513,500.941694
3514,736.587538
3515,812.021020
3516,702.062301
3517,796.937743
3518,503.253480
3519,511.115524
3520,421.184445
3521,547.299997
3522,512.291996
3523,485.437270
3524,468.354652
3525,545.980490
3526,768.682467
3527,572.580040
3528,500.951957
3529,564.948345
3530,523.810730
3531,455.964254
3532,507.376771
3533,491.552350
3534,639.919100
3535,478.887666
3536,490.248173
3537,521.571715
3538,500.493823
3539,480.424611
3540,471.710915
3541,599.953797
3542,677.555324
3543,443.601707
3544,524.692541
3545,496.447290
3546,525.373622
3547,460.952940
3548,484.431605
3549,497.910498
3550,456.098786
3551,578.989172
3552,486.256777
3553,434.341443
3554,473.226308
3555,811.855913
3556,470.723301
3557,483.037556
3558,557.222974
3559,769.333940
3560,534.078045
3561,618.089275
3562,468.772447
3563,503.517594
3564,585.622398
3565,467.488207
3566,534.309067
3567,808.528428
3568,724.144796
3569,449.780243
3570,684.206292
3571,726.340352
3572,531.061772
3573,797.182339
3574,504.597150
3575,457.685208
3576,496.836005
3577,614.925508
3578,588.509602
3579,813.609940
3580,566.562598
3581,545.966252
3582,620.237472
3583,688.155774
3584,505.864912
3585,612.548062
3586,729.214357
3587,633.085939
3588,665.374526
3589,523.589283
3590,611.811148
3591,653.016222
3592,520.742969
3593,790.447414
3594,483.704759
3595,533.853094
3596,447.835827
3597,420.564753
3598,517.436074
3599,582.605511
3600,548.843035
3601,457.356824
3602,453.665715
3603,706.881309
3604,590.100970
3605,487.622848
3606,542.653291
3607,737.210892
3608,532.918892
3609,537.334801
3610,575.271940
3611,745.796806
3612,498.740003
3613,518.358118
3614,1134.097356
3615,566.673650
3616,720.851334
3617,494.778833
3618,657.198879
3619,753.635593
3620,680.041157
3621,449.885378
3622,516.028569
3623,816.082647
3624,686.140212
3625,595.380519
3626,474.356443
3627,838.498555
3628,999.412246
3629,548.745416
3630,515.978408
3631,504.322385
3632,608.969979
3633,678.900895
3634,747.612145
3635,486.332359
3636,526.516795
3637,735.538399
3638,675.076424
3639,442.089205
3640,537.734450
3641,587.647712
3642,686.487400
3643,743.939555
3644,777.942103
3645,757.271024
3646,479.671735
3647,799.243031
3648,511.991884
3649,771.785360
3650,782.061048
3651,762.993025
3652,564.578713
3653,669.627936
3654,496.370362
3655,483.092736
3656,484.353690
3657,440.329154
3658,768.885233
3659,530.192658
3660,443.332713
3661,461.972053
3662,576.069711
3663,569.927535
3664,494.894599
3665,611.060217
3666,722.698817
3667,506.768055
3668,880.756072
3669,620.412495
3670,452.799042
3671,484.011851
3672,464.098663
3673,675.399783
3674,515.852579
3675,746.729326
3676,715.994119
3677,749.900904
3678,797.089512
3679,683.729804
3680,710.682614
3681,764.402885
3682,518.379260
3683,470.927251
3684,496.198700
3685,738.091835
3686,521.130250
3687,584.195646
3688,749.770920
3689,715.745553
3690,525.524349
3691,529.033881
3692,696.230870
3693,568.418629
3694,541.670125
3695,489.546553
3696,718.459223
3697,452.760745
3698,473.521660
3699,717.124493
3700,453.522029
3701,500.792793
3702,444.529916
3703,480.362114
3704,699.213233
3705,463.853124
3706,1007.907590
3707,469.184854
3708,637.105889
3709,749.237943
3710,458.583847
3711,504.332451
3712,722.754568
3713,777.945339
3714,475.920225
3715,731.488817
3716,624.816716
3717,733.116551
3718,714.855366
3719,546.265526
3720,530.903584
3721,794.186694
3722,550.546160
3723,986.722500
3724,675.267411
3725,539.968363
3726,631.233125
3727,598.206052
3728,793.365560
3729,792.315055
3730,613.361299
3731,825.374360
3732,669.368794
3733,488.231621
3734,501.871629
3735,649.525660
3736,734.595313
3737,777.570599
3738,614.688538
3739,452.184067
3740,671.323380
3741,480.677455
3742,989.647340
3743,844.892367
3744,674.042203
3745,809.162056
3746,828.698181
3747,919.850118
3748,746.585080
3749,613.506538
3750,795.388969
3751,775.159998
3752,768.046701
3753,972.419371
3754,1507.604585
3755,520.300909
3756,1194.115447
3757,947.807106
3758,699.565914
3759,591.807117
3760,688.823048
3761,990.170841
3762,804.411164
3763,658.293255
3764,989.689821
3765,1195.697599
3766,1083.548665
3767,883.251375
3768,866.273785
3769,561.930404
3770,1653.319932
3771,873.044235
3772,766.143310
3773,1146.816895
3774,1159.258166
3775,677.889925
3776,1240.166259
3777,766.302491
3778,542.167804
3779,456.569139
3780,502.611841
3781,811.507085
3782,862.989687
3783,982.448870
3784,450.556088
3785,876.353987
3786,783.227602
3787,572.591738
3788,521.313271
3789,675.749872
3790,447.505852
3791,796.758204
3792,739.231557
3793,683.211805
3794,544.622221
3795,548.608942
3796,1016.581692
3797,834.933605
3798,979.690466
3799,1031.907352
3800,676.777387
3801,695.247257
3802,664.776592
3803,823.895985
3804,812.236836
3805,526.429332
3806,897.169232
3807,877.659534
3808,826.303366
3809,535.013902
3810,845.174711
3811,1352.026337
3812,482.790469
3813,462.120771
3814,534.024175
3815,522.812893
3816,796.803890
3817,568.474980
3818,825.007528
3819,503.985192
3820,465.584856
3821,526.502890
3822,786.189576
3823,705.835017
3824,860.967049
3825,860.052332
3826,1041.724436
3827,714.206420
3828,753.536894
3829,684.885496
3830,778.654445
3831,947.022046
3832,970.165325
3833,723.143943
3834,682.466168
3835,631.680674
3836,741.495766
3837,677.816156
3838,764.763609
3839,704.904075
3840,1273.573632
3841,755.360522
3842,684.269662
3843,791.741269
3844,564.794343
3845,771.433410
3846,591.263969
3847,870.224882
3848,565.143290
3849,765.168628
3850,515.963534
3851,848.731074
3852,804.471166
3853,721.016479
3854,840.749655
3855,853.527360
3856,870.334744
3857,778.658372
3858,507.655540
3859,741.113733
3860,514.627292
3861,1706.530861
3862,1004.375486
3863,1158.021113
3864,1048.588151
3865,832.081385
3866,826.760541
3867,460.398028
3868,796.145326
3869,572.393811
3870,729.027008
3871,613.773256
3872,1239.274149
3873,664.389582
3874,813.171575
3875,1040.856430
3876,812.341468
3877,1251.553628
3878,648.472662
3879,842.427940
3880,440.124701
3881,793.377052
3882,1041.981599
3883,609.913661
3884,852.945266
3885,736.789487
3886,563.770351
3887,741.022626
3888,570.604853
3889,965.053634
3890,829.248738
3891,854.372860
3892,699.922418
3893,669.388915
3894,968.081546
3895,1159.828431
3896,904.187173
3897,848.445649
3898,796.169935
3899,829.195947
3900,1143.395660
3901,992.448674
3902,704.919571
3903,1229.954785
3904,760.781335
3905,690.805767
3906,669.139804
3907,829.486533
3908,778.268762
3909,2026.820505
3910,1343.021051
3911,1245.781827
3912,1111.616982
3913,1245.822184
3914,820.858474
3915,780.133115
3916,1009.359689
3917,760.184620
3918,1519.016499
3919,908.052757
3920,887.405541
3921,993.339441
3922,815.966120
3923,1050.691545
3924,870.061411
3925,709.612910
3926,858.494125
3927,1371.658495
3928,927.642773
3929,965.594241
3930,1091.510339
3931,1148.835376
3932,886.015964
3933,1037.308844
3934,1016.295919
3935,710.688527
3936,799.457730
3937,1061.880887
3938,727.522758
3939,717.818522
3940,1039.469775
3941,1737.963118
3942,1158.038652
3943,900.447244
3944,710.816153
3945,1808.848673
3946,1004.467587
3947,403.699598
3948,880.058711
3949,967.901465
3950,675.488689
3951,1150.739555
3952,796.426910
3953,1244.097386
3954,820.795297
3955,1095.833972
3956,775.828920
3957,992.452991
3958,924.849701
3959,1060.915836
3960,721.025186
3961,778.743467
3962,786.692173
3963,2077.525897
3964,860.189637
3965,822.699264
3966,694.915777
3967,635.947334
3968,1264.756998
3969,960.020086
3970,1064.349152
3971,797.011675
3972,789.717328
3973,809.941924
3974,643.709315
3975,706.064362
3976,1095.597585
3977,878.984070
3978,805.756787
3979,846.191877
3980,951.863376
3981,875.253507
3982,789.653000
3983,1213.618869
3984,921.289496
3985,812.325225
3986,784.371365
3987,485.728582
3988,836.356891
3989,789.996593
3990,487.342388
3991,710.389936
3992,1275.378223
3993,1280.519064
3994,672.223800
3995,1558.582498
3996,919.737631
3997,663.834886
3998,992.028701
3999,1183.697018
4000,862.586597
4001,756.475898
4002,1024.153498
4003,1300.320220
4004,951.618255
4005,882.674377
4006,931.311558
4007,875.706576
4008,882.798457
4009,756.082188
4010,761.594264
4011,804.882843
4012,1718.915893
4013,824.814731
4014,846.296137
4015,742.788767
4016,846.674154
4017,729.720424
4018,1081.686840
4019,808.354265
4020,996.608204
4021,900.922493
4022,865.116768
4023,1142.008511
4024,1206.849467
4025,991.622732
4026,1322.532147
4027,1032.167401
4028,557.149247
4029,753.773264
4030,760.947096
4031,1542.638446
4032,1037.868234
4033,951.809483
4034,686.750026
4035,1313.465272
4036,884.052226
4037,1160.553810
4038,850.515380
4039,1089.545513
4040,949.246726
4041,950.025636
4042,1158.314805
4043,2168.632882
4044,878.228263
4045,733.656708
4046,1974.804414
4047,1069.053565
4048,899.042797
4049,1040.649668
4050,834.303713
4051,990.273538
4052,673.176688
4053,868.220414
4054,1495.040533
4055,1278.972365
4056,1247.199271
4057,828.817171
4058,786.144048
4059,850.926490
4060,816.668187
4061,953.833051
4062,761.457081
4063,963.762555
4064,1288.305405
4065,686.078445
4066,692.881949
4067,716.321697
4068,724.745336
4069,1276.096906
4070,931.557841
4071,914.260946
4072,915.700055
4073,908.780124
4074,748.099131
4075,868.549126
4076,1148.886655
4077,887.434273
4078,789.601686
4079,1280.146996
4080,875.540356
4081,879.450472
4082,1054.671985
4083,848.524394
4084,876.102586
4085,1362.124422
4086,999.856211
4087,1573.003320
4088,765.470172
4089,925.030613
4090,891.504885
4091,996.752836
4092,877.977916
4093,1272.981983
4094,783.111518
4095,866.384722
4096,773.470058
4097,1554.839004
4098,1303.134756
4099,917.093564
4100,851.184767
4101,1060.799347
4102,791.314028
4103,1528.909983
4104,1435.382359
4105,889.795534
4106,1059.211075
4107,641.996495
4108,774.451895
4109,679.728484
4110,1266.857997
4111,1207.158885
4112,902.094317
4113,1605.522417
4114,1290.596783
4115,859.290803
4116,968.902636
4117,1722.139137
4118,1059.005959
4119,778.989564
4120,720.387674
4121,798.149303
4122,1057.290362
4123,767.402110
4124,908.096868
4125,576.072674
4126,795.859542
4127,996.805097
4128,1292.440713
4129,953.406544
4130,871.794986
4131,839.308576
4132,692.988121
4133,1859.159222
4134,954.570864
4135,957.357307
4136,881.681980
4137,1127.819117
4138,934.831246
4139,650.006731
4140,3165.272248
4141,835.614347
4142,3876.430038
4143,951.451777
4144,585.525635
4145,2622.743665
4146,1353.273777
4147,969.126305
4148,923.321288
4149,888.873347
4150,1557.541982
4151,1270.993442
4152,721.059947
4153,788.682693
4154,713.260197
4155,803.242937
4156,1251.839520
4157,816.239324
4158,1092.800047
4159,2449.974290
4160,1570.150395
4161,1278.620282
4162,933.703172
4163,759.883834
4164,797.015333
4165,743.724482
4166,773.197686
4167,848.192757
4168,1424.348399
4169,784.798237
4170,938.920582
4171,1115.127575
4172,1181.391197
4173,1970.971358
4174,1021.442144
4175,939.432394
4176,1127.170085
4177,2295.626426
4178,987.579833
4179,943.441254
4180,864.904802
4181,957.719671
4182,701.174824
4183,1132.583292
4184,814.654585
4185,1202.543968
4186,1038.478845
4187,1478.420665
4188,758.694389
4189,784.798023
4190,921.553139
4191,896.956837
4192,590.385255
4193,1279.318285
4194,944.931956
4195,923.361810
4196,1791.612545
4197,926.462638
4198,895.190554
4199,1037.978466
4200,1126.145797
4201,828.491538
4202,1544.218835
4203,952.276716
4204,1011.004030
4205,726.257634
4206,1101.636445
4207,1871.294968
4208,763.549489
4209,1968.920560
4210,1342.495329
4211,957.862274
4212,1384.259410
4213,914.316177
4214,1695.681270
4215,1383.243061
4216,1505.241241
4217,928.189830
4218,1411.698002
4219,841.481321
4220,1398.704785
4221,1092.696461
4222,1062.848949
4223,970.974589
4224,1085.871599
4225,797.673310
4226,1078.475309
4227,1317.721708
4228,1148.570082
4229,1092.670445
4230,963.000010
4231,645.403056
4232,1451.137003
4233,1989.260240
4234,834.298610
4235,1069.552236
4236,1466.710128
4237,818.912732
4238,865.040496
4239,939.135023
4240,1134.966403
4241,1642.565605
4242,1014.136741
4243,997.329931
4244,1082.600511
4245,922.946187
4246,999.111086
4247,1133.350206
4248,1449.867205
4249,1257.930473
4250,826.119387
4251,869.639128
4252,1421.814443
4253,926.526375
4254,1227.131244
4255,1662.314253
4256,1355.038105
4257,1053.141637
4258,916.108014
4259,1863.067938
4260,822.104929
4261,1218.927360
4262,2067.801063
4263,915.295501
4264,986.958809
4265,3319.505576
4266,1400.871163
4267,782.608979
4268,2133.038037
4269,1848.760036
4270,877.406808
4271,914.444621
4272,1074.454114
4273,1231.265763
4274,1384.715106
4275,1781.493851
4276,1690.930546
4277,994.878097
4278,3153.658728
4279,1041.900338
4280,944.872946
4281,673.777997
4282,1026.411915
4283,587.089917
4284,859.341967
4285,1159.090120
4286,965.995340
4287,758.945683
4288,942.317881
4289,945.982812
4290,933.870216
4291,1195.923593
4292,965.115372
4293,1505.614602
4294,900.792714
4295,860.002038
4296,2024.322548
4297,1032.785092
4298,1154.273144
4299,1589.914191
4300,828.952639
4301,1291.155975
4302,3241.987243
4303,979.609130
4304,1945.401939
4305,1068.137992
4306,1311.758636
4307,1412.588087
4308,811.365843
4309,1313.404995
4310,1008.454198
4311,1036.157544
4312,836.439070
4313,2647.883463
4314,1008.160408
4315,1423.140564
4316,2502.252036
4317,855.077330
4318,940.181940
4319,1042.503062
4320,1674.029296
4321,3933.073841
4322,1288.965290
4323,869.934704
4324,717.256351
4325,820.464999
4326,1878.026400
4327,958.844454
4328,1290.914704
4329,881.221158
4330,737.378137
4331,1004.305418
4332,1124.894671
4333,805.880385
4334,894.178760
4335,820.712044
4336,893.347105
4337,790.268359
4338,1606.266020
4339,955.264633
4340,977.484356
4341,1151.734111
4342,768.128688
4343,1021.932587
4344,1241.394314
4345,1047.570907
4346,1176.910594
4347,2095.298493
4348,2166.589320
4349,3392.534019
4350,825.691018
4351,757.713583
4352,1826.002935
4353,1070.607700
4354,2516.812382
4355,913.254002
4356,1759.346749
4357,808.756857
4358,834.116131
4359,888.901763
4360,1895.363117
4361,1181.849641
4362,1014.080114
4363,912.239876
4364,927.997350
4365,924.776216
4366,927.444903
4367,953.819549
4368,858.824099
4369,1065.612526
4370,2753.374044
4371,1107.150589
4372,1594.418510
4373,973.398709
4374,954.146727
4375,1057.668071
4376,1283.773534
4377,2336.690529
4378,1101.672924
4379,1011.144043
4380,1117.981339
4381,1168.068667
4382,1231.008199
4383,1146.709075
4384,916.440542
4385,1233.981531
4386,816.868793
4387,994.615123
4388,1814.837346
4389,761.757826
4390,1791.418549
4391,1057.129055
4392,1360.739869
4393,1516.847876
4394,2872.841612
4395,1776.872118
4396,961.929114
4397,954.241785
4398,2907.995439
4399,2016.633008
4400,4285.656882
4401,2308.705293
4402,3728.210852
4403,2866.418093
4404,2296.054431
4405,1118.885231
4406,5192.460741
4407,1143.407369
4408,1027.546433
4409,1122.325197
4410,2293.983592
4411,1632.943788
4412,2814.543043
4413,2173.715800
4414,1037.600419
4415,1053.413618
4416,2641.802507
4417,4543.900911
4418,1658.180396
4419,915.288926
4420,1256.145354
4421,1485.410865
4422,1956.445575
4423,1022.634658
4424,1028.995476
4425,936.497096
4426,1034.843976
4427,869.391232
4428,1472.116739
4429,961.033583
4430,1339.789501
4431,1171.060297
4432,1483.887336
4433,1402.995005
4434,993.214004
4435,3328.258056
4436,3155.225288
4437,1293.488989
4438,1211.689483
4439,1082.135127
4440,803.660264
4441,1016.526500
4442,758.543701
4443,788.809187
4444,3661.525310
4445,1194.426235
4446,1079.756540
4447,2264.691309
4448,2566.413827
4449,1973.064673
4450,914.868329
4451,774.985892
4452,2103.246860
4453,769.264489
4454,1706.374233
4455,782.827832
4456,876.178840
4457,1660.748750
4458,1202.806669
4459,953.326340
4460,1099.153416
4461,1306.382773
4462,1345.172559
4463,1133.646433
4464,1149.943838
4465,3068.853773
4466,1079.141199
4467,3213.300107
4468,3972.693571
4469,1143.828302
4470,1179.668870
4471,938.417992
4472,1220.102703
4473,1683.327650
4474,2166.922693
4475,1875.674269
4476,1198.734036
4477,7844.287437
4478,2531.928498
4479,1000.496304
4480,2504.039188
4481,2896.511745
4482,987.055668
4483,1656.587180
4484,1014.807478
4485,10892.798805
4486,1140.391580
4487,974.382034
4488,1417.817088
4489,5924.893857
4490,968.223920
4491,1011.378367
4492,765.319433
4493,1666.814987
4494,1029.519945
4495,1983.295361
4496,1143.964517
4497,1418.251898
4498,1350.601479
4499,6236.992776
4500,1388.822447
4501,2839.336603
4502,1027.987226
4503,3689.729603
4504,1428.990537
4505,1053.026552
4506,2355.204681
4507,791.617573
4508,1570.155711
4509,1495.731829
4510,6494.796470
4511,1218.357054
4512,1050.947848
4513,1647.258023
4514,2285.451845
4515,14950.854331
4516,1258.377005
4517,1060.181014
4518,1038.430747
4519,1452.419194
4520,1464.978985
4521,1857.727394
4522,1187.312592
4523,1201.810747
4524,1638.339906
4525,2147.679631
4526,1050.289112
4527,1027.068511
4528,824.047494
4529,2244.537399
4530,1081.191979
4531,996.604715
4532,1549.627478
4533,982.504229
4534,978.677792
4535,1755.029543
4536,6848.203993
4537,2342.962894
4538,1328.030117
4539,1813.598389
4540,824.285327
4541,1910.318714
4542,1181.821284
4543,2499.896480
4544,794.545633
4545,1881.982625
4546,2333.989559
4547,2006.749926
4548,1036.689397
4549,785.559695
4550,4388.656366
4551,1944.488366
4552,1553.279409
4553,1055.960306
4554,1141.287571
4555,1487.176378
4556,1161.740789
4557,3399.019308
4558,1418.059877
4559,1059.220986
4560,1553.080090
4561,1450.544539
4562,988.923850
4563,2062.573598
4564,941.706699
4565,800.555964
4566,1038.660455
4567,2141.263350
4568,1090.792804
4569,2197.401560
4570,1941.750849
4571,7013.207989
4572,2558.708314
4573,1090.074803
4574,2030.701545
4575,1150.451500
4576,2395.855997
4577,1963.754742
4578,2115.068446
4579,823.532013
4580,1990.444283
4581,13629.864647
4582,1024.739074
4583,1055.207757
4584,1271.315809
4585,1273.778062
4586,1862.448349
4587,1924.942799
4588,1425.336830
4589,6291.692118
4590,1130.971198
4591,1144.225133
4592,852.340101
4593,1313.458448
4594,1097.921744
4595,806.907127
4596,835.865788
4597,1139.384035
4598,1595.187984
4599,1534.553703
4600,1158.570090
4601,1296.365627
4602,12894.940687
4603,3454.689227
4604,1132.354686
4605,2358.796678
4606,888.038163
4607,2593.569799
4608,5547.306677
4609,3110.820386
4610,934.435840
4611,1436.037977
4612,1964.182687
4613,2114.826110
4614,1842.073344
4615,713.515656
4616,1092.492403
4617,1165.131727
4618,1604.390171
4619,841.435602
4620,1900.126954
4621,925.548018
4622,1091.384693
4623,1893.872302
4624,1171.365011
4625,1134.476310
4626,1076.857281
4627,1592.077699
4628,5840.839444
4629,1212.359762
4630,1092.819310
4631,1002.454909
4632,2836.270837
4633,13571.047035
4634,2385.899398
4635,953.066952
4636,911.091087
4637,1015.841659
4638,1307.779899
4639,2297.193653
4640,905.523692
4641,1008.976633
4642,795.847789
4643,1132.707614
4644,859.874672
4645,3132.041310
4646,1904.082052
4647,1321.851981
4648,901.528771
4649,3676.399307
4650,3060.810033
4651,1181.617509
4652,1155.186640
4653,21220.625535
4654,718.964533
4655,21846.808385
4656,1016.933486
4657,956.858875
4658,1514.663021
4659,901.376822
4660,1155.749951
4661,2900.212729
4662,2594.422818
4663,2060.557468
4664,1332.817171
4665,7102.191270
4666,1057.447865
4667,1114.127353
4668,5391.069706
4669,1332.529366
4670,1178.893371
4671,1580.682224
4672,760.530077
4673,3770.711625
4674,947.190551
4675,3182.216720
4676,1150.065997
4677,2587.940674
4678,1892.124497
4679,1386.143571
4680,956.615270
4681,1169.149313
4682,1222.311498
4683,1744.988897
4684,1493.718496
4685,1072.702717
4686,813.040771
4687,45938.298173
4688,1307.291629
4689,1589.855840
4690,874.700337
4691,949.183320
4692,1204.756997
4693,5951.073214
4694,2783.089110
4695,1821.353596
4696,989.493612
4697,1482.569937
4698,1216.479928
4699,960.498361
4700,795.583606
4701,1196.954012
4702,1231.069165
4703,1084.246932
4704,1539.400451
4705,1169.366389
4706,893.731153
4707,1155.539293
4708,2671.032000
4709,1254.212039
4710,814.878792
4711,1112.342253
4712,10203.103986
4713,1681.815042
4714,2071.051187
4715,1310.446724
4716,1077.073063
4717,14643.144728
4718,2822.115800
4719,1281.180684
4720,2475.641595
4721,1379.490447
4722,1249.335939
4723,885.575783
4724,2884.365705
4725,945.561988
4726,3570.373215
4727,1075.523274
4728,1842.091462
4729,1716.653413
4730,1551.271154
4731,5449.641380
4732,1032.884108
4733,9751.953184
4734,2514.175185
4735,1135.065747
4736,1163.975981
4737,825.444509
4738,1168.839212
4739,995.194038
4740,2213.473929
4741,984.328048
4742,1302.480925
4743,1147.081410
4744,1066.201818
4745,4868.222607
4746,1934.637313
4747,833.464016
4748,1858.212401
4749,7541.198284
4750,963.040236
4751,1199.135176
4752,4201.483688
4753,5745.897075
4754,1277.342370
4755,1130.450423
4756,1296.626346
4757,2544.746712
4758,5532.860070
4759,1076.885647
4760,811.692841
4761,1249.015884
4762,7076.403163
4763,1082.386942
4764,793.506390
4765,1067.308424
4766,947.413170
4767,913.332989
4768,1297.764517
4769,1154.362965
4770,18574.540492
4771,2275.501835
4772,6724.504720
4773,11814.216093
4774,1851.316607
4775,1217.119373
4776,1194.037959
4777,1537.505717
4778,1558.195572
4779,1811.263029
4780,1736.163528
4781,2819.290451
4782,3479.020293
4783,1556.262217
4784,1305.500360
4785,1030.642829
4786,1552.759227
4787,3550.442027
4788,1699.220955
4789,7983.818182
4790,2143.468831
4791,5025.709583
4792,1262.745189
4793,15637.074858
4794,1550.791490
4795,1541.245832
4796,2264.249186
4797,1667.470661
4798,1626.792655
4799,1357.692318
4800,2091.626816
4801,1114.054385
4802,27496.858138
4803,1657.895230
4804,903.893734
4805,1469.635405
4806,6895.577392
4807,1779.432819
4808,1088.136623
4809,1113.464577
4810,1200.167092
4811,1326.523621
4812,4619.980582
4813,1127.308602
4814,1170.773605
4815,1217.269031
4816,1088.004729
4817,3121.987981
4818,2646.468067
4819,59320.481705
4820,2782.879822
4821,1086.887677
4822,1182.932518
4823,2112.694657
4824,1151.253853
4825,1204.236950
4826,6230.375350
4827,2990.810571
4828,1334.083231
4829,54117.256277
4830,2026.427325
4831,1060.806436
4832,1243.931530
4833,1741.643135
4834,2025.196114
4835,1298.795250
4836,1972.082572
4837,1637.380264
4838,2508.994677
4839,10782.548821
4840,1082.860933
4841,72554.339298
4842,4952.073939
4843,1752.795707
4844,1202.168194
4845,1196.556059
4846,1734.528582
4847,1301.605292
4848,5526.163290
4849,951.655417
4850,2650.131648
4851,878.450411
4852,3981.826961
4853,907.510900
4854,1920.135097
4855,1269.664218
4856,1155.203526
4857,1010.626882
4858,1691.691452
4859,1185.966955
4860,2693.990466
4861,1215.508586
4862,1568.794472
4863,1478.469206
4864,1146.091303
4865,1405.010148
4866,1277.390076
4867,894.690477
4868,883.124071
4869,920.854492
4870,4178.272391
4871,914.363193
4872,1366.950682
4873,13081.133243
4874,1156.251475
4875,1457.865924
4876,1265.441088
4877,2016.907538
4878,563.116629
4879,1350.133580
4880,2540.532411
4881,1420.496539
4882,1663.977160
4883,823.108039
4884,1139.634814
4885,1535.019621
4886,1546.350391
4887,1213.266540
4888,1087.515343
4889,1460.215915
4890,2597.640779
4891,702.809933
4892,807.121100
4893,1215.027139
4894,1420.421657
4895,1440.312338
4896,1718.064236
4897,2680.135332
4898,945.093523
4899,1079.522601
4900,1980.152558
4901,831.388161
4902,2331.712399
4903,1270.832548
4904,83681.670090
4905,2219.454116
4906,1641.538150
4907,1989.909382
4908,1970.155667
4909,2770.818700
4910,1897.586563
4911,1186.331845
4912,972.836975
4913,1176.697781
4914,836.861407
4915,1061.780440
4916,2559.662428
4917,1292.095852
4918,983.997115
4919,989.159973
4920,1212.104576
4921,2429.880542
4922,24993.444922
4923,1207.071718
4924,1512.395016
4925,866.198918
4926,1737.572967
4927,4358.868409
4928,931.326895
4929,798.252890
4930,1104.972367
4931,1474.916038
4932,1453.124044
4933,781.083540
4934,1545.023943
4935,3639.905671
4936,1131.467152
4937,864.130363
4938,1126.188355
4939,1614.183791
4940,3741.710739
4941,1252.700514
4942,2032.443653
4943,3713.568188
4944,769.329405
4945,889.034443
4946,787.537381
4947,1616.611505
4948,1155.571000
4949,1496.510023
4950,798.674461
4951,12386.504753
4952,3557.616135
4953,1080.450763
4954,784.048047
4955,1110.582921
4956,1721.582389
4957,17813.784422
4958,2581.916615
4959,867.377346
4960,3055.375344
4961,705.634498
4962,1030.720160
4963,2417.728859
4964,1174.177498
4965,878.894069
4966,819.433893
4967,2522.413724
4968,707.371977
4969,3422.543281
4970,1672.398798
4971,1896.505176
4972,988.824398
4973,951.060390
4974,1273.727145
4975,1340.745111
4976,2461.443513
4977,2946.492475
4978,1024.088177
4979,1028.021418
4980,917.857228
4981,821.737657
4982,1244.185364
4983,3574.534913
4984,792.666691
4985,2253.659537
4986,772.738591
4987,1732.673506
4988,940.424367
4989,1166.191914
4990,1062.961197
4991,1088.116530
4992,1103.293842
4993,1182.552845
4994,1141.657909
4995,2238.127379
4996,2041.498424
4997,3918.229695
4998,1062.002972
4999,188289.365306
5000,1337.623346
5001,1475.705306
5002,1653.849047
5003,1162.092808
5004,1342.101371
5005,2676.284479
5006,1119.234487
5007,1318.172416
5008,957.565435
5009,3273.576655
5010,3463.007326
5011,1637.753867
5012,1114.700131
5013,1389.769405
5014,1408.775050
5015,1414.710465
5016,1140.754253
5017,1113.832260
5018,1143.975612
5019,3225.221503
5020,1018.837416
5021,1427.443342
5022,1497.296352
5023,1324.440577
5024,802.258530
5025,911.874264
5026,1075.609601
5027,867.324641
5028,1198.876757
5029,3111.517625
5030,724.682853
5031,883.613644
5032,1021.470036
5033,1100.415716
5034,845.044487
5035,1113.796063
5036,904.053458
5037,2286.719249
5038,1107.010793
5039,1058.320676
5040,1508.836990
5041,1690.632682
5042,1245.312244
5043,1490.918640
5044,868.159971
5045,1666.488723
5046,902.714917
5047,966.027258
5048,784.713861
5049,3725.404255
5050,1477.441180
5051,2046.357060
5052,925.226205
5053,2054.021752
5054,1268.775588
5055,949.841536
5056,1462.007945
5057,1199.178711
5058,825.822816
5059,1058.209442
5060,870.089040
5061,1271.173146
5062,819.279590
5063,1242.756416
5064,1162.768579
5065,1203.030867
5066,1367.176623
5067,1000.143662
5068,864.785458
5069,1138.856440
5070,794.183437
5071,1182.050850
5072,1005.053754
5073,1167.197480
5074,1589.542353
5075,1357.381091
5076,1044.313426
5077,1323.907841
5078,1941.710612
5079,890.065224
5080,1119.173414
5081,1264.491553
5082,1457.460726
5083,1251.899325
5084,1970.229861
5085,1461.130740
5086,1729.871138
5087,1202.838252
5088,1531.089667
5089,1251.244014
5090,1338.681154
5091,1467.955307
5092,986.293837
5093,1284.785056
5094,1287.344003
5095,1403.515524
5096,1377.243104
5097,969.136670
5098,1174.501744
5099,3160.954403
5100,933.970651
5101,1233.331500
5102,3461.502039
5103,962.347287
5104,1016.712178
5105,1523.584573
5106,709.234948
5107,1662.060249
5108,1132.267664
5109,1336.273754
5110,1158.583243
5111,1053.862146
5112,1617.206519
5113,1177.021899
5114,1508.027226
5115,8233.307123
5116,1548.936825
5117,957.502699
5118,1163.604010
5119,1025.097745
5120,853.171186
5121,1088.012413
5122,918.275918
5123,2883.632469
5124,1036.417581
5125,1149.115083
5126,2577.803988
5127,897.728613
5128,1815.343718
5129,1614.847939
5130,6577.334975
5131,1368.511712
5132,1083.475552
5133,851.547220
5134,1024.043647
5135,5212.720759
5136,1440.391387
5137,2209.787517
5138,1319.867568
5139,2400.502634
5140,1248.233381
5141,1830.603216
5142,992.606855
5143,1081.267641
5144,1353.133717
5145,1434.662182
5146,862.260738
5147,1314.983739
5148,1109.730593
5149,1794.755911
5150,6557.004288
5151,1199.072940
5152,1964.086534
5153,2977.376596
5154,2439.968687
5155,1744.990551
5156,1101.452471
5157,1086.759313
5158,1212.602273
5159,2130.845132
5160,1089.603201
5161,1297.212726
5162,1547.313015
5163,1653.168201
5164,1355.216895
5165,1877.285784
5166,1174.232039
5167,866.169107
5168,2665.260763
5169,2665.919781
5170,2872.104683
5171,1967.499151
5172,1842.972944
5173,3055.819912
5174,6809.140541
5175,2589.005293
5176,2225.274767
5177,3491.004246
5178,1250.002750
5179,2956.530020
5180,1828.252451
5181,827.705051
5182,5821.443878
5183,2435.155906
5184,943.111033
5185,1989.916983
5186,3003.808202
5187,2036.179308
5188,1582.217991
5189,1602.809173
5190,2455.514215
5191,998.149208
5192,1543.498049
5193,5235.581740
5194,1926.888831
5195,6210.293612
5196,1356.729353
5197,1455.257314
5198,2116.805255
5199,1176.643930
5200,1481.627109
5201,4450.854149
5202,1695.351488
5203,1590.102039
5204,1152.077484
5205,1231.750914
5206,1125.620204
5207,1498.246567
5208,6297.611410
5209,1588.153428
5210,2833.228140
5211,4594.739114
5212,1221.917788
5213,1867.328438
5214,1308.961484
5215,4073.423351
5216,1460.546777
5217,2822.489106
5218,1263.949361
5219,1754.790378
5220,1135.067787
5221,2661.282892
5222,1388.167141
5223,2742.780690
5224,1242.831378
5225,4109.453584
5226,899.149892
5227,1221.167889
5228,3715.176984
5229,1474.413707
5230,2186.118722
5231,2265.782684
5232,6994.282958
5233,1398.354433
5234,3625.930530
5235,1319.199567
5236,5361.589830
5237,1646.752039
5238,2006.833832
5239,1990.255896
5240,1874.144851
5241,1237.462202
5242,1881.350045
5243,1802.513736
5244,894.757965
5245,2610.419486
5246,2187.504109
5247,1786.477614
5248,3451.123038
5249,1393.159092
5250,1134.544550
5251,6327.355986
5252,2497.363596
5253,5495.223953
5254,2453.755018
5255,4282.591687
5256,1864.644368
5257,2174.652311
5258,1116.421547
5259,783.976658
5260,9662.654196
5261,3080.550723
5262,1313.783806
5263,2499.706212
5264,16234.301102
5265,1785.797690
5266,2106.220323
5267,2700.867296
5268,1351.054737
5269,2647.667431
5270,2398.953287
5271,1243.326319
5272,4612.966626
5273,1155.881633
5274,1293.988283
5275,823.195475
5276,1820.947036
5277,1222.305292
5278,1179.139678
5279,1267.125753
5280,2476.656108
5281,3631.818779
5282,1534.898943
5283,3486.630893
5284,912.650629
5285,1435.018828
5286,2592.142927
5287,1055.571857
5288,10088.892140
5289,1085.892618
5290,3074.116007
5291,1657.204091
5292,1434.799797
5293,1169.122347
5294,1157.402345
5295,1453.276943
5296,8466.173782
5297,1209.872956
5298,1770.497176
5299,18220.295258
5300,1786.838093
5301,14425.013840
5302,1850.138226
5303,1301.154982
5304,2175.378896
5305,10723.039220
5306,2871.885055
5307,1636.793739
5308,6758.734988
5309,3554.187018
5310,1371.354375
5311,13357.534998
5312,1214.511760
5313,1073.283006
5314,8171.461207
5315,13258.861481
5316,1807.953272
5317,2035.387803
5318,1259.145203
5319,1935.086671
5320,1269.759604
5321,8927.406953
5322,887.231092
5323,1705.625994
5324,1755.116676
5325,1647.665402
5326,15253.151993
5327,5031.927942
5328,1870.226967
5329,1215.101432
5330,14403.153568
5331,2172.803663
5332,2801.973059
5333,7125.894171
5334,1187.384948
5335,1330.601802
5336,1358.289223
5337,1016.217301
5338,2383.985259
5339,3595.556072
5340,1083.610801
5341,1391.174986
5342,2480.986635
5343,6144.167133
5344,6876.101594
5345,1254.848356
5346,3802.708518
5347,2358.633539
5348,7533.807122
5349,2187.484529
5350,3930.044721
5351,12865.530666
5352,19257.180877
5353,5313.930636
5354,12263.685498
5355,27253.717632
5356,2028.382301
5357,2211.685949
5358,13730.128008
5359,6361.630119
5360,5140.685620
5361,1803.698908
5362,1163.027635
5363,3078.730429
5364,890.138299
5365,2295.264352
5366,1310.256938
5367,1254.197196
5368,3542.120109
5369,5873.615117
5370,7714.156382
5371,23162.311580
5372,3276.228676
5373,2826.868847
5374,1065.465305
5375,1927.433203
5376,3257.486975
5377,1360.847069
5378,5747.009893
5379,39179.908829
5380,703.365203
5381,6720.060948
5382,983.022046
5383,4953.503805
5384,3477.666008
5385,5572.196279
5386,1226.187561
5387,1448.591805
5388,19237.797569
5389,36596.980125
5390,4495.987168
5391,15161.449399
5392,5404.056966
5393,2138.366415
5394,1459.811207
5395,1369.270647
5396,1492.472982
5397,1402.557749
5398,2915.818117
5399,1827.272753
5400,1763.170368
5401,9849.698268
5402,1411.824008
5403,14202.744665
5404,1344.822623
5405,1494.558536
5406,34935.656966
5407,1915.654450
5408,11718.822163
5409,1599.450786
5410,34804.481253
5411,3902.611393
5412,3583.503112
5413,3638.483998
5414,2806.543711
5415,1572.398393
5416,5719.943270
5417,1640.460447
5418,2299.766412
5419,21951.825058
5420,1529.467236
5421,4203.845634
5422,5992.424938
5423,2277.485156
5424,2301.200001
5425,18703.989306
5426,1052.447735
5427,4076.942400
5428,2446.618172
5429,2307.418747
5430,2337.579042
5431,1788.770239
5432,4975.627786
5433,776.565198
5434,16539.437958
5435,1080.018403
5436,4447.554817
5437,2477.883275
5438,1488.845609
5439,949.033646
5440,1417.486359
5441,1073.729667
5442,4419.338268
5443,1189.737094
5444,2660.614360
5445,4970.270240
5446,1043.731404
5447,11956.867937
5448,3130.077514
5449,4817.009114
5450,1330.400604
5451,36244.854433
5452,3768.387895
5453,5139.591725
5454,13359.981809
5455,2425.583540
5456,1213.189348
5457,4281.272026
5458,4764.047727
5459,1615.071989
5460,13398.228652
5461,1068.377340
5462,2408.066348
5463,1769.147133
5464,1759.990142
5465,1924.871853
5466,2746.660384
5467,14039.572283
5468,2118.132517
5469,4628.544706
5470,5802.802194
5471,3069.591392
5472,1218.971953
5473,50048.442277
5474,2846.344250
5475,1717.405927
5476,2639.863979
5477,2332.751845
5478,2093.624799
5479,2502.792000
5480,1808.750312
5481,9217.051473
5482,1258.002003
5483,5476.458250
5484,1218.403364
5485,3752.096332
5486,2773.762036
5487,1395.179594
5488,1089.571459
5489,1576.825477
5490,5931.008215
5491,5135.007018
5492,1482.553517
5493,8327.908575
5494,7309.607828
5495,3752.278739
5496,2552.100849
5497,1905.795706
5498,10036.326493
5499,1767.764885
5500,1636.986184
5501,3923.908557
5502,1875.916592
5503,1428.296582
5504,1936.794739
5505,1304.675489
5506,1708.579310
5507,2095.474538
5508,2427.388508
5509,2361.030930
5510,56759.033467
5511,25100.760257
5512,3745.528972
5513,2409.054388
5514,3901.515705
5515,2350.533124
5516,13388.783551
5517,1363.208949
5518,21627.283273
5519,2460.086605
5520,2798.408785
5521,37017.068623
5522,1436.901051
5523,4446.613232
5524,6396.907199
5525,1633.339636
5526,2571.746917
5527,10218.643225
5528,1203.099154
5529,7720.412892
5530,1447.389122
5531,2559.014043
5532,7566.260710
5533,5381.276242
5534,2499.025513
5535,1823.898239
5536,1784.165358
5537,6653.628468
5538,2139.537588
5539,18524.165506
5540,1462.752031
5541,2228.315942
5542,34599.885978
5543,6353.372022
5544,6011.019649
5545,1223.486093
5546,3081.734126
5547,2848.949852
5548,1425.059175
5549,1198.010091
5550,2253.592603
5551,3458.757294
5552,2906.217821
5553,1269.144982
5554,1809.103339
5555,1250.539630
5556,1784.447272
5557,29344.019246
5558,6002.785757
5559,1560.737295
5560,1807.104673
5561,2643.936355
5562,1632.595187
5563,2056.859298
5564,14052.192717
5565,4906.931514
5566,1563.759424
5567,1092.604862
5568,1790.639323
5569,1656.120198
5570,4240.803967
5571,1807.592640
5572,1567.675634
5573,1913.916363
5574,1866.497345
5575,1351.563730
5576,1585.139021
5577,1326.479577
5578,1610.981359
5579,2256.570794
5580,1585.438673
5581,4678.849537
5582,1938.803902
5583,7831.948703
5584,1466.258537
5585,2886.206832
5586,9054.386309
5587,2359.640487
5588,2843.797945
5589,1795.082577
5590,935.209176
5591,1565.525908
5592,10904.014486
5593,1228.691953
5594,6248.278089
5595,8283.567420
5596,1685.517681
5597,2761.457179
5598,2072.200699
5599,14395.715613
5600,922.921846
5601,4302.514388
5602,1157.741235
5603,2565.655324
5604,2506.445574
5605,887.507427
5606,27970.655322
5607,1622.768971
5608,2359.154721
5609,1437.276399
5610,9652.559583
5611,1350.357741
5612,1278.002733
5613,2443.864352
5614,920.612600
5615,1613.402375
5616,1608.472651
5617,1799.741748
5618,4093.358066
5619,1179.439169
5620,44111.680127
5621,1716.925492
5622,1396.923028
5623,1185.079119
5624,1211.345885
5625,938.408447
5626,4740.199021
5627,7358.095408
5628,1059.165343
5629,1648.571272
5630,1940.368893
5631,3386.176941
5632,1891.443991
5633,1990.334898
5634,12576.203241
5635,1625.582579
5636,2274.508215
5637,902.813521
5638,6466.475179
5639,2106.552908
5640,2953.728050
5641,17841.224655
5642,1647.386081
5643,9019.642666
5644,1712.358703
5645,1183.587360
5646,1691.460000
5647,2103.936386
5648,1322.878505
5649,2127.760559
5650,5147.947938
5651,1231.711841
5652,3085.818720
5653,3140.838661
5654,75344.067730
5655,1803.067183
5656,1256.173959
5657,2384.152557
5658,3734.308077
5659,12470.440690
5660,3259.717841
5661,4336.890035
5662,3273.540769
5663,1958.883431
5664,2555.726023
5665,1754.262176
5666,1185.295681
5667,1583.123386
5668,1987.050435
5669,3552.931164
5670,1286.155556
5671,2532.915593
5672,1722.097185
5673,9758.215008
5674,3722.828045
5675,4119.766841
5676,2446.621291
5677,6007.120191
5678,1579.388303
5679,1512.221931
5680,1912.030221
5681,2631.080800
5682,1665.486526
5683,1607.551789
5684,2310.085619
5685,80136.823039
5686,3206.990705
5687,2797.314308
5688,1607.391910
5689,2345.007431
5690,1560.056870
5691,1545.030726
5692,1389.378183
5693,12206.948290
5694,1925.591369
5695,1254.995979
5696,1987.620812
5697,7863.573106
5698,31916.808855
5699,1663.211602
5700,2555.070816
5701,1181.010599
5702,1203.425545
5703,4501.071000
5704,2547.224378
5705,2086.510785
5706,1228.352661
5707,3473.658231
5708,2657.739897
5709,2448.597523
5710,2757.062107
5711,1920.763575
5712,2101.892729
5713,1478.776246
5714,5148.406025
5715,1851.906391
5716,1917.866938
5717,4217.862095
5718,2584.112207
5719,2121.431397
5720,1209.968040
5721,2892.990718
5722,3943.078191
5723,5084.219275
5724,3124.212366
5725,2887.208428
5726,943.114999
5727,10121.856812
5728,2601.521575
5729,8713.155316
5730,20296.722166
5731,1513.358072
5732,11926.017983
5733,7979.328538
5734,1222.285721
5735,4100.061540
5736,1537.620026
5737,2425.505976
5738,12978.378145
5739,1886.998430
5740,15124.961132
5741,1930.926881
5742,1296.248843
5743,1986.449900
5744,1350.985304
5745,1784.962266
5746,1057.451537
5747,3178.199148
5748,3220.088573
5749,1096.641108
5750,1446.077286
5751,1530.866424
5752,2132.844885
5753,1168.189597
5754,2894.113619
5755,2846.620571
5756,1775.892770
5757,1077.204412
5758,1243.221761
5759,1554.884716
5760,1899.913616
5761,1174.916994
5762,4555.435805
5763,2419.989856
5764,1289.878341
5765,8371.443478
5766,1256.231727
5767,1247.051841
5768,4277.643230
5769,2502.439587
5770,1784.189682
5771,25359.736818
5772,1645.161710
5773,1089.265090
5774,2561.301205
5775,1936.163753
5776,3032.508429
5777,2385.915300
5778,2868.443475
5779,1913.441624
5780,1488.888735
5781,1606.037282
5782,4718.698169
5783,1193.040531
5784,3287.678229
5785,2960.020517
5786,2215.270106
5787,4103.138603
5788,1816.872510
5789,1364.231374
5790,36422.719617
5791,1925.977527
5792,1933.924882
5793,9920.024636
5794,1925.411025
5795,1975.229741
5796,1345.797073
5797,2380.232107
5798,1791.916665
5799,10228.752473
5800,4997.229843
5801,1505.538713
5802,1478.717995
5803,2984.523254
5804,1635.682648
5805,1527.192716
5806,4200.693747
5807,2567.997462
5808,3075.209020
5809,3509.179870
5810,1209.933020
5811,1746.494044
5812,13536.147496
5813,1468.204734
5814,1752.716179
5815,10970.503205
5816,1687.373769
5817,3212.424718
5818,2992.810470
5819,1793.407679
5820,4404.173771
5821,2555.226187
5822,3288.925600
5823,3062.764195
5824,4333.010753
5825,1964.760269
5826,1793.863162
5827,65913.235750
5828,1193.615123
5829,3337.204645
5830,2226.507727
5831,1260.017311
5832,1298.394109
5833,1636.049679
5834,1483.884535
5835,2414.182170
5836,1656.612392
5837,1802.025750
5838,1278.758235
5839,2273.068835
5840,1399.254036
5841,1207.165434
5842,1652.366395
5843,2672.413067
5844,1670.021722
5845,3334.991010
5846,1169.226514
5847,1922.679018
5848,6034.619248
5849,2083.596940
5850,2307.164935
5851,1731.030985
5852,1401.078832
5853,1823.704112
5854,9954.593110
5855,1495.040179
5856,1803.794476
5857,1510.051300
5858,1231.440428
5859,9560.939659
5860,1261.149921
5861,1768.398551
5862,9793.427209
5863,1481.046138
5864,6485.444436
5865,8882.611246
5866,3441.622506
5867,1537.267445
5868,7326.418113
5869,4840.479497
5870,1126.368674
5871,145246.770018
5872,1464.758749
5873,2148.070984
5874,1843.310475
5875,5219.775535
5876,6374.791997
5877,2952.414661
5878,3155.566075
5879,9107.174922
5880,1837.874787
5881,1646.445534
5882,3573.740923
5883,5355.614302
5884,1598.078407
5885,1538.270818
5886,11380.642712
5887,16071.338656
5888,2844.136146
5889,11136.064240
5890,1424.161067
5891,42213.171905
5892,4034.747538
5893,12756.723685
5894,1253.556937
5895,2289.083355
5896,4519.197472
5897,27284.338973
5898,1495.878382
5899,1222.353881
5900,29940.279608
5901,2536.465001
5902,4641.869413
5903,2462.006079
5904,5286.090055
5905,1374.301644
5906,1346.902767
5907,17057.993352
5908,2900.147264
5909,5341.677417
5910,2828.960379
5911,6005.653591
5912,1381.859106
5913,17813.053227
5914,5223.748500
5915,5805.082709
5916,46354.847301
5917,1158.402209
5918,1771.723357
5919,2972.271923
5920,449.407718
5921,898.361635
5922,11305.175707
5923,2659.330189
5924,1540.086812
5925,100774.501412
5926,1698.782267
5927,10726.274169
5928,12995.251033
5929,10931.752239
5930,1309.539205
5931,1933.548576
5932,2009.021250
5933,2257.955307
5934,7227.959507
5935,38919.017029
5936,1617.609919
5937,8371.234796
5938,2979.690833
5939,2109.492750
5940,11901.715368
5941,5857.832316
5942,4540.270240
5943,1658.701391
5944,3167.892257
5945,2539.792554
5946,2763.934632
5947,32552.097483
5948,1410.398181
5949,5376.934353
5950,1779.595749
5951,1520.649814
5952,1340.379805
5953,5549.649332
5954,1787.179470
5955,1837.837026
5956,5425.679690
5957,20488.154366
5958,1623.325821
5959,1068.889158
5960,1659.603395
5961,1981.417585
5962,1647.933675
5963,1166.742792
5964,1131.983537
5965,1810.674824
5966,1208.185006
5967,1673.848496
5968,3209.171512
5969,3028.206220
5970,1355.353524
5971,2040.314874
5972,4201.471403
5973,1508.444081
5974,3456.883978
5975,3001.359494
5976,67351.838138
5977,1984.524673
5978,1891.206504
5979,1273.853991
5980,1653.042827
5981,1015.658934
5982,4465.336567
5983,15474.003196
5984,1443.675112
5985,21660.265189
5986,1942.082792
5987,978.993521
5988,1355.629013
5989,4819.884721
5990,9040.150981
5991,1280.243786
5992,1856.437398
5993,1190.462077
5994,12312.253445
5995,1647.565578
5996,1470.334983
5997,80017.200125
5998,1936.299366
5999,4296.707204
6000,2213.287484
6001,1356.071219
6002,4022.922781
6003,5629.638340
6004,1216.240282
6005,3048.777423
6006,1345.959480
6007,3290.756385
6008,39261.468160
6009,1033.517308
6010,3973.297883
6011,1537.711813
6012,1258.212979
6013,1611.338019
6014,1515.855108
6015,3831.358037
6016,10700.911083
6017,1183.727085
6018,1246.501114
6019,1570.820603
6020,1852.658047
6021,1350.469757
6022,1570.732559
6023,1263.817620
6024,2879.846725
6025,2551.761922
6026,1076.626189
6027,1972.507211
6028,3141.043157
6029,20187.108850
6030,1118.508690
6031,1171.842136
6032,4277.641854
6033,9792.912901
6034,2191.686879
6035,1224.224703
6036,5617.982833
6037,1303.629296
6038,2268.701297
6039,3601.722470
6040,3702.018690
6041,1170.693083
6042,1304.602977
6043,1841.133176
6044,1619.600708
6045,2621.105995
6046,2484.122603
6047,1912.469033
6048,1085.056613
6049,4085.076299
6050,31169.630188
6051,1258.093205
6052,1516.806138
6053,2244.928569
6054,1770.492553
6055,1427.389504
6056,1795.396837
6057,1579.301661
6058,1513.309048
6059,1206.884866
6060,1675.160922
6061,1449.100158
6062,3296.133025
6063,1356.722946
6064,3964.829970
6065,1597.555005
6066,5159.038746
6067,3302.994723
6068,1135.148739
6069,1369.555333
6070,1707.510875
6071,3805.079907
6072,1387.569886
6073,1333.780174
6074,2297.921545
6075,2119.475675
6076,4411.568142
6077,1657.316114
6078,1118.814062
6079,1054.292681
6080,2995.171838
6081,1662.583818
6082,1414.177844
6083,1957.650403
6084,3520.616449
6085,1344.497686
6086,2390.166992
6087,6477.150203
6088,2425.674682
6089,1179.506908
6090,27164.583626
6091,1240.422151
6092,1753.505812
6093,1398.241551
6094,1488.680211
6095,1538.320590
6096,380274.462752
6097,1254.713642
6098,21995.835367
6099,1300.005626
6100,1730.731323
6101,10155.228066
6102,2696.507597
6103,2556.125453
6104,4496.713940
6105,1925.323577
6106,292.114767
6107,231814.259627
6108,974.275073
6109,2684.685514
6110,1300.147485
6111,1577.170997
6112,2419.505794
6113,2503.292574
6114,69862.405245
6115,2120.475041
6116,2987.679399
6117,1663.358397
6118,18204.139035
6119,1844.209370
6120,3241.670802
6121,1317.484098
6122,1220.883024
6123,2110.089936
6124,2190.718122
6125,2032.690211
6126,1107.024361
6127,1025.261428
6128,3683.981315
6129,1776.210277
6130,882.775951
6131,1483.482706
6132,2414.371106
6133,2969.986145
6134,1678.304195
6135,1591.363202
6136,1103.658210
6137,2217.118115
6138,1073.994227
6139,1961.288109
6140,12857.603396
6141,2003.137291
6142,1346.071170
6143,224624.640565
6144,974.582014
6145,1303.833899
6146,4430.220610
6147,6099.553386
6148,945.542078
6149,2558.802137
6150,7833.596812
6151,2054.526434
6152,3620.469293
6153,2185.500293
6154,2621.888935
6155,1481.641540
6156,1516.334327
6157,1048.761817
6158,2563.970957
6159,5416.514231
6160,2870.781588
6161,1869.869812
6162,2600.768084
6163,5596.862267
6164,1266.341586
6165,1267.141158
6166,1273.147376
6167,1126.433912
6168,1030.249526
6169,14604.460129
6170,2845.037106
6171,2692.183553
6172,909.064106
6173,4885.989291
6174,3570.063472
6175,1541.831723
6176,1777.034625
6177,325.690501
6178,1483.440786
6179,1859.486172
6180,13740.832424
6181,1652.800795
6182,1238.291626
6183,2261.494021
6184,1732.281081
6185,1080.028678
6186,2006.947643
6187,3091.317572
6188,1589.728539
6189,4408.332536
6190,1473.186108
6191,1332.993696
6192,359.108832
6193,1100.717867
6194,2537.569796
6195,1275.048141
6196,1448.943415
6197,2297.846756
6198,1925.871172
6199,1606.010618
6200,2069.294948
6201,1422.446742
6202,3125.811040
6203,4177.167439
6204,15299.576950
6205,8331.785119
6206,903.680400
6207,43682.988471
6208,1272.330513
6209,31989.918395
6210,917.037690
6211,1087.366421
6212,3073.497643
6213,1765.735173
6214,1352.559006
6215,3177.063212
6216,5824.220568
6217,1327.723184
6218,1960.653029
6219,1280.827895
6220,2140.893456
6221,2965.027325
6222,983.206961
6223,59486.760534
6224,16390.408985
6225,5319.946498
6226,555.619063
6227,3812.160921
6228,1206.765683
6229,7844.662985
6230,1519.921348
6231,1893.919877
6232,1127.020297
6233,2028.255123
6234,2331.986993
6235,1044.625292
6236,1242.718760
6237,1422.997357
6238,17886.244791
6239,1243.029234
6240,3865.605434
6241,3380.668970
6242,3053.236842
6243,1223.874217
6244,864.195227
6245,904.432970
6246,1306.817172
6247,1616.299871
6248,1646.313634
6249,1074.096028
6250,1292.157562
6251,1310.771134
6252,3173.827223
6253,1315.651361
6254,1262.006934
6255,1916.502108
6256,2731.736633
6257,3000.123057
6258,41223.752624
6259,1160.020925
6260,912.819095
6261,1992.302459
6262,1476.609794
6263,2107.806014
6264,1466.677708
6265,1125.164766
6266,1112.610439
6267,1989.156476
6268,2700.648725
6269,1075.210825
6270,1790.621617
6271,1118.010267
6272,1798.487106
6273,5200.733124
6274,1302.566514
6275,2888.822737
6276,1316.777619
6277,1798.776403
6278,1329.179865
6279,1620.264737
6280,966.868415
6281,9880.013261
6282,1750.348291
6283,3331.495097
6284,3529.736015
6285,922.591485
6286,14148.406019
6287,2896.166659
6288,2558.960818
6289,3973.406636
6290,5349.561293
6291,1356.338446
6292,5747.550942
6293,38802.373629
6294,2689.643338
6295,1188.210998
6296,15573.246006
6297,17525.334526
6298,1912.026356
6299,2316.071321
6300,2069.397247
6301,2031.001008
6302,2159.087904
6303,1615.550475
6304,1315.758574
6305,2364.817605
6306,1881.618599
6307,2776.672831
6308,5405.390129
6309,1318.649067
6310,7155.939799
6311,1510.997890
6312,1309.717227
6313,2073.750414
6314,455.070763
6315,2949.547896
6316,2415.529239
6317,3354.428073
6318,988.313276
6319,98207.005166
6320,3354.173674
6321,1628.508660
6322,1945.891122
6323,6441.730200
6324,2862.218553
6325,1855.763202
6326,1753.754222
6327,1430.977111
6328,1385.459583
6329,1036.104886
6330,2645.138144
6331,3633.249345
6332,1280.677536
6333,1611.832714
6334,1230.769405
6335,6160.487502
6336,1737.901210
6337,2761.969368
6338,1214.852348
6339,1924.774199
6340,1125.714375
6341,2275.000696
6342,2672.448122
6343,899.256656
6344,1292.097099
6345,4756.021598
6346,1041.868157
6347,7248.545014
6348,1107.394308
6349,1497.119267
6350,1213.378375
6351,1058.718295
6352,1417.298630
6353,1715.882695
6354,1694.808156
6355,1994.738873
6356,2284.603795
6357,1373.056581
6358,2573.698322
6359,1224.028716
6360,1127.807366
6361,1688.874788
6362,1561.443454
6363,1263.386091
6364,2145.430927
6365,1332.724952
6366,913.770921
6367,35512.145028
6368,1523.957919
6369,6713.436642
6370,2658.216349
6371,1892.033743
6372,2018.255093
6373,1262.944609
6374,1723.643787
6375,2324.747539
6376,1344.446090
6377,2023.425772
6378,1891.671852
6379,2554.796734
6380,1083.975529
6381,7624.526327
6382,1411.791976
6383,1474.383004
6384,1582.396110
6385,1951.865190
6386,2561.089999
6387,2044.595455
6388,1427.167096
6389,2498.245901
6390,3570.733215
6391,952.195746
6392,2773.229940
6393,3560.142399
6394,1231.867270
6395,6041.659453
6396,3692.529990
6397,2207.146368
6398,5150.435268
6399,1609.523182
6400,1127.163669
6401,1236.606645
6402,1851.685040
6403,1305.351592
6404,1146.542986
6405,10958.392475
6406,1324.539493
6407,1247.117654
6408,1722.241160
6409,2141.460181
6410,993.756679
6411,2181.707859
6412,4320.148349
6413,1924.963642
6414,1092.588428
6415,936.846212
6416,2887.714517
6417,2075.346492
6418,27877.899377
6419,1786.428115
6420,1869.174160
6421,1723.681987
6422,2699.750512
6423,1463.008262
6424,2872.033076
6425,1181.780832
6426,4953.488999
6427,1655.356004
6428,1843.285363
6429,1265.844521
6430,1691.461179
6431,2595.924785
6432,1853.878874
6433,2056.595499
6434,4841.611484
6435,3205.715202
6436,1025.210699
6437,1453.639143
6438,1584.444057
6439,1208.044879
6440,1509.335668
6441,1738.262619
6442,1247.117768
6443,1791.218559
6444,1293.205642
6445,3419.257425
6446,1307.366672
6447,1602.673561
6448,9747.235721
6449,1494.583498
6450,1320.407500
6451,1351.510445
6452,1643.266733
6453,1572.016037
6454,3206.527458
6455,38844.029253
6456,1299.777705
6457,3935.378168
6458,5503.421383
6459,1433.540598
6460,2278.024330
6461,1179.976952
6462,1933.084578
6463,1477.520238
6464,2069.435312
6465,1931.360426
6466,10071.601344
6467,1955.575638
6468,5835.164807
6469,1789.064438
6470,1870.888228
6471,2685.736006
6472,1914.652318
6473,2474.397444
6474,3922.341238
6475,6892.945945
6476,1095.985463
6477,7270.069332
6478,1248.141322
6479,1573.154575
6480,1718.980450
6481,2151.650179
6482,1249.329589
6483,2599.344673
6484,1216.752445
6485,1343.565784
6486,2019.922926
6487,3316.516233
6488,814.581653
6489,1000.966673
6490,1285.966819
6491,1132.487141
6492,1662.907793
6493,1612.707386
6494,72125.094858
6495,1786.460772
6496,958.748265
6497,1470.675432
6498,1298.695570
6499,2795.132447
6500,1593.233724
6501,1262.808483
6502,1733.413207
6503,1224.412534
6504,1447.695099
6505,1606.467816
6506,1447.716156
6507,27935.605050
6508,1351.660183
6509,1255.436800
6510,2867.198329
6511,1822.031433
6512,2261.234952
6513,1846.807957
6514,1228.756355
6515,3209.465278
6516,9451.562101
6517,1200.174479
6518,945.964608
6519,4347.957756
6520,1887.966453
6521,1892.347538
6522,1795.334302
6523,1468.720586
6524,1133.540566
6525,1283.238066
6526,1031.779849
6527,1177.356634
6528,1147.672845
6529,1405.175133
6530,1486.851555
6531,2362.872867
6532,3067.392992
6533,9671.761774
6534,1415.196189
6535,1134.068552
6536,3414.529905
6537,6108.442232
6538,1019.888570
6539,163404.747984
6540,3620.421994
6541,9433.963192
6542,1301.310526
6543,1291.859606
6544,2218.172484
6545,1379.939973
6546,1261.913395
6547,1591.797860
6548,1493.240193
6549,1478.054188
6550,2332.294558
6551,1140.857154
6552,3252.225336
6553,1721.463333
6554,2346.497577
6555,1949.965787
6556,2524.821856
6557,1698.324000
6558,1675.824284
6559,1128.427134
6560,2936.132030
6561,1307.565114
6562,1386.607529
6563,1511.219185
6564,2455.093789
6565,2059.142248
6566,1110.246131
6567,2763.599813
6568,1278.138919
6569,1774.947760
6570,13621.979825
6571,2821.263151
6572,4156.380168
6573,1403.445729
6574,1391.877925
6575,1735.880118
6576,4422.502368
6577,4676.030893
6578,1153.435433
6579,1221.025856
6580,1397.269551
6581,2049.933713
6582,1305.804606
6583,1375.858356
6584,1840.622957
6585,1370.391665
6586,1426.129097
6587,1449.572812
6588,1437.079222
6589,6889.256694
6590,8500.649198
6591,1596.015117
6592,1262.284589
6593,1293.440138
6594,1518.506401
6595,1275.397122
6596,1815.860978
6597,1249.127016
6598,1400.716329
6599,1535.001384
6600,2633.388501
6601,1898.492244
6602,111438.470285
6603,1670.415132
6604,1306.943017
6605,3595.635351
6606,1189.109713
6607,1059.273554
6608,1603.552549
6609,2147.730570
6610,4009.913990
6611,2679.949568
6612,3423.254622
6613,1464.211729
6614,1222.821517
6615,1410.346819
6616,1520.499072
6617,3468.382446
6618,1879.003567
6619,1641.943658
6620,1751.176467
6621,3019.181846
6622,1649.669211
6623,1329.327706
6624,6306.707225
6625,1843.512365
6626,1634.632219
6627,1258.886274
6628,1805.920943
6629,6865.290274
6630,1160.481451
6631,9091.134570
6632,1259.295424
6633,3201.471330
6634,5124.662412
6635,1748.637878
6636,1465.268532
6637,2348.925786
6638,1214.317067
6639,1102.620076
6640,1507.346739
6641,1573.096467
6642,1844.179641
6643,1597.243096
6644,1547.682088
6645,1726.066646
6646,2500.068259
6647,1835.444633
6648,1659.222488
6649,1646.117943
6650,7834.057590
6651,2082.568158
6652,2242.843087
6653,2504.181332
6654,2511.690236
6655,1346.979342
6656,2190.158238
6657,1601.722081
6658,4405.239092
6659,2654.725809
6660,1901.260024
6661,13114.497375
6662,1321.867510
6663,2347.336607
6664,1465.704464
6665,7513.251620
6666,6119.523866
6667,9717.623032
6668,2532.175639
6669,7193.158922
6670,1373.762864
6671,3838.079657
6672,5711.259630
6673,1981.663926
6674,2394.207748
6675,2443.765306
6676,1972.605643
6677,1828.369890
6678,1906.490699
6679,5919.788102
6680,2016.007846
6681,1935.668996
6682,80947.664341
6683,2124.904996
6684,10946.621248
6685,1785.542147
6686,1249.968607
6687,18489.437775
6688,2622.380235
6689,10674.885474
6690,1902.202922
6691,1250.889250
6692,1550.873503
6693,4866.729661
6694,2164.041772
6695,2948.662461
6696,12553.916391
6697,368.166532
6698,1881.157022
6699,1280.666477
6700,2833.780043
6701,1163.763719
6702,1549.439735
6703,1273.551427
6704,9518.928557
6705,1657.524806
6706,4119.958626
6707,1919.819875
6708,2965.414723
6709,6106.950798
6710,2841.927897
6711,909.333488
6712,1163.457446
6713,1474.786265
6714,11493.627133
6715,7026.967939
6716,3394.750777
6717,9133.294502
6718,1623.729985
6719,1489.800029
6720,2544.913822
6721,14426.108826
6722,2295.778120
6723,2305.973725
6724,1695.039820
6725,2363.248236
6726,13318.019817
6727,2259.617671
6728,2105.497814
6729,1532.404321
6730,1710.368085
6731,19308.222807
6732,5834.364340
6733,3288.140105
6734,12049.239268
6735,26545.976061
6736,40758.780264
6737,1832.699206
6738,31489.782747
6739,1419.199114
6740,26248.727899
6741,2252.901872
6742,2208.251583
6743,23852.536791
6744,1547.089801
6745,1326.292448
6746,1103.490877
6747,1846.151025
6748,97541.283139
6749,2000.307306
6750,1679.710622
6751,1872.062825
6752,3013.006532
6753,1811.325491
6754,1811.796153
6755,2590.901814
6756,4955.880651
6757,32016.280094
6758,1123.094385
6759,1459.411887
6760,15442.334517
6761,1834.310622
6762,1681.088121
6763,1415.471966
6764,1691.751098
6765,1665.422140
6766,1332.516573
6767,1736.262345
6768,34986.774492
6769,4319.854041
6770,1472.174357
6771,5271.293647
6772,1590.857524
6773,5045.101911
6774,1729.457497
6775,7166.554591
6776,2459.262046
6777,10356.438502
6778,1726.221521
6779,1689.611311
6780,29814.368126
6781,1340.487444
6782,1305.358443
6783,1642.068237
6784,20179.002605
6785,2770.112973
6786,23149.068432
6787,1479.771116
6788,23294.536980
6789,1994.286231
6790,7612.570120
6791,1048.410931
6792,1058.281026
6793,39103.823472
6794,1091.525647
6795,1236.797291
6796,1313.755174
6797,2284.314214
6798,1046.289475
6799,6381.430709
6800,6071.275025
6801,2946.952089
6802,12246.491768
6803,1269.991462
6804,10557.839347
6805,2153.663423
6806,837.109347
6807,113821.911072
6808,909.254539
6809,7977.970413
6810,19527.165720
6811,2269.151309
6812,1438.539586
6813,1387.166008
6814,4735.431027
6815,1930.212120
6816,1638.154369
6817,994.186986
6818,3943.077188
6819,1079.672054
6820,1530.342197
6821,1452.561559
6822,1322.302667
6823,1546.452150
6824,2005.834768
6825,7790.162210
6826,3914.885294
6827,1172.080273
6828,1864.673556
6829,14398.035054
6830,1848.526086
6831,60928.759856
6832,1280.288714
6833,1877.513753
6834,1223.494822
6835,1622.442636
6836,63499.928640
6837,1520.922010
6838,1233.597779
6839,1294.706529
6840,5063.914078
6841,1070.818015
6842,1603.735904
6843,1013.124239
6844,31321.868668
6845,1517.987894
6846,1767.134078
6847,1288.585394
6848,1253.013194
6849,1482.214190
6850,2034.591613
6851,1029.957454
6852,1186.202021
6853,941.888137
6854,1600.266431
6855,2569.661830
6856,77718.239724
6857,2360.544765
6858,1563.953744
6859,1212.418654
6860,7716.171930
6861,1637.725080
6862,1188.054156
6863,1404.820885
6864,4842.119284
6865,1326.377836
6866,1698.787469
6867,1296.821096
6868,7970.659044
6869,1749.157710
6870,95882.101969
6871,1563.239317
6872,1787.859302
6873,1382.950236
6874,966.140404
6875,1525.444610
6876,2496.136204
6877,1550.000717
6878,1345.207639
6879,2210.982737
6880,7226.122755
6881,31401.510625
6882,40997.999498
6883,1020.796312
6884,52408.760636
6885,1882.496502
6886,29140.711761
6887,1337.370367
6888,15772.976729
6889,3991.820540
6890,11095.780530
6891,1258.035213
6892,1720.503968
6893,921.337446
6894,1402.372393
6895,1976.412933
6896,1616.503151
6897,70975.137239
6898,1330.867887
6899,8003.437314
6900,69798.573552
6901,1414.840270
6902,5288.559941
6903,2215.723521
6904,16673.866167
6905,1709.796552
6906,1919.135585
6907,1256.301735
6908,3885.044286
6909,12406.162467
6910,29721.579684
6911,1953.089395
6912,2173.871319
6913,1821.544420
6914,1391.021930
6915,1156.017723
6916,1905.827751
6917,1593.817948
6918,2836.189199
6919,1281.206735
6920,1961.389085
6921,52359.865335
6922,194393.723302
6923,3706.797092
6924,1307.870990
6925,1718.355025
6926,2604.998244
6927,2035.036295
6928,2860.232040
6929,1744.637080
6930,11333.496807
6931,3244.915891
6932,9861.562300
6933,1290.765628
6934,1647.117005
6935,1806.993277
6936,28526.510955
6937,22215.610240
6938,2917.114191
6939,2252.404683
6940,16465.343843
6941,14636.359452
6942,6510.068256
6943,1540.342530
6944,3146.520279
6945,6979.868406
6946,42535.539276
6947,1379.430343
6948,3551.123678
6949,5961.049486
6950,2156.676147
6951,2177.884623
6952,51800.237336
6953,1725.077775
6954,4329.360633
6955,2082.158929
6956,1627.005961
6957,1766.998543
6958,1864.797080
6959,1351.896145
6960,12076.810734
6961,1506.140421
6962,44901.673399
6963,4883.514982
6964,38746.351616
6965,1195.352134
6966,3497.428553
6967,1422.877246
6968,6619.931891
6969,7548.470434
6970,7580.338164
6971,31099.780559
6972,1710.472016
6973,28075.903282
6974,1712.338020
6975,1587.163393
6976,1331.515398
6977,4407.936899
6978,1278.285331
6979,6747.562022
6980,4344.896107
6981,2482.978306
6982,2938.324345
6983,1479.508781
6984,2375.955475
6985,1813.582755
6986,1668.990519
6987,2142.555931
6988,7619.347336
6989,4031.477078
6990,38339.938505
6991,10086.715357
6992,1398.357044
6993,6713.393646
6994,35038.620437
6995,5654.801041
6996,1830.044547
6997,1802.636858
6998,1916.736751
6999,1344.695015
7000,1153.222589
7001,17259.893114
7002,1193.081423
7003,13507.265866
7004,5155.783992
7005,2875.870124
7006,4194.279645
7007,35598.725633
7008,1977.776936
7009,34730.935868
7010,1339.691797
7011,3506.589380
7012,1746.604282
7013,6297.026044
7014,1574.101121
7015,2764.422678
7016,29319.516024
7017,1047.666604
7018,3533.171877
7019,44054.428054
7020,1741.979832
7021,35598.335180
7022,3517.116793
7023,1055.000693
7024,3985.929331
7025,1411.428227
7026,3474.401568
7027,4143.366009
7028,1642.292354
7029,5372.543196
7030,39324.561930
7031,1350.588566
7032,6646.762972
7033,1988.304327
7034,1822.444342
7035,1764.981163
7036,4349.581747
7037,4307.623724
7038,1897.128016
7039,8588.000559
7040,3651.206870
7041,9028.182459
7042,3035.585130
7043,2658.077715
7044,2721.807075
7045,2613.550826
7046,2881.496483
7047,2342.524179
7048,1414.687131
7049,3669.163702
7050,28426.209053
7051,1300.249258
7052,57740.597217
7053,3475.407939
7054,15085.295263
7055,25424.301840
7056,21656.420059
7057,1344.172581
7058,3692.041005
7059,3115.171043
7060,3345.109480
7061,3612.720286
7062,1586.201596
7063,6092.553193
7064,5797.552657
7065,3189.851102
7066,2077.219910
7067,3900.385468
7068,2260.061200
7069,1547.408497
7070,1330.805145
7071,1371.814492
7072,3685.616076
7073,2270.811295
7074,5557.408924
7075,1890.481661
7076,2976.371049
7077,7616.926848
7078,72257.387152
7079,1345.317951
7080,2071.579080
7081,2004.677115
7082,1011.757703
7083,1304.393645
7084,1614.650421
7085,2872.612238
7086,2687.561274
7087,2230.279289
7088,1378.624208
7089,1791.834565
7090,2006.373469
7091,3033.941196
7092,4751.218832
7093,1625.782928
7094,2805.679911
7095,5115.861780
7096,2293.721128
7097,1308.523501
7098,1945.584339
7099,7621.465266
7100,2705.734600
7101,2184.642369
7102,1554.928486
7103,2151.841663
7104,58505.956986
7105,3254.727039
7106,3069.417882
7107,2027.478301
7108,54067.387227
7109,7099.213736
7110,6382.439326
7111,1490.406968
7112,12882.083294
7113,166733.830733
7114,5261.202975
7115,23056.398773
7116,4353.306258
7117,1437.943088
7118,4996.386644
7119,5408.393629
7120,75849.740692
7121,1392.103805
7122,2867.670180
7123,2469.453407
7124,15637.058152
7125,1439.864939
7126,16883.565887
7127,2732.763496
7128,1619.906403
7129,1569.879671
7130,1730.198222
7131,1493.264220
7132,1246.523259
7133,3053.482862
7134,2150.552845
7135,1637.341652
7136,45545.620033
7137,1617.233597
7138,1179.807569
7139,2410.045655
7140,1652.543235
7141,1881.358528
7142,39065.814572
7143,1854.299515
7144,3563.997149
7145,1648.264161
7146,1363.685799
7147,5758.039278
7148,4323.661278
7149,1460.456091
7150,11041.113668
7151,946.694848
7152,2329.162693
7153,2074.471251
7154,2623.036241
7155,1913.904660
7156,4055.792893
7157,1229.564977
7158,7460.364007
7159,1895.442652
7160,6973.557345
7161,3275.713601
7162,2192.263514
7163,4440.726568
7164,3257.317563
7165,3083.203090
7166,113720.879015
7167,1480.013923
7168,1539.859315
7169,2355.885396
7170,1424.786302
7171,1188.642644
7172,5414.237028
7173,1642.262555
7174,1620.013708
7175,7578.793854
7176,3018.423750
7177,143454.831895
7178,1295.652910
7179,7258.514724
7180,8921.405670
7181,2058.249661
7182,10671.543098
7183,1584.665090
7184,10821.201567
7185,31369.436457
7186,3271.323719
7187,5167.914016
7188,1994.104876
7189,1954.553205
7190,1551.211321
7191,1395.979621
7192,1362.156436
7193,1323.620723
7194,36661.199832
7195,1879.641429
7196,1860.123093
7197,1137.834044
7198,68882.694202
7199,4195.698825
7200,1586.451710
7201,21905.623237
7202,1116.020884
7203,1228.216603
7204,13428.371506
7205,48951.478165
7206,1420.681461
7207,2359.461304
7208,909.668257
7209,5023.937479
7210,1540.382869
7211,2393.657809
7212,1418.387400
7213,1032.560006
7214,1248.650412
7215,1722.711170
7216,1515.101773
7217,1259.804526
7218,2061.935378
7219,2632.492101
7220,2306.936339
7221,2037.167632
7222,1156.143378
7223,1398.183432
7224,2112.141332
7225,1567.969394
7226,59061.915131
7227,3090.117761
7228,961.368699
7229,1118.097951
7230,3993.456375
7231,9768.073729
7232,1525.091466
7233,1218.885669
7234,1082.041093
7235,34200.169842
7236,1156.649284
7237,2111.866721
7238,1029.705951
7239,1907.653037
7240,2033.459392
7241,2312.502907
7242,2822.151439
7243,56234.589830
7244,1811.433772
7245,1188.056050
7246,1451.690132
7247,3033.384179
7248,1730.202067
7249,102244.248738
7250,1366.112522
7251,2811.983509
7252,2625.255745
7253,1778.668244
7254,3182.653629
7255,3036.082933
7256,2292.020811
7257,5232.452518
7258,2473.927818
7259,1724.863110
7260,38538.752991
7261,6427.125645
7262,3115.078132
7263,1696.761520
7264,1428.170937
7265,29822.622240
7266,1192.812605
7267,1882.886120
7268,1404.177457
7269,1609.313411
7270,3299.822167
7271,2810.437150
7272,1450.527992
7273,2020.568116
7274,937.303495
7275,1873.329042
7276,3518.146173
7277,12201.445745
7278,16665.979834
7279,1669.999138
7280,1373.078318
7281,4299.022597
7282,1995.938878
7283,1273.257964
7284,7616.997244
7285,1379.253123
7286,1855.311209
7287,1326.110980
7288,1993.822736
7289,2046.030906
7290,1333.401312
7291,1749.466806
7292,2230.485428
7293,1747.862370
7294,1693.791798
7295,4357.138131
7296,1187.319876
7297,1670.921507
7298,6682.101958
7299,2124.309200
7300,1118.863728
7301,2840.737808
7302,1290.795404
7303,3954.670757
7304,9866.571337
7305,1629.712614
7306,3582.515247
7307,1499.618084
7308,2019.852961
7309,1311.247580
7310,2406.381839
7311,1260.774096
7312,2124.221592
7313,1482.666792
7314,3972.396029
7315,1190.640136
7316,1408.696469
7317,1356.513109
7318,2897.676595
7319,1508.721532
7320,14433.997722
7321,2306.449720
7322,1166.301410
7323,1181.659094
7324,3401.253284
7325,2641.317214
7326,1362.830091
7327,4785.494568
7328,1816.513003
7329,1359.691214
7330,1816.371809
7331,1963.958717
7332,2562.177210
7333,4967.790027
7334,1409.844753
7335,13684.543411
7336,1232.690334
7337,3028.764680
7338,30779.614967
7339,2968.350680
7340,3363.766709
7341,10731.034439
7342,1124.340600
7343,8639.839296
7344,1578.251946
7345,1111.768936
7346,4580.058228
7347,1770.129837
7348,2856.210432
7349,1143.930741
7350,2964.269058
7351,1595.044882
7352,30209.693722
7353,6133.642221
7354,4670.984582
7355,946.466402
7356,1726.821050
7357,1222.345659
7358,2440.636311
7359,1924.065627
7360,1369.893812
7361,2165.480125
7362,1664.163143
7363,1432.900170
7364,4340.494890
7365,2854.592333
7366,1366.055419
7367,2497.427148
7368,1226.165676
7369,1486.741753
7370,1266.093301
7371,1785.183304
7372,3156.539419
7373,2428.924384
7374,5765.697480
7375,2475.013515
7376,1943.251731
7377,1891.456135
7378,1464.711258
7379,23790.769613
7380,47496.360585
7381,1354.931899
7382,2365.047286
7383,14630.317994
7384,2016.645102
7385,3524.546961
7386,1889.872152
7387,2625.212360
7388,11814.438537
7389,1398.540076
7390,3465.192079
7391,2146.261720
7392,1441.578720
7393,1309.958382
7394,2386.554626
7395,3100.918148
7396,5422.994764
7397,2802.908007
7398,1368.143756
7399,1742.238855
7400,3625.495381
7401,1587.080804
7402,5710.498466
7403,1766.379758
7404,42226.967706
7405,1293.485371
7406,9677.281805
7407,3198.718635
7408,46769.516339
7409,2559.047389
7410,1303.381141
7411,2135.299460
7412,4535.735383
7413,2679.681490
7414,2886.417774
7415,17398.726127
7416,2823.716505
7417,1647.192997
7418,1420.101549
7419,5623.322444
7420,4516.803437
7421,2018.441432
7422,56096.465191
7423,2986.436357
7424,24170.571860
7425,2147.563939
7426,4068.585098
7427,5930.513156
7428,1089.181704
7429,1976.593833
7430,6224.366050
7431,43165.752206
7432,3918.947213
7433,2773.904461
7434,1350.495617
7435,3464.868201
7436,54720.060614
7437,1551.146027
7438,2976.842064
7439,1225.651795
7440,163797.019512
7441,34112.238144
7442,3942.762743
7443,1316.299902
7444,3667.844873
7445,1837.380400
7446,1489.577610
7447,29523.622548
7448,4987.621065
7449,2276.970909
7450,15472.044791
7451,1199.250657
7452,2146.281182
7453,1499.191785
7454,31711.827592
7455,9070.064244
7456,1882.251268
7457,3870.521435
7458,1788.802195
7459,4368.008704
7460,4549.383455
7461,2120.066159
7462,7736.382542
7463,3678.506267
7464,6470.778896
7465,4530.043671
7466,4424.831522
7467,1909.533636
7468,5423.253661
7469,4504.646539
7470,17953.365951
7471,1764.598089
7472,1564.563106
7473,2344.278992
7474,1379.846498
7475,1249.618915
7476,33476.547108
7477,3571.156829
7478,2300.589654
7479,1578.713599
7480,1043.439851
7481,1940.760205
7482,2979.456583
7483,2741.460263
7484,30893.612403
7485,6655.988393
7486,2421.927016
7487,14789.346966
7488,194868.724998
7489,7762.322352
7490,2421.050006
7491,197660.804188
7492,2362.675799
7493,1848.861710
7494,2915.269866
7495,1747.044080
7496,4825.921250
7497,1893.529403
7498,1395.249042
7499,2226.055612
7500,1104.001815
7501,2280.093708
7502,1980.199623
7503,4206.803376
7504,2450.516427
7505,2045.301866
7506,193931.249559
7507,3070.415529
7508,1801.268711
7509,2836.664765
7510,105913.309089
7511,1847.971683
7512,1102.614513
7513,1246.070663
7514,1433.210525
7515,5296.735798
7516,2333.706217
7517,1232.360316
7518,1396.495682
7519,1922.449116
7520,1781.985923
7521,1949.759531
7522,1813.078980
7523,1908.064763
7524,4551.986651
7525,1550.032961
7526,1677.124841
7527,3358.761945
7528,1630.267382
7529,33093.836043
7530,1639.418568
7531,1795.827811
7532,1048.746532
7533,2201.256569
7534,969.989606
7535,1962.851068
7536,1607.403667
7537,3186.693005
7538,2599.166093
7539,1204.104767
7540,2735.752570
7541,1952.518894
7542,4634.496242
7543,9911.608453
7544,2847.150734
7545,1184.006908
7546,1353.647601
7547,1292.159664
7548,1641.332395
7549,1327.805117
7550,2556.582538
7551,2216.869067
7552,1476.685819
7553,761.492628
7554,1774.736166
7555,1683.906968
7556,78168.965498
7557,1581.587110
7558,2408.657655
7559,1365.674192
7560,2332.234777
7561,2329.458523
7562,3523.000749
7563,1745.623560
7564,7950.713193
7565,1706.883213
7566,1540.360154
7567,914.190066
7568,4665.874103
7569,2298.833304
7570,16130.404506
7571,2365.244408
7572,3136.448742
7573,1784.168032
7574,4658.799569
7575,10591.776557
7576,6640.223471
7577,1364.964615
7578,1676.705765
7579,1664.624172
7580,2240.975133
7581,2834.943854
7582,2639.921205
7583,3380.293800
7584,2143.438824
7585,1771.651701
7586,2405.745431
7587,8543.831226
7588,1489.216741
7589,1315.763143
7590,1252.914152
7591,1582.118854
7592,8428.378420
7593,1264.796241
7594,1320.814096
7595,2628.480749
7596,2418.486941
7597,1894.519099
7598,930.949913
7599,3478.931706
7600,1450.592566
7601,1162.330457
7602,6222.805070
7603,1820.201767
7604,96510.664875
7605,59795.560938
7606,3829.563951
7607,3746.883328
7608,3045.870860
7609,1023.253383
7610,6423.157695
7611,2751.495760
7612,2773.426174
7613,3999.435446
7614,20049.691462
7615,6109.743167
7616,3077.820374
7617,7838.700923
7618,1706.183862
7619,2002.111655
7620,1649.531161
7621,5068.048376
7622,2203.638706
7623,2436.262409
7624,1835.098122
7625,2370.288627
7626,2000.086786
7627,1164.954917
7628,2126.231779
7629,2264.203631
7630,2186.455663
7631,1965.684613
7632,865.056141
7633,1423.458069
7634,1471.385663
7635,1931.817544
7636,1631.622793
7637,3374.078645
7638,2752.732776
7639,3517.772564
7640,2067.874412
7641,2417.748178
7642,3221.876454
7643,1913.386205
7644,1329.086685
7645,3257.897463
7646,982.665037
7647,3884.421010
7648,2059.068007
7649,4008.563588
7650,2835.951044
7651,4907.534473
7652,1687.373082
7653,1192.178213
7654,4305.827152
7655,1262.784440
7656,3787.902205
7657,3161.743269
7658,9877.316856
7659,15704.076355
7660,9232.078091
7661,1372.142151
7662,1808.407035
7663,2673.128166
7664,3183.491670
7665,5834.962366
7666,2497.645399
7667,23492.412860
7668,72730.268241
7669,1448.028917
7670,11303.968346
7671,2145.144695
7672,1308.336853
7673,1406.292915
7674,5403.004872
7675,1347.723000
7676,1770.820693
7677,1962.392164
7678,4114.516561
7679,1975.217831
7680,4605.627540
7681,4558.969908
7682,1866.777264
7683,7936.001503
7684,12298.950965
7685,3282.681735
7686,4776.037821
7687,2849.585190
7688,1669.426890
7689,20780.183120
7690,40710.956490
7691,1977.104640
7692,3547.933826
7693,38254.204473
7694,1102.844803
7695,1656.868762
7696,2184.699748
7697,2866.656177
7698,2138.567724
7699,9322.083253
7700,1130.978128
7701,1412.885581
7702,2007.110109
7703,1885.301800
7704,18978.662471
7705,11670.358004
7706,3538.030771
7707,2082.546682
7708,2946.938981
7709,3587.633618
7710,10830.964878
7711,216449.382906
7712,4724.507921
7713,2210.701336
7714,1519.518260
7715,6365.775615
7716,9965.063148
7717,2157.219316
7718,18383.413481
7719,2688.242161
7720,1803.916999
7721,2554.681636
7722,13447.812521
7723,2591.574773
7724,17434.111824
7725,2845.610739
7726,1759.979363
7727,7141.545845
7728,1419.729704
7729,2015.534362
7730,1143.421019
7731,1143.984988
7732,941.804182
7733,2505.630082
7734,1483.610458
7735,1841.855859
7736,4950.495700
7737,8000.356323
7738,8895.999117
7739,22559.448728
7740,1122.444089
7741,2133.766926
7742,4128.140030
7743,2075.729092
7744,6306.840147
7745,5758.765478
7746,3071.483841
7747,2781.955637
7748,11420.858285
7749,1465.830069
7750,2082.509268
7751,1290.280861
7752,9000.358810
7753,2839.083446
7754,1747.948827
7755,940.228992
7756,5048.647064
7757,4144.397248
7758,3042.017218
7759,1628.910929
7760,40612.712648
7761,1426.448876
7762,1446.448293
7763,5158.823350
7764,8140.662231
7765,1855.481199
7766,1905.986066
7767,29444.277979
7768,5590.981490
7769,1181.031392
7770,24329.080591
7771,1771.240631
7772,2390.711510
7773,1307.330716
7774,2247.410660
7775,2240.002328
7776,1974.678803
7777,4450.741511
7778,1301.863330
7779,2811.456667
7780,1559.528363
7781,1294.365065
7782,2024.845802
7783,1841.093707
7784,1574.338562
7785,2762.751237
7786,2148.681514
7787,31474.388388
7788,1220.662105
7789,5739.656305
7790,6413.637717
7791,1874.406190
7792,1867.239242
7793,6156.904097
7794,2207.975975
7795,2192.755656
7796,10291.790475
7797,2210.992070
7798,14592.680264
7799,2398.378372
7800,3844.408676
7801,6791.332614
7802,1594.521001
7803,3894.616732
7804,1579.023846
7805,3778.629341
7806,26759.393061
7807,2412.577549
7808,3012.617009
7809,2316.175051
7810,38321.274484
7811,1588.224343
7812,1809.311900
7813,1844.646825
7814,989.884671
7815,12691.992833
7816,2399.100187
7817,6770.200416
7818,4256.336487
7819,4650.392306
7820,1683.205309
7821,1676.062975
7822,5409.344372
7823,4618.497696
7824,1744.033703
7825,2919.848096
7826,5409.059454
7827,5685.611178
7828,1294.064871
7829,1579.075271
7830,1168.536500
7831,7359.238055
7832,1471.494425
7833,2148.727589
7834,3774.408178
7835,1504.626886
7836,1722.156339
7837,1742.421192
7838,1603.280283
7839,10937.600959
7840,4902.986989
7841,17754.385876
7842,2313.637730
7843,1989.700349
7844,1944.150372
7845,1959.950313
7846,1256.216303
7847,2213.042080
7848,16005.955636
7849,3125.512457
7850,21777.075528
7851,10337.323942
7852,8123.467458
7853,8385.689567
7854,95326.885193
7855,4379.502693
7856,3880.849427
7857,1361.923850
7858,1423.709114
7859,2100.046111
7860,1813.468375
7861,1336.885355
7862,6257.778422
7863,3245.530152
7864,1071.926948
7865,6699.381714
7866,5436.779502
7867,1007.487109
7868,1829.746878
7869,1758.906584
7870,5929.338276
7871,101545.662523
7872,2515.909438
7873,2709.538009
7874,1201.503550
7875,2576.436243
7876,1835.937843
7877,2095.746169
7878,1490.056420
7879,62085.988727
7880,117969.619932
7881,2297.150156
7882,1468.860484
7883,1266.821733
7884,1313.524245
7885,1184.917630
7886,1546.845537
7887,1402.130214
7888,1345.744430
7889,1515.535316
7890,3470.404068
7891,1309.506794
7892,1374.972062
7893,3214.706933
7894,6354.776852
7895,1822.242432
7896,1285.636659
7897,3050.473047
7898,4446.371039
7899,1675.625091
7900,10968.835735
7901,2305.147685
7902,4459.567568
7903,1821.047144
7904,7708.474158
7905,10313.808779
7906,1378.430146
7907,1972.697584
7908,4802.294514
7909,1320.311306
7910,10001.867143
7911,212747.059945
7912,7586.693336
7913,2545.891529
7914,2833.785184
7915,2986.827830
7916,2268.625906
7917,7238.305146
7918,4562.575103
7919,1773.011269
7920,3709.293225
7921,2803.294330
7922,1102.217878
7923,3422.848711
7924,1182.056471
7925,8216.871186
7926,3559.934824
7927,2902.824237
7928,3048.933329
7929,6736.069270
7930,2655.619791
7931,35360.932467
7932,54457.555822
7933,2352.342428
7934,16849.526169
7935,2603.936667
7936,1841.453328
7937,2168.877061
7938,5203.548230
7939,2888.800595
7940,5946.759258
7941,71338.209874
7942,1997.868119
7943,1998.266646
7944,1687.781733
7945,1745.379972
7946,2151.144745
7947,1517.215252
7948,2125.697110
7949,3067.670925
7950,21315.527114
7951,1902.303455
7952,3030.304285
7953,2484.900435
7954,1274.180072
7955,3125.513549
7956,13604.762452
7957,8654.448013
7958,1476.809506
7959,54054.752110
7960,1615.842049
7961,130842.722753
7962,8670.624009
7963,2994.655554
7964,1394.586522
7965,4307.448113
7966,1574.670113
7967,1849.722458
7968,2517.848401
7969,2542.226616
7970,48890.626522
7971,18287.247630
7972,1815.011089
7973,1313.926093
7974,1596.399840
7975,102856.386148
7976,28869.827740
7977,14226.890317
7978,1858.047074
7979,2219.074906
7980,1324.654785
7981,23454.723438
7982,5386.379196
7983,8372.266661
7984,1373.051127
7985,23856.247007
7986,1842.375404
7987,1820.017985
7988,4607.703073
7989,1808.867567
7990,1787.218139
7991,2533.256721
7992,1329.652533
7993,13047.871716
7994,2831.280353
7995,2704.246865
7996,1673.821777
7997,4261.610877
7998,47085.246859
7999,8162.492483
8000,3919.638190
8001,4088.764678
8002,5848.873555
8003,1437.062455
8004,1496.183515
8005,1026.166393
8006,3251.840482
8007,2836.766022
8008,2609.764956
8009,1176.034513
8010,1866.114551
8011,3084.317721
8012,1870.874998
8013,2226.270781
8014,7739.389527
8015,2575.335183
8016,3295.089439
8017,12008.370203
8018,1196.084217
8019,3433.914312
8020,1414.785109
8021,4500.117611
8022,1546.149851
8023,2620.242351
8024,2169.694611
8025,7195.854121
8026,1211.530283
8027,7927.518056
8028,2069.384019
8029,1876.263312
8030,1692.710457
8031,1991.892595
8032,23616.877539
8033,2562.698306
8034,3419.803853
8035,3663.927524
8036,1323.124171
8037,4288.593910
8038,1165.566206
8039,834.355588
8040,1395.933566
8041,2925.468349
8042,3276.290580
8043,1130.089822
8044,31122.759719
8045,1428.963250
8046,2436.012292
8047,9008.760020
8048,1177.004614
8049,11257.033681
8050,1869.594893
8051,1391.370121
8052,1331.174614
8053,1935.221953
8054,2425.509673
8055,1595.536349
8056,1494.870916
8057,2138.734227
8058,4732.695980
8059,2374.991159
8060,21015.716137
8061,1310.007630
8062,1579.535012
8063,5419.631512
8064,1255.543170
8065,1664.731378
8066,2940.578412
8067,1487.266699
8068,2858.339972
8069,1203.957636
8070,1704.875231
8071,2028.503139
8072,3626.684508
8073,2691.616432
8074,2160.510410
8075,1517.091135
8076,2458.958720
8077,1619.526125
8078,2781.738815
8079,1956.671532
8080,3207.513995
8081,59933.798869
8082,29463.128890
8083,2617.203430
8084,2319.592837
8085,2107.410055
8086,1662.978214
