{"_timestamp":1.749974048215377e+09,"_runtime":940.201032002,"_wandb":{"runtime":940},"_step":0,"mean_mean_reward":334.24312459333333}