{"_wandb":{"runtime":885},"mean_mean_reward":463.7428630333334,"_timestamp":1.7499765789574966e+09,"_runtime":885.434079715,"_step":0}