{"_step":0,"mean_mean_reward":687.0789276733334,"_timestamp":1.7499717469511812e+09,"_wandb":{"runtime":1210},"_runtime":1210.942499894}