{"mean_mean_reward":324.2144563133333,"_wandb":{"runtime":2360},"_timestamp":1.7499447359767652e+09,"_runtime":2360.841434981,"_step":0}