{"mean_mean_reward": 382.4862644666666, "_timestamp": 1749843863.067648, "_runtime": 2419.290752887726, "_step": 0, "_wandb": {"runtime": 2418}}