{"_timestamp":1.7499392029895544e+09,"_runtime":945.790587239,"_step":0,"_wandb":{"runtime":945},"mean_mean_reward":324.90409709333335}