{"mean_mean_reward": 384.66371207333333, "_timestamp": 1749834771.9650366, "_runtime": 1892.6356556415558, "_step": 0, "_wandb": {"runtime": 1891}}