{"_runtime":1768.586188243,"_step":0,"_wandb":{"runtime":1768},"mean_mean_reward":405.6417325,"_timestamp":1.7499409834140673e+09}