{"mean_mean_reward":333.1538514933333,"_timestamp":1.749980430915543e+09,"_wandb":{"runtime":1497},"_runtime":1497.678801284,"_step":0}