{"_wandb":{"runtime":1241},"_timestamp":1.7499816841629694e+09,"_runtime":1241.631056011,"_step":0,"mean_mean_reward":329.92139161999995}