{"global_step": 401472, "_timestamp": 1749990874.6241841, "rollout/ep_len_mean": 428.1099853515625, "rollout/ep_rew_mean": 1539.3489990234375, "time/fps": 766.0, "_runtime": 1753.9869282245636, "_step": 101, "train/approx_kl": 0.082963727414608, "train/clip_fraction": 0.37312912940979004, "train/clip_range": 0.20000000298023224, "train/entropy_loss": -2.280240297317505, "train/explained_variance": 0.9119042754173279, "train/learning_rate": 0.0012541462201625109, "train/loss": 33.92953109741211, "train/policy_gradient_loss": 0.002060721628367901, "train/std": 0.5218936204910278, "train/value_loss": 150.6949005126953, "_wandb": {"runtime": 1785}}