{"mean_reward": 57.7154599372927, "std_reward": 25.945793326287564, "timestep": 99934, "_timestamp": 1749940374.5148585, "_runtime": 294.9143154621124, "_step": 2632, "test_source_mean_reward": 93.88711714291303, "test_source_std_reward": 21.13867546543996, "test_source_5th_percentile": 69.02355233726406, "test_source_success_rate": 0.0, "test_target_mean_reward": 96.99330415687012, "test_target_std_reward": 18.87330033503317, "test_target_5th_percentile": 71.11378003205871, "test_target_success_rate": 0.0, "AUC_robustness_curve": 0.0, "_wandb": {"runtime": 294}}