{"mean_mean_reward": 386.2011026, "_timestamp": 1749841433.5404055, "_runtime": 1468.337275505066, "_step": 0, "_wandb": {"runtime": 1467}}