{"_wandb":{"runtime":1254},"_runtime":1254.511423928,"_step":0,"mean_mean_reward":864.9950008933334,"_timestamp":1.7499789296296108e+09}