{"_step":0,"mean_mean_reward":598.2935828466667,"_timestamp":1.7499677292531164e+09,"_runtime":1259.115507931,"_wandb":{"runtime":1259}}