{"_wandb":{"runtime":1171},"_step":0,"mean_mean_reward":349.24664576000004,"_timestamp":1.7499664581397874e+09,"_runtime":1171.140166704}