{"global_step":1003328,"_wandb":{"runtime":5744},"_timestamp":1.7499441061112092e+09,"rollout/ep_len_mean":146.21,"train/explained_variance":0.9628854,"train/clip_range":0.2,"_step":3331,"train/learning_rate":0.0007497752,"time/fps":687,"_runtime":5744.88386644,"train/entropy_loss":-0.68898857,"rollout/ep_rew_mean":417.19165,"train/std":0.3122298,"train/approx_kl":0.023476902,"train/clip_fraction":0.26968676,"train/policy_gradient_loss":-0.006535264,"train/value_loss":2.2973826,"train/loss":0.170294}