{"_runtime":1350.742122119,"_step":0,"_wandb":{"runtime":1350},"mean_mean_reward":401.5466509,"_timestamp":1.7499731034570613e+09}