{"_runtime":1562.047074086,"_wandb":{"runtime":1562},"_step":0,"mean_mean_reward":665.1301175266668,"_timestamp":1.7499705294370573e+09}