{"_step":0,"mean_mean_reward":293.87622644666675,"_timestamp":1.7499756888900158e+09,"_runtime":1635.099286017,"_wandb":{"runtime":1635}}