{"_wandb":{"runtime":1933},"_step":0,"mean_mean_reward":379.2451154333333,"_timestamp":1.7499429232212412e+09,"_runtime":1933.010614972}