{"mean_reward": 103.63161362461548, "std_reward": 71.31869112595885, "timestep": 99989, "_timestamp": 1749937931.075506, "_runtime": 743.0858108997345, "_step": 1596, "test_source_mean_reward": 160.13226255850924, "test_source_std_reward": 37.61502094151897, "test_source_5th_percentile": 95.38190547191199, "test_source_success_rate": 0.0, "test_target_mean_reward": 172.5334273618021, "test_target_std_reward": 23.54458394565306, "test_target_5th_percentile": 118.70646449810005, "test_target_success_rate": 0.0, "AUC_robustness_curve": 0.0, "_wandb": {"runtime": 742}}