episode,reward
1,35.621190
2,-12.583507
3,-34.440231
4,13.383065
5,-24.123507
6,-111.196900
7,-171.883548
8,55.557530
9,-27.721677
10,23.726347
11,231.410513
12,-12.741309
13,-27.754067
14,64.545784
15,66.466818
16,-106.343316
17,-6.403996
18,-35.495200
19,-19.807395
20,36.072258
21,48.408428
22,-18.975943
23,-4.406762
24,49.367283
25,-172.516660
26,79.198440
27,-34.098407
28,16.074568
29,-66.018694
30,132.087055
31,9.694336
32,-23.258800
33,40.053504
34,37.126086
35,89.592890
36,-65.934123
37,34.742062
38,-32.991773
39,21.926101
40,50.150133
41,105.895557
42,159.683731
43,-27.065098
44,-28.990949
45,-81.813947
46,-52.920192
47,30.884231
48,40.538371
49,40.209492
50,-54.714791
51,25.184625
52,5.604976
53,-117.329219
54,-35.411096
55,31.467110
56,-55.986966
57,15.856390
58,71.725036
59,-36.062679
60,23.863268
61,-24.159828
62,25.812672
63,51.088098
64,-70.593191
65,-124.460105
66,45.870369
67,-20.822913
68,-83.349473
69,-84.205143
70,-54.794041
71,-15.090156
72,-4.738747
73,1.910538
74,68.026833
75,61.262057
76,-13.558625
77,88.500800
78,-26.961350
79,74.436765
80,-117.601054
81,-14.947208
82,61.433269
83,5.658133
84,8.348845
85,137.872612
86,-24.053287
87,52.084822
88,-35.065543
89,-80.995596
90,-36.360529
91,-16.034803
92,-95.343589
93,-4.939496
94,-17.014556
95,25.438206
96,8.903748
97,-39.527188
98,-41.439942
99,17.654308
100,21.112944
101,-86.908670
102,-97.499334
103,-9.209111
104,-39.319359
105,-122.411721
106,28.975627
107,21.093751
108,-7.779357
109,36.351612
110,212.970731
111,73.617842
112,55.381831
113,1.214225
114,-91.140416
115,19.205411
116,-10.260094
117,-127.293977
118,-11.739660
119,70.517572
120,360.119373
121,-116.683161
122,-76.345820
123,294.536331
124,-51.035411
125,-29.854563
126,-85.981525
127,39.480449
128,-5.771576
129,-19.208220
130,0.117189
131,-59.533455
132,-103.963268
133,-49.813644
134,-6.038632
135,40.163970
136,-16.741472
137,-31.051596
138,-11.403999
139,-113.399957
140,157.041513
141,-223.577784
142,-14.386415
143,-36.638205
144,43.170187
145,9.774270
146,-133.553275
147,26.686100
148,-129.740601
149,11.503537
150,20.160029
151,-78.685516
152,23.262446
153,-24.293359
154,-8.400470
155,-11.154771
156,39.021477
157,15.621683
158,50.881716
159,-23.708031
160,4.659303
161,29.943353
162,38.059563
163,21.853893
164,-46.899325
165,-44.260653
166,-39.760547
167,343.638130
168,-96.885472
169,-67.606949
170,-20.156537
171,22.235943
172,-9.199727
173,215.417080
174,26.496324
175,7.623363
176,3.274398
177,43.542972
178,-7.520967
179,-23.809308
180,-30.046849
181,38.452802
182,-15.399903
183,63.896970
184,8.572144
185,-55.030100
186,60.502632
187,-21.988431
188,27.028248
189,20.563047
190,-80.384090
191,371.528071
192,3.024924
193,347.059821
194,-13.872350
195,-18.144656
196,-8.943065
197,-67.453495
198,-33.580188
199,61.818019
200,-47.605817
201,-29.453017
202,-53.825072
203,-43.582343
204,-27.764175
205,21.408909
206,36.937896
207,-31.162803
208,89.029135
209,54.536275
210,-169.655862
211,21.403994
212,171.436300
213,22.129310
214,67.474976
215,-32.617857
216,63.178517
217,-29.403170
218,16.396200
219,-193.120661
220,5.979857
221,-43.469645
222,32.038640
223,-11.554372
224,100.216564
225,7.611934
226,-58.510155
227,-48.315796
228,17.666935
229,-19.987049
230,95.575726
231,3.133698
232,31.778958
233,-49.797885
234,10.742631
235,78.876445
236,-3.463159
237,-6.644125
238,111.213012
239,-39.893844
240,34.409043
241,-42.590193
242,-22.370509
243,0.321663
244,-22.401589
245,-84.682399
246,21.904267
247,1.773078
248,-24.614759
249,48.738596
250,38.217573
251,392.812670
252,57.358221
253,395.447056
254,28.418957
255,-40.350978
256,-9.216492
257,56.795476
258,-41.729611
259,-22.919881
260,-17.674253
261,-36.928782
262,-10.702021
263,-84.200728
264,128.637259
265,46.614293
266,-7.806576
267,-7.456853
268,2.535233
269,124.233604
270,-32.351882
271,-216.912663
272,20.138576
273,25.674060
274,-7.063548
275,-87.629555
276,-203.193682
277,-13.252026
278,10.347898
279,102.267189
280,27.130897
281,65.565942
282,-12.676296
283,53.821428
284,111.777527
285,-6.574696
286,57.991320
287,-144.241920
288,-26.684276
289,91.396420
290,123.712069
291,22.108290
292,-127.694074
293,-68.592566
294,307.288973
295,15.470476
296,-46.538340
297,18.250626
298,92.803706
299,-0.965375
300,44.417085
301,-28.983916
302,19.310378
303,10.176455
304,-202.068933
305,-46.466088
306,-23.132665
307,9.337031
308,180.538626
309,44.404575
310,11.097633
311,-52.090688
312,29.629048
313,-130.874232
314,15.437758
315,80.812515
316,-0.966446
317,-16.598867
318,-33.767707
319,-66.892489
320,-62.409169
321,65.042778
322,10.607454
323,51.169559
324,-37.651731
325,143.014432
326,48.136375
327,9.018559
328,15.752236
329,63.329093
330,-106.111188
331,-44.483935
332,33.145369
333,-42.107567
334,-48.845988
335,-75.710604
336,48.925122
337,-61.440650
338,-51.943673
339,-20.038723
340,47.558581
341,-10.259642
342,20.554095
343,57.438092
344,-75.149031
345,30.042091
346,-60.380769
347,2.503022
348,-30.020237
349,-63.033104
350,7.569236
351,21.871979
352,16.942282
353,16.591203
354,52.944769
355,26.703268
356,3.267868
357,119.072115
358,23.412442
359,-52.494634
360,-152.505221
361,-18.785729
362,-73.265726
363,-27.387967
364,386.605211
365,-1.096850
366,34.252460
367,-63.892372
368,-95.202826
369,18.390288
370,-64.376323
371,12.147629
372,-27.194041
373,-35.762177
374,-94.980368
375,-147.351600
376,61.009561
377,104.726481
378,-81.027881
379,-31.418018
380,1.290214
381,-18.633969
382,47.438270
383,-58.559062
384,-17.036732
385,7.186961
386,66.379104
387,-9.378196
388,-31.822459
389,-34.331449
390,172.302243
391,107.545517
392,38.656037
393,4.370058
394,-8.217667
395,-59.057835
396,-36.031445
397,40.697989
398,77.468132
399,5.155278
400,12.227034
401,1.294088
402,41.696072
403,-32.743158
404,11.703172
405,144.199511
406,5.786482
407,4.581482
408,40.186874
409,-194.183883
410,-15.477332
411,-59.130793
412,25.638691
413,57.703602
414,34.912718
415,-28.080566
416,172.869703
417,12.015412
418,-17.466365
419,41.834274
420,45.484588
421,11.539314
422,-16.713265
423,169.990342
424,-61.900593
425,40.540402
426,-50.883117
427,-97.770153
428,81.489488
429,-20.512291
430,-6.351097
431,172.880768
432,-46.469939
433,-90.483723
434,3.588330
435,301.228889
436,-81.093955
437,53.723030
438,24.826927
439,-1.076829
440,115.943850
441,332.664416
442,100.951739
443,123.770848
444,-73.019915
445,-44.573517
446,-32.331027
447,-2.821659
448,67.208667
449,-21.770800
450,36.867206
451,39.113155
452,-22.916514
453,-1.440687
454,-42.252619
455,384.269179
456,-47.935992
457,0.367153
458,50.378015
459,12.330583
460,10.673255
461,318.417841
462,0.139975
463,4.978228
464,-143.539856
465,39.620820
466,43.784346
467,82.450294
468,-3.669510
469,4.181261
470,85.822291
471,-32.701832
472,-111.324861
473,-4.473428
474,-84.958880
475,-32.419993
476,17.009707
477,308.171605
478,49.502425
479,67.513266
480,154.982113
481,-26.606084
482,-19.303221
483,66.943554
484,-26.401643
485,174.899325
486,-1.699435
487,45.952331
488,22.409870
489,-4.718623
490,65.547496
491,7.400194
492,-138.106607
493,29.110027
494,39.702485
495,-37.879186
496,203.778198
497,-7.000954
498,48.997664
499,-34.884429
500,153.870462
501,-5.188170
502,-35.457378
503,-148.987136
504,65.743890
505,-0.724969
506,-26.254197
507,-11.575819
508,87.847128
509,-101.333447
510,24.150977
511,4.523017
512,-25.268645
513,-66.143142
514,40.785791
515,19.979055
516,77.144166
517,12.128474
518,3.696026
519,-35.830633
520,-5.182780
521,8.692210
522,222.409983
523,110.583570
524,-67.262494
525,-26.374173
526,87.206485
527,-43.160907
528,110.629414
529,5.235495
530,73.923376
531,13.799450
532,-6.954934
533,-113.842848
534,-3.487419
535,-70.938140
536,-60.766797
537,2.587216
538,90.741847
539,-5.435527
540,-65.964966
541,-20.478243
542,70.958831
543,55.964541
544,-92.144943
545,66.737437
546,14.270152
547,21.306354
548,5.576737
549,40.686079
550,-53.223515
551,-40.631028
552,27.107771
553,-84.615891
554,51.175351
555,57.577490
556,444.668934
557,-30.173955
558,17.022847
559,-31.565044
560,-36.414922
561,-62.984469
562,22.861405
563,-26.313980
564,127.057595
565,-15.077343
566,38.840255
567,-189.585805
568,-19.871057
569,27.278208
570,-45.866820
571,26.485045
572,4.260780
573,-16.382090
574,86.267121
575,50.727993
576,25.555639
577,-37.412637
578,81.946030
579,12.707552
580,-186.713635
581,2.779666
582,29.154012
583,-77.791898
584,-48.421303
585,18.028202
586,-74.640852
587,98.623033
588,54.827721
589,15.486125
590,-120.184639
591,-30.418548
592,-33.826213
593,14.987848
594,-63.378867
595,68.903398
596,28.323933
597,-29.443200
598,-54.072433
599,45.330222
600,9.216361
601,-57.758067
602,-97.624608
603,-52.225919
604,-19.828501
605,81.898612
606,-18.523046
607,116.971382
608,31.768483
609,28.920323
610,224.820675
611,-2.374878
612,334.857201
613,77.311454
614,401.479274
615,299.734035
616,166.300623
617,67.754914
618,-108.167359
619,86.356355
620,-20.729928
621,60.753025
622,125.179450
623,329.416395
624,1.396570
625,153.073197
626,107.784826
627,1.226219
628,296.073770
629,36.932968
630,-152.756676
631,-43.390362
632,114.342732
633,69.492528
634,28.293191
635,123.131486
636,148.946524
637,12.730091
638,214.321742
639,-56.893061
640,-42.357803
641,590.540324
642,-35.901355
643,22.228135
644,186.747627
645,-19.028656
646,-53.179521
647,-6.115958
648,76.558980
649,-25.846954
650,27.440960
651,-46.790713
652,-81.451520
653,41.166816
654,-14.260421
655,308.401062
656,54.401586
657,-31.528878
658,55.581888
659,99.582156
660,129.924515
661,280.320376
662,-38.761553
663,333.538207
664,35.665470
665,17.776986
666,419.154879
667,253.833967
668,31.330868
669,235.383736
670,-94.778083
671,49.546599
672,-13.265712
673,35.846599
674,-14.871113
675,360.260926
676,8.230306
677,-14.116865
678,-4.643890
679,-98.338222
680,108.474795
681,86.873715
682,265.489491
683,32.447155
684,53.188638
685,-41.327448
686,29.510116
687,50.834564
688,133.629891
689,-5.289244
690,-6.538753
691,-98.794604
692,176.758508
693,-1.903584
694,-16.012046
695,262.274179
696,19.562304
697,-109.581726
698,53.366951
699,-5.729365
700,300.969482
701,81.601591
702,46.053366
703,319.865101
704,15.399238
705,-140.256552
706,-81.922262
707,146.075768
708,106.175585
709,-3.463431
710,415.217930
711,12.298038
712,-45.281714
713,69.111431
714,-66.490511
715,301.064830
716,63.773277
717,29.817353
718,28.871802
719,263.980560
720,123.434389
721,73.925497
722,78.444423
723,26.959181
724,238.254733
725,379.893882
726,78.595522
727,22.563747
728,225.183845
729,9.556593
730,63.320688
731,7.391257
732,-114.862691
733,323.370798
734,23.032408
735,-7.576213
736,339.450759
737,98.694267
738,-124.307730
739,123.809877
740,100.824186
741,-18.708195
742,47.822344
743,22.544647
744,-8.582348
745,15.836811
746,185.184009
747,7.923330
748,35.173284
749,78.519878
750,-7.835551
751,64.890037
752,-17.773072
753,214.462129
754,18.479907
755,7.307960
756,458.401972
757,9.400751
758,-0.843302
759,362.604564
760,21.705667
761,7.763221
762,57.746645
763,105.721452
764,-106.657270
765,-136.378001
766,-25.809230
767,166.964196
768,29.327986
769,335.471176
770,42.423402
771,9.144077
772,89.285662
773,340.148449
774,-24.254121
775,16.861322
776,310.427145
777,56.458717
778,-39.876410
779,357.447882
780,87.105995
781,303.686010
782,192.073645
783,-37.063222
784,91.909256
785,303.140258
786,47.716528
787,64.440503
788,64.552612
789,47.990601
790,335.529278
791,59.546770
792,-25.613349
793,32.860120
794,46.235295
795,91.650257
796,92.838800
797,295.226593
798,-63.143115
799,124.114105
800,374.392651
801,-106.870177
802,-31.941617
803,163.177868
804,-40.726311
805,-0.763343
806,54.831786
807,271.605587
808,55.331075
809,66.004357
810,87.796979
811,209.696728
812,-25.102447
813,-165.922325
814,296.467271
815,123.593231
816,56.668999
817,50.884661
818,67.924576
819,-34.318852
820,317.564813
821,202.627104
822,-35.434541
823,219.067436
824,93.064280
825,87.886663
826,121.277201
827,77.421408
828,-9.878751
829,105.179643
830,39.041006
831,283.393051
832,21.650954
833,-39.948426
834,224.451258
835,277.356013
836,-100.019097
837,289.187622
838,185.709585
839,-58.090132
840,-79.484633
841,13.821650
842,326.855574
843,360.264384
844,78.437797
845,30.027168
846,-33.089178
847,46.697874
848,81.146103
849,96.804761
850,207.277788
851,155.125903
852,319.625880
853,-15.717304
854,399.921061
855,-6.390041
856,31.724182
857,212.796253
858,-41.535744
859,319.824083
860,42.775291
861,301.545651
862,-9.711569
863,477.569348
864,27.000826
865,37.553104
866,5.058791
867,-22.259753
868,330.869841
869,28.256467
870,201.689904
871,-42.164901
872,19.831583
873,282.411521
874,40.037268
875,347.691782
876,-22.461156
877,321.689179
878,13.508270
879,325.530214
880,126.105190
881,314.317197
882,111.832184
883,57.467595
884,23.886169
885,2.176765
886,102.094703
887,74.401834
888,258.109632
889,80.117448
890,389.125744
891,227.789300
892,356.847634
893,64.338676
894,139.930311
895,19.552155
896,97.787256
897,78.599766
898,155.853757
899,20.964125
900,43.765444
901,-17.157492
902,331.965873
903,42.105072
904,83.325238
905,10.848254
906,-0.244338
907,21.227971
908,-7.993929
909,155.410656
910,358.084416
911,119.660562
912,94.827623
913,112.881339
914,130.705115
915,5.231351
916,102.344861
917,6.275501
918,85.823575
919,66.727306
920,34.658757
921,-11.498840
922,357.603402
923,140.560077
924,21.701832
925,-110.522898
926,30.138234
927,51.241831
928,128.876080
929,37.568818
930,118.185838
931,299.636757
932,53.898451
933,-58.546291
934,63.251406
935,47.521967
936,-47.625336
937,-84.113884
938,-78.905505
939,50.864144
940,134.098615
941,94.244478
942,-78.677961
943,-27.475558
944,58.995301
945,-8.800283
946,-15.963063
947,69.098216
948,252.904891
949,98.315280
950,320.729990
951,-33.649331
952,48.673998
953,-38.474559
954,399.004839
955,-53.949482
956,-14.483353
957,-9.893912
958,-92.944458
959,25.839479
960,-47.120151
961,414.925631
962,-71.593638
963,40.615684
964,443.335503
965,23.886877
966,-48.978547
967,73.598239
968,334.675395
969,330.309404
970,12.705992
971,42.820941
972,3.962431
973,28.180762
974,82.844816
975,-40.521978
976,226.112409
977,146.790572
978,20.039991
979,72.267713
980,68.026637
981,35.719565
982,162.259505
983,124.951184
984,379.168100
985,306.339708
986,60.343060
987,77.570857
988,15.980024
989,30.177130
990,366.444223
991,-105.678533
992,9.327763
993,280.920767
994,41.955063
995,1.202276
996,81.503515
997,51.348835
998,1.534214
999,223.967464
1000,227.774001
1001,-92.314099
1002,429.258848
1003,25.902014
1004,147.763127
1005,24.376895
1006,66.101766
1007,2.895287
1008,48.362222
1009,30.842985
1010,342.954078
1011,105.972765
1012,61.001370
1013,9.266343
1014,-116.828551
1015,75.642327
1016,27.321272
1017,68.594484
1018,212.063691
1019,101.609585
1020,-46.259749
1021,11.636542
1022,54.912690
1023,382.685082
1024,15.063072
1025,-39.436832
1026,263.730393
1027,224.338502
1028,45.645490
1029,67.139199
1030,272.246263
1031,-36.221825
1032,22.737114
1033,80.040036
1034,304.878985
1035,300.186240
1036,15.660424
1037,343.921762
1038,458.648248
1039,332.122022
1040,308.905082
1041,289.348853
1042,234.746365
1043,308.380188
1044,517.686671
1045,-11.372739
1046,-19.007235
1047,318.021381
1048,-30.336672
1049,333.460850
1050,348.501604
1051,384.824151
1052,-52.437209
1053,275.776211
1054,388.026762
1055,168.320930
1056,308.635693
1057,-19.760823
1058,4.292151
1059,364.355724
1060,343.147444
1061,344.580793
1062,329.502135
1063,299.013469
1064,37.019499
1065,318.130697
1066,376.551266
1067,324.002305
1068,357.140448
1069,250.749133
1070,373.525780
1071,158.836056
1072,294.138711
1073,224.813460
1074,-0.093738
1075,493.471002
1076,32.483171
1077,478.410544
1078,472.651678
1079,94.073323
1080,257.528734
1081,466.319867
1082,348.618964
1083,331.058956
1084,183.603462
1085,90.804103
1086,361.853112
1087,414.581613
1088,311.384988
1089,300.084168
1090,41.426996
1091,282.724145
1092,355.581719
1093,302.094096
1094,157.790943
1095,220.255287
1096,68.954105
1097,465.107751
1098,250.747297
1099,310.132153
1100,311.446933
1101,346.947804
1102,493.439655
1103,32.956299
1104,276.684331
1105,277.759401
1106,0.768047
1107,-9.698137
1108,364.948363
1109,345.893059
1110,317.106947
1111,144.225886
1112,301.107519
1113,470.767645
1114,335.225084
1115,108.364333
1116,328.145362
1117,116.433940
1118,299.002570
1119,270.196289
1120,341.627585
1121,369.932220
1122,114.837688
1123,378.775776
1124,478.729096
1125,366.799280
1126,54.494863
1127,373.540112
1128,404.371471
1129,328.521997
1130,468.772128
1131,402.051489
1132,374.133116
1133,196.193431
1134,152.513998
1135,236.691183
1136,-47.414944
1137,386.671284
1138,337.774426
1139,5.315584
1140,399.588777
1141,410.266008
1142,363.847603
1143,506.123993
1144,345.642119
1145,139.585137
1146,341.114926
1147,425.075712
1148,44.941964
1149,389.070407
1150,274.966919
1151,298.819549
1152,343.358008
1153,187.012471
1154,269.566650
1155,371.558144
1156,334.577281
1157,299.008716
1158,293.957449
1159,367.891899
1160,418.194084
1161,307.632323
1162,346.131543
1163,19.596605
1164,314.890145
1165,130.924857
1166,328.217220
1167,400.317121
1168,163.856289
1169,67.934719
1170,311.250879
1171,263.745667
1172,394.902068
1173,156.137926
1174,41.432578
1175,316.945169
1176,-20.700336
1177,298.454298
1178,344.720736
1179,14.916050
1180,404.388483
1181,313.559812
1182,291.103804
1183,330.849616
1184,48.700394
1185,269.027939
1186,-7.712383
1187,4.761784
1188,328.871996
1189,165.360915
1190,332.615346
1191,285.914432
1192,326.261123
1193,124.479866
1194,79.792860
1195,333.580594
1196,75.132612
1197,340.566678
1198,117.799753
1199,298.192456
1200,324.709016
1201,543.408978
1202,100.677265
1203,342.583678
1204,34.526534
1205,285.028273
1206,516.447694
1207,303.693379
1208,395.622679
1209,17.291205
1210,411.834674
1211,328.962375
1212,338.056942
1213,325.469964
1214,152.433427
1215,339.143636
1216,40.919963
1217,455.590553
1218,421.017171
1219,4.996207
1220,360.413169
1221,167.241169
1222,277.302240
1223,388.861432
1224,320.650323
1225,378.020836
1226,245.807363
1227,382.449671
1228,387.784802
1229,409.045615
1230,353.192697
1231,324.803313
1232,433.562405
1233,403.007590
1234,368.202278
1235,365.963107
1236,301.737815
1237,367.242349
1238,395.738304
1239,307.505404
1240,-1.142507
1241,354.102992
1242,362.267602
1243,344.670408
1244,414.086965
1245,335.979977
1246,-31.105613
1247,370.007093
1248,400.196911
1249,386.171410
1250,292.862248
1251,463.810028
1252,405.368554
1253,326.660871
1254,43.958713
1255,348.157625
1256,337.079639
1257,374.111461
1258,168.484306
1259,335.060525
1260,266.817852
1261,18.476548
1262,294.940207
1263,373.747333
1264,348.678469
1265,288.425330
1266,345.029212
1267,111.105067
1268,271.169524
1269,246.432517
1270,108.334370
1271,416.246665
1272,280.628611
1273,311.113167
1274,299.680149
1275,272.661380
1276,346.832193
1277,351.705205
1278,342.943037
1279,301.811229
1280,174.336092
1281,389.830026
1282,375.092891
1283,70.638331
1284,145.781700
1285,256.436016
1286,295.533653
1287,-49.166613
1288,348.537922
1289,358.309034
1290,24.817413
1291,-15.187546
1292,413.527656
1293,370.063481
1294,19.481336
1295,-9.211224
1296,357.884148
1297,309.173327
1298,194.486455
1299,372.834090
1300,330.862004
1301,336.070630
1302,274.425495
1303,289.573721
1304,395.106059
1305,338.165859
1306,340.774460
1307,318.937224
1308,331.864821
1309,320.040372
1310,385.556670
1311,305.868637
1312,284.854393
1313,365.119890
1314,320.161729
1315,335.728753
1316,398.785008
1317,291.989320
1318,297.918509
1319,298.329126
1320,359.866217
1321,327.652222
1322,367.154755
1323,296.650421
1324,342.221712
1325,332.429635
1326,53.363190
1327,324.966814
1328,443.869233
1329,432.752246
1330,313.105386
1331,359.276530
1332,416.727746
1333,334.549228
1334,313.228367
1335,315.575070
1336,376.765238
1337,302.161114
1338,306.508515
1339,417.245669
1340,275.619096
1341,353.555795
1342,381.711121
1343,476.116200
1344,235.575027
1345,471.874494
1346,315.345616
1347,283.013582
1348,314.677223
1349,344.985237
1350,392.406177
1351,294.499957
1352,354.135803
1353,355.561672
1354,306.947055
1355,326.327993
1356,325.622309
1357,337.922589
1358,307.135953
1359,363.078385
1360,315.059934
1361,302.386779
1362,389.687572
1363,308.757060
1364,257.604823
1365,476.174199
1366,400.528628
1367,332.768297
1368,317.608683
1369,326.837076
1370,341.793873
1371,360.007781
1372,310.068172
1373,309.115383
1374,252.289239
1375,317.359274
1376,422.590180
1377,253.176064
1378,293.396284
1379,352.403301
1380,497.483909
1381,81.018675
1382,328.353761
1383,318.675405
1384,341.927236
1385,335.400919
1386,262.785423
1387,300.902562
1388,343.370457
1389,16.482397
1390,310.768060
1391,362.699310
1392,363.696305
1393,380.392678
1394,351.165408
1395,432.735403
1396,373.548162
1397,287.881204
1398,402.280312
1399,309.228056
1400,283.758576
1401,318.993045
1402,323.052668
1403,282.680342
1404,310.270716
1405,445.210585
1406,332.890788
1407,328.099326
1408,458.394683
1409,355.678931
1410,346.689984
1411,414.199690
1412,335.152341
1413,373.775577
1414,330.939083
1415,313.589107
1416,327.428662
1417,335.379565
1418,340.175876
1419,337.163657
1420,312.030391
1421,310.383771
1422,309.183106
1423,444.541984
1424,359.318889
1425,337.545947
1426,337.197012
1427,354.236972
1428,304.849683
1429,406.965484
1430,44.551223
1431,406.946058
1432,329.189801
1433,317.692371
1434,314.550695
1435,471.015722
1436,414.735330
1437,69.721850
1438,389.965304
1439,431.152396
1440,295.462296
1441,319.532266
1442,340.702449
1443,303.021557
1444,307.714681
1445,281.348732
1446,309.551057
1447,327.331537
1448,354.944521
1449,288.010207
1450,332.769440
1451,333.585699
1452,313.512101
1453,306.018405
1454,339.221336
1455,287.856546
1456,308.986743
1457,287.192268
1458,372.349353
1459,294.741937
1460,329.916796
1461,38.937889
1462,307.592400
1463,364.649577
1464,296.936093
1465,340.812054
1466,344.166512
1467,260.755785
1468,304.227220
1469,287.537848
1470,394.390153
1471,283.295084
1472,386.441932
1473,303.643031
1474,329.537053
1475,345.981144
1476,295.644683
1477,351.079252
1478,296.051974
1479,369.959329
1480,491.770367
1481,290.183472
1482,390.986685
1483,305.171368
1484,320.695083
1485,317.494541
1486,536.401998
1487,334.852711
1488,323.135461
1489,272.917991
1490,395.216050
1491,364.789617
1492,317.786748
1493,418.603524
1494,377.781787
1495,400.831299
1496,363.766654
1497,375.663327
1498,346.177169
1499,299.938274
1500,474.964504
1501,440.217653
1502,329.248807
1503,399.961637
1504,336.336309
1505,326.093087
1506,387.234025
1507,285.473320
1508,496.072108
1509,314.414133
1510,322.940437
1511,295.601193
1512,311.391811
1513,323.847117
1514,394.028383
1515,309.651198
1516,344.102724
1517,382.642738
1518,322.636508
1519,344.636416
1520,294.065013
1521,341.309560
1522,297.472319
1523,309.614146
1524,94.248151
1525,381.127240
1526,380.477644
1527,430.566437
1528,368.059004
1529,315.889744
1530,374.442883
1531,321.648396
1532,318.748343
1533,318.665172
1534,352.882947
1535,331.567553
1536,371.266783
1537,335.096476
1538,314.325806
1539,181.515999
1540,360.164775
1541,324.104211
1542,321.802030
1543,389.944807
1544,382.964118
1545,306.458242
1546,364.854860
1547,312.385612
1548,352.949587
1549,330.757884
1550,374.382984
1551,399.961157
1552,427.525695
1553,396.505299
1554,314.701353
1555,269.739187
1556,312.458604
1557,327.561197
1558,332.471301
1559,375.070309
1560,394.874304
1561,432.199048
1562,348.877418
1563,291.000566
1564,403.559102
1565,406.514053
1566,379.592267
1567,431.320917
1568,391.448180
1569,435.990211
1570,296.056256
1571,360.714500
1572,391.021079
1573,326.543816
1574,475.299440
1575,461.685290
1576,374.456486
1577,320.369194
1578,402.399558
1579,322.613528
1580,378.357745
1581,278.006487
1582,453.214401
1583,410.349823
1584,390.398258
1585,267.690889
1586,279.186410
1587,418.039583
1588,373.204184
1589,312.252686
1590,323.938597
1591,461.894506
1592,403.202106
1593,375.887992
1594,377.082596
1595,416.439757
1596,299.370934
1597,274.451297
1598,360.416197
1599,299.703084
1600,426.231466
1601,390.391030
1602,294.244005
1603,326.999182
1604,293.451010
1605,312.901922
1606,278.896501
1607,297.864636
1608,388.056673
1609,312.969229
1610,424.783456
1611,378.841785
1612,409.307395
1613,323.858061
1614,358.765522
1615,382.766926
1616,385.752946
1617,329.417441
1618,322.921780
1619,313.287243
1620,387.196030
1621,354.378815
1622,471.054425
1623,334.922134
1624,411.130266
1625,299.487061
1626,399.817961
1627,409.924735
1628,235.163328
1629,407.490141
1630,332.501733
1631,315.643373
1632,336.292506
1633,405.831693
1634,417.258881
1635,324.906766
1636,416.272890
1637,411.398564
1638,329.199240
1639,326.069099
1640,440.117458
1641,318.576888
1642,353.046040
1643,440.661278
1644,510.063440
1645,336.140296
1646,366.292319
1647,305.066990
1648,443.787785
1649,420.511402
1650,434.375799
1651,310.125989
1652,398.134332
1653,466.136633
1654,345.484986
1655,279.815007
1656,407.855682
1657,328.275035
1658,309.346941
1659,431.906502
1660,383.718118
1661,360.360967
1662,330.645999
1663,334.129822
1664,414.253595
1665,419.700189
1666,390.224064
1667,432.199364
1668,404.126598
1669,304.470171
1670,53.431364
1671,298.175966
1672,384.696182
1673,488.295361
1674,365.129133
1675,345.218400
1676,444.348680
1677,281.969832
1678,372.381089
1679,296.085359
1680,304.667845
1681,312.407153
1682,319.534299
1683,457.134831
1684,269.877307
1685,411.108678
1686,429.948634
1687,406.754173
1688,323.407515
1689,338.364061
1690,459.136179
1691,475.074212
1692,355.988056
1693,532.237997
1694,437.707737
1695,433.924170
1696,444.824437
1697,399.590276
1698,437.953510
1699,303.062179
1700,306.916303
1701,398.219295
1702,302.142029
1703,385.271055
1704,311.948708
1705,445.691131
1706,478.321602
1707,325.839055
1708,312.450622
1709,515.454934
1710,415.605600
1711,342.832419
1712,286.381548
1713,317.207996
1714,354.329527
1715,333.846257
1716,363.986295
1717,389.814222
1718,407.186797
1719,433.074464
1720,460.388708
1721,328.411053
1722,356.887437
1723,437.184287
1724,428.854292
1725,427.363862
1726,451.480347
1727,427.843103
1728,330.900203
1729,371.452600
1730,447.681086
1731,382.810225
1732,319.682860
1733,287.240280
1734,319.290808
1735,268.260330
1736,377.733689
1737,305.096276
1738,338.027630
1739,381.694835
1740,344.317704
1741,444.844490
1742,316.007783
1743,301.644355
1744,486.720391
1745,433.090271
1746,269.987884
1747,309.909184
1748,325.267908
1749,434.576781
1750,326.558421
1751,381.348229
1752,410.683639
1753,307.531905
1754,316.344776
1755,438.348832
1756,419.139005
1757,351.940890
1758,300.375673
1759,350.681917
1760,459.741208
1761,430.133299
1762,402.519137
1763,327.216580
1764,396.897840
1765,416.333873
1766,385.823905
1767,411.038621
1768,287.971750
1769,427.039841
1770,417.757176
1771,324.857905
1772,395.524489
1773,389.985055
1774,307.536823
1775,408.752092
1776,306.920623
1777,338.976314
1778,312.955190
1779,376.516405
1780,458.257660
1781,310.824903
1782,378.741399
1783,429.931706
1784,412.729040
1785,480.218676
1786,388.509573
1787,309.151438
1788,297.127572
1789,292.100195
1790,345.683048
1791,488.611634
1792,365.915385
1793,403.801140
1794,311.626759
1795,315.115390
1796,405.716868
1797,425.423503
1798,444.308520
1799,462.459970
1800,347.567633
1801,361.615598
1802,331.306638
1803,319.679676
1804,284.365666
1805,347.072017
1806,324.208779
1807,432.079687
1808,402.881044
1809,456.131089
1810,341.566583
1811,409.127686
1812,477.552775
1813,421.311689
1814,398.096607
1815,482.806559
1816,383.413997
1817,388.610663
1818,260.250501
1819,404.556929
1820,439.369485
1821,386.714092
1822,420.407763
1823,439.455679
1824,408.394330
1825,489.266351
1826,421.760395
1827,428.181441
1828,404.531092
1829,483.665566
1830,428.039075
1831,425.757471
1832,451.066940
1833,435.881768
1834,411.534303
1835,445.672257
1836,391.827531
1837,445.370200
1838,322.333571
1839,445.148269
1840,484.631649
1841,459.507803
1842,490.880123
1843,448.227210
1844,309.884794
1845,458.706315
1846,467.121586
1847,422.807712
1848,475.319061
1849,402.740845
1850,381.942550
1851,491.055088
1852,479.337224
1853,355.164641
1854,479.585164
1855,383.025755
1856,470.444947
1857,408.218716
1858,437.157771
1859,459.204221
1860,432.130436
1861,426.651721
1862,411.450237
1863,435.123993
1864,445.919235
1865,382.243552
1866,386.781496
1867,439.310023
1868,443.033500
1869,317.023639
1870,447.038784
1871,438.640012
1872,443.860174
1873,476.495030
1874,420.324498
1875,421.380421
1876,437.631354
1877,452.257067
1878,414.436404
1879,405.198478
1880,271.781660
1881,439.569871
1882,438.644436
1883,505.853849
1884,485.427005
1885,410.742154
1886,438.863555
1887,430.601134
1888,462.150400
1889,460.116491
1890,562.796578
1891,460.205651
1892,422.471679
1893,456.814459
1894,361.011797
1895,415.081900
1896,425.892713
1897,509.196461
1898,402.666685
1899,432.824943
1900,450.316672
1901,304.288826
1902,433.746492
1903,440.386984
1904,493.077748
1905,435.176926
1906,439.554599
1907,432.426431
1908,457.013584
1909,457.532588
1910,459.606781
1911,420.176901
1912,398.574471
1913,438.720396
1914,367.772067
1915,421.744047
1916,428.261593
1917,469.539887
1918,435.540576
1919,457.563447
1920,469.313615
1921,337.654399
1922,492.329063
1923,454.625321
1924,331.660235
1925,417.332725
1926,307.841810
1927,481.696746
1928,415.890242
1929,410.627115
1930,393.038734
1931,521.169840
1932,458.036203
1933,426.464295
1934,453.075239
1935,418.167074
1936,460.932856
1937,434.497296
1938,425.237227
1939,407.178655
1940,431.017549
1941,305.458965
1942,457.195743
1943,504.263975
1944,438.066257
1945,437.215619
1946,455.066701
1947,460.920610
1948,412.686046
1949,515.674617
1950,445.688420
1951,455.738000
1952,407.772034
1953,424.197937
1954,435.870565
1955,354.855879
1956,442.222668
1957,449.569847
1958,330.886502
1959,454.818809
1960,495.557762
1961,369.053700
1962,425.900889
1963,403.785286
1964,398.089998
1965,467.650115
1966,418.703518
1967,438.154758
1968,488.773165
1969,547.644432
1970,426.457546
1971,337.229324
1972,384.480933
1973,447.802969
1974,473.571770
1975,412.466104
1976,428.812702
1977,392.593959
1978,415.796350
1979,436.748093
1980,453.018350
1981,458.579455
1982,454.488176
1983,543.983269
1984,279.066905
1985,412.820316
1986,309.273100
1987,273.495773
1988,371.027764
1989,445.149343
1990,444.597617
1991,443.216670
1992,398.313771
1993,445.330921
1994,442.091219
1995,445.577552
1996,468.269797
1997,380.305160
1998,419.534121
1999,395.163899
2000,412.300899
2001,466.052520
2002,389.476468
2003,414.101379
2004,460.638100
2005,493.294962
2006,414.398763
2007,402.282446
2008,416.074585
2009,459.391669
2010,474.416983
2011,437.454468
2012,475.717147
2013,472.904244
2014,449.855604
2015,411.934253
2016,438.831072
2017,405.590210
2018,445.694288
2019,427.370224
2020,465.898765
2021,425.159916
2022,387.448376
2023,486.563333
2024,464.516248
2025,357.277856
2026,444.451446
2027,461.295197
2028,434.897189
2029,441.625746
2030,470.481679
2031,453.779879
2032,488.578812
2033,435.985719
2034,407.854652
2035,474.590059
2036,418.291194
2037,435.842806
2038,303.218338
2039,488.342294
2040,515.593951
2041,474.227020
2042,323.620811
2043,437.896844
2044,479.421041
2045,410.953560
2046,455.703437
2047,419.204631
2048,429.098643
2049,474.418592
2050,452.163821
2051,455.664780
2052,395.425116
2053,449.436315
2054,394.664262
2055,484.961181
2056,434.815325
2057,447.552605
2058,428.031399
2059,416.058312
2060,437.156100
2061,433.603842
2062,348.824949
2063,436.278286
2064,467.080751
2065,461.788086
2066,409.967345
2067,444.808932
2068,357.109715
2069,446.804377
2070,457.382848
2071,437.331774
2072,444.202681
2073,452.497756
2074,473.622031
2075,432.436530
2076,440.269232
2077,456.359285
2078,431.061070
2079,479.076975
2080,415.177628
2081,482.621745
2082,451.230493
2083,435.034994
2084,383.795726
2085,454.500548
2086,475.526697
2087,425.161464
2088,411.985241
2089,432.477839
2090,475.497377
2091,455.585507
2092,404.799241
2093,420.416019
2094,435.292776
2095,468.716935
2096,420.775095
2097,434.986761
2098,441.108849
2099,433.212584
2100,440.498802
2101,428.878607
2102,425.130237
2103,419.137963
2104,349.930078
2105,456.158597
2106,461.084069
2107,399.728772
2108,422.306164
2109,488.619653
2110,467.926533
2111,430.173377
2112,426.350844
2113,446.646947
2114,451.306654
2115,399.004334
2116,407.429188
2117,435.296731
2118,425.435222
2119,441.589771
2120,418.665114
2121,444.273884
2122,422.869776
2123,443.617541
2124,417.864783
2125,486.537337
2126,406.156804
2127,459.570243
2128,440.724325
2129,466.236856
2130,429.956386
2131,350.109171
2132,450.091763
2133,404.448729
2134,492.259751
2135,434.988916
2136,493.840180
2137,439.010667
2138,468.069087
2139,425.158596
2140,414.904409
2141,438.265424
2142,434.915493
2143,438.297736
2144,482.732061
2145,450.801582
2146,433.762480
2147,406.929558
2148,477.250967
2149,465.299864
2150,434.012885
2151,449.006027
2152,497.368961
2153,438.911364
2154,469.778949
2155,463.906480
2156,454.553691
2157,454.897301
2158,443.993978
2159,408.010716
2160,436.996642
2161,424.711850
2162,448.666857
2163,489.942463
2164,446.186245
2165,477.610318
2166,461.368261
2167,400.757996
2168,453.549892
2169,456.268605
2170,428.638039
2171,315.515906
2172,479.318213
2173,429.710584
2174,491.208027
2175,433.329555
2176,458.171783
2177,469.391998
2178,393.914823
2179,444.304240
2180,468.530169
2181,473.383996
2182,448.421821
2183,439.666562
2184,439.489754
2185,439.525278
2186,437.538393
2187,505.318944
2188,425.542155
2189,444.333421
2190,429.999778
2191,445.332045
2192,424.066297
2193,516.552643
2194,425.010983
2195,369.481533
2196,434.691344
2197,383.104148
2198,474.205150
2199,580.527529
2200,423.568512
2201,387.889146
2202,418.091450
2203,478.536392
2204,465.099194
2205,463.957910
2206,444.928170
2207,480.371824
2208,470.417854
2209,470.876132
2210,478.377185
2211,456.198715
2212,674.964247
2213,448.250147
2214,465.867731
2215,448.805864
2216,514.587243
2217,425.100286
2218,411.557835
2219,495.693122
2220,395.272946
2221,351.495938
2222,463.496431
2223,493.548880
2224,432.363833
2225,398.318250
2226,419.054293
2227,476.862389
2228,533.331056
2229,449.750319
2230,379.135558
2231,413.519074
2232,449.259171
2233,444.178895
2234,435.803103
2235,442.354006
2236,492.150375
2237,480.900961
2238,511.303398
2239,453.397879
2240,457.666437
2241,433.384311
2242,548.341759
2243,468.674073
2244,415.469218
2245,426.476956
2246,448.334548
2247,423.333726
2248,405.494389
2249,485.434887
2250,509.948198
2251,415.978990
2252,481.669809
2253,446.638816
2254,444.819718
2255,419.020355
2256,456.495356
2257,451.384725
2258,569.623830
2259,434.642530
2260,440.792952
2261,423.240600
2262,426.397876
2263,444.364119
2264,516.575970
2265,417.543036
2266,555.643323
2267,461.717528
2268,430.406418
2269,437.362768
2270,486.272677
2271,429.479055
2272,485.699162
2273,437.099682
2274,479.330187
2275,439.562070
2276,442.943883
2277,469.801390
2278,467.983542
2279,442.030628
2280,456.400985
2281,432.406463
2282,680.713916
2283,553.386724
2284,439.993759
2285,427.693459
2286,478.455238
2287,443.006349
2288,476.614356
2289,493.253504
2290,611.158151
2291,497.531787
2292,457.813866
2293,427.500560
2294,543.641461
2295,394.065662
2296,456.807976
2297,471.675060
2298,512.150453
2299,435.243749
2300,429.954100
2301,458.108708
2302,527.988080
2303,609.411217
2304,481.753892
2305,496.513154
2306,451.725841
2307,497.399058
2308,413.828951
2309,563.356973
2310,436.465718
2311,430.842557
2312,433.426967
2313,431.071786
2314,505.420616
2315,276.635356
2316,457.862122
2317,413.376703
2318,432.919128
2319,423.396312
2320,465.354173
2321,427.252339
2322,418.037630
2323,451.995383
2324,479.359104
2325,449.671402
2326,475.346208
2327,493.688145
2328,473.361457
2329,463.268233
2330,426.932580
2331,425.876738
2332,390.428449
2333,444.322004
2334,492.940144
2335,486.639174
2336,433.411197
2337,420.455155
2338,467.972884
2339,436.485077
2340,478.464843
2341,517.608969
2342,432.684814
2343,423.571743
2344,464.456427
2345,458.944289
2346,432.644436
2347,447.744311
2348,462.412714
2349,448.172708
2350,500.380155
2351,434.577255
2352,422.196510
2353,463.658446
2354,480.975980
2355,437.458834
2356,445.781331
2357,459.211248
2358,481.955837
2359,508.986366
2360,438.229750
2361,490.385584
2362,440.568915
2363,445.297565
2364,395.084527
2365,469.721413
2366,477.058742
2367,434.306808
2368,420.133528
2369,465.557412
2370,499.718772
2371,563.283654
2372,318.430660
2373,404.734673
2374,418.701473
2375,430.821452
2376,440.758588
2377,437.282961
2378,442.247843
2379,446.785828
2380,745.274292
2381,474.235548
2382,425.577885
2383,398.764049
2384,459.588171
2385,437.608357
2386,419.517549
2387,498.213247
2388,453.307691
2389,500.185126
2390,405.542888
2391,482.961563
2392,557.730021
2393,425.917959
2394,449.091673
2395,480.859355
2396,583.436003
2397,524.207031
2398,452.898765
2399,446.076649
2400,467.300057
2401,427.423203
2402,458.239243
2403,440.884413
2404,437.478420
2405,471.829324
2406,437.205709
2407,412.222529
2408,450.459832
2409,447.936387
2410,473.080124
2411,429.605947
2412,465.230509
2413,422.926288
2414,458.844347
2415,433.825108
2416,517.342978
2417,464.728332
2418,468.845487
2419,424.021359
2420,394.725235
2421,480.833453
2422,486.131113
2423,463.431477
2424,441.146543
2425,402.352613
2426,495.498716
2427,429.473614
2428,428.856160
2429,528.304941
2430,474.298446
2431,434.316013
2432,452.092951
2433,478.032883
2434,488.268024
2435,437.887413
2436,428.419667
2437,416.990611
2438,447.564068
2439,470.966750
2440,454.241120
2441,463.706303
2442,450.730850
2443,430.452675
2444,342.547444
2445,454.881509
2446,499.319337
2447,456.780560
2448,433.525021
2449,451.440311
2450,536.664127
2451,503.744812
2452,394.504173
2453,459.689896
2454,467.185245
2455,432.917279
2456,465.141721
2457,497.088249
2458,480.089880
2459,444.421221
2460,454.363789
2461,469.288573
2462,491.611750
2463,494.243497
2464,721.422825
2465,452.077427
2466,456.793470
2467,490.133329
2468,482.632816
2469,417.717341
2470,491.048246
2471,434.861886
2472,481.027636
2473,508.211118
2474,508.917756
2475,477.933407
2476,525.931259
2477,685.626881
2478,713.987697
2479,433.143619
2480,498.665538
2481,434.745140
2482,647.357731
2483,671.866152
2484,426.293562
2485,729.923039
2486,682.211268
2487,577.018703
2488,636.555900
2489,514.551990
2490,521.669333
2491,508.043453
2492,573.700254
2493,495.410491
2494,537.847974
2495,480.297820
2496,404.991245
2497,500.637816
2498,584.051987
2499,534.225975
2500,653.010164
2501,406.540623
2502,483.131567
2503,539.634833
2504,497.211969
2505,534.970671
2506,445.319661
2507,465.716017
2508,442.928898
2509,509.318419
2510,512.140153
2511,509.144923
2512,498.281331
2513,579.768095
2514,501.161865
2515,473.038101
2516,489.814837
2517,432.520227
2518,661.804919
2519,510.429106
2520,726.123625
2521,465.743732
2522,534.921870
2523,470.861289
2524,414.892747
2525,493.407385
2526,446.956040
2527,498.515625
2528,491.944816
2529,462.515148
2530,446.968685
2531,594.883864
2532,484.778368
2533,551.719953
2534,482.149970
2535,440.882271
2536,455.383930
2537,469.639179
2538,484.302072
2539,444.562894
2540,615.626417
2541,669.998877
2542,492.219959
2543,687.000165
2544,415.529205
2545,462.440455
2546,572.405736
2547,541.669599
2548,439.511120
2549,424.333742
2550,473.371233
2551,494.011475
2552,553.208191
2553,497.981793
2554,465.856790
2555,487.463769
2556,407.676791
2557,452.935587
2558,491.042823
2559,474.931079
2560,657.131050
2561,502.633561
2562,442.598449
2563,471.396654
2564,561.020037
2565,661.528167
2566,480.164366
2567,510.838425
2568,482.860001
2569,696.076158
2570,453.010668
2571,546.284041
2572,488.599546
2573,658.485619
2574,490.924967
2575,480.778604
2576,504.390125
2577,565.577887
2578,521.970404
2579,497.476953
2580,705.981338
2581,471.395249
2582,450.203539
2583,446.777667
2584,464.111704
2585,416.699688
2586,450.215026
2587,457.625749
2588,450.663024
2589,530.966899
2590,479.467965
2591,581.200017
2592,452.902541
2593,474.034889
2594,590.817775
2595,464.501127
2596,420.351977
2597,645.833864
2598,478.617507
2599,594.116646
2600,462.257008
2601,1243.384362
2602,443.407626
2603,540.365709
2604,567.007352
2605,448.449562
2606,461.889437
2607,477.538070
2608,478.873954
2609,471.126115
2610,450.240788
2611,437.083603
2612,445.586801
2613,451.174536
2614,456.691505
2615,716.844113
2616,541.373059
2617,704.842589
2618,509.947793
2619,441.994059
2620,420.639909
2621,501.039776
2622,488.560082
2623,566.897136
2624,473.659586
2625,651.092373
2626,430.131302
2627,477.749019
2628,749.710376
2629,668.487338
2630,481.012525
2631,577.358040
2632,472.310458
2633,398.626809
2634,479.743504
2635,454.557056
2636,599.828234
2637,700.633940
2638,512.967450
2639,521.552059
2640,422.146289
2641,517.329045
2642,435.046019
2643,420.630972
2644,540.880997
2645,459.337939
2646,490.056696
2647,471.224410
2648,425.809047
2649,427.208740
2650,508.621672
2651,506.580041
2652,466.198590
2653,485.733682
2654,496.790703
2655,437.250799
2656,486.229573
2657,410.592989
2658,540.867919
2659,486.172266
2660,484.687025
2661,467.726693
2662,681.411010
2663,517.653202
2664,421.403898
2665,455.699166
2666,414.941773
2667,453.073288
2668,490.001136
2669,629.662318
2670,412.203674
2671,492.786514
2672,465.613950
2673,559.113952
2674,431.515842
2675,504.667239
2676,488.910139
2677,461.781456
2678,828.520180
2679,604.538959
2680,823.928051
2681,550.106511
2682,609.661891
2683,685.436958
2684,633.808174
2685,719.461768
2686,510.204472
2687,492.132444
2688,522.077516
2689,604.695890
2690,490.547166
2691,550.673870
2692,514.979156
2693,629.029610
2694,490.716156
2695,498.859034
2696,522.937869
2697,726.317416
2698,537.481270
2699,523.706792
2700,557.756553
2701,886.356650
2702,478.042100
2703,454.966061
2704,443.282205
2705,625.145052
2706,456.769167
2707,599.202021
2708,476.662927
2709,502.554779
2710,613.703514
2711,602.794304
2712,461.250605
2713,531.922558
2714,511.295044
2715,480.977834
2716,447.484650
2717,609.548748
2718,455.996829
2719,497.849885
2720,524.771237
2721,474.750906
2722,457.193860
2723,504.675595
2724,991.402331
2725,584.236128
2726,496.650491
2727,443.195860
2728,524.312885
2729,412.045543
2730,512.136408
2731,488.106372
2732,481.608412
2733,500.242623
2734,738.744331
2735,440.196877
2736,475.883770
2737,635.871397
2738,568.199663
2739,482.053800
2740,690.816229
2741,450.159508
2742,517.892422
2743,577.194854
2744,590.127873
2745,600.272287
2746,503.772273
2747,717.321989
2748,477.800764
2749,469.867472
2750,661.393816
2751,599.828248
2752,696.998761
2753,459.599861
2754,458.342240
2755,677.886471
2756,490.746050
2757,639.314366
2758,464.779047
2759,739.503044
2760,429.840278
2761,470.628567
2762,518.851317
2763,433.308141
2764,630.208602
2765,503.232689
2766,446.713017
2767,580.133787
2768,469.079689
2769,740.742351
2770,793.824581
2771,546.540508
2772,491.675059
2773,752.180130
2774,579.079909
2775,742.780757
2776,626.605636
2777,403.710608
2778,517.889704
2779,633.862796
2780,488.616014
2781,594.910497
2782,583.640881
2783,459.225521
2784,625.633398
2785,524.047959
2786,457.709252
2787,585.775910
2788,507.648364
2789,527.566348
2790,479.998148
2791,501.806248
2792,768.722801
2793,764.424291
2794,642.039652
2795,567.334603
2796,567.762434
2797,491.024647
2798,712.817676
2799,470.862307
2800,496.809266
2801,425.670000
2802,481.760055
2803,503.178065
2804,488.913786
2805,456.253890
2806,469.915610
2807,680.514372
2808,758.007486
2809,474.109648
2810,662.109497
2811,660.782558
2812,593.208094
2813,485.720010
2814,730.223322
2815,474.951519
2816,453.347835
2817,462.560094
2818,789.040823
2819,562.746209
2820,479.275624
2821,691.255110
2822,542.960828
2823,497.957370
2824,440.212687
2825,489.989218
2826,472.415274
2827,696.929018
2828,386.713652
2829,658.583066
2830,438.474735
2831,737.914198
2832,626.797614
2833,1109.586610
2834,463.644586
2835,527.737960
2836,603.422876
2837,576.221339
2838,449.397802
2839,456.474743
2840,493.868002
2841,492.850992
2842,445.722344
2843,464.758235
2844,497.058477
2845,559.270875
2846,505.177311
2847,708.843781
2848,464.400125
2849,513.229683
2850,781.581899
2851,471.131335
2852,551.878627
2853,510.728704
2854,726.359007
2855,515.456370
2856,618.456818
2857,476.038549
2858,689.023897
2859,637.827215
2860,517.025832
2861,602.918324
2862,484.532685
2863,582.407525
2864,678.999232
2865,634.393951
2866,755.981526
2867,596.807873
2868,453.848660
2869,452.063365
2870,509.667670
2871,810.201791
2872,696.495895
2873,775.430978
2874,988.136476
2875,562.563156
2876,778.772795
2877,531.951962
2878,557.400261
2879,626.720166
2880,797.410218
2881,928.298679
2882,498.861889
2883,694.431525
2884,423.904320
2885,1440.275852
2886,510.022995
2887,802.987419
2888,822.227906
2889,1146.288828
2890,1156.891426
2891,1026.961738
2892,881.646938
2893,490.701410
2894,737.499500
2895,755.168401
2896,631.201866
2897,743.422216
2898,742.990798
2899,514.320534
2900,770.441316
2901,777.494127
2902,639.899675
2903,554.642988
2904,759.523385
2905,2012.537721
2906,720.898295
2907,981.162645
2908,816.159530
2909,1040.593261
2910,1097.931535
2911,766.592166
2912,493.895371
2913,494.908214
2914,587.135230
2915,959.669607
2916,1265.358796
2917,469.140132
2918,1011.249375
2919,697.651561
2920,963.802385
2921,480.374815
2922,528.269149
2923,630.185415
2924,544.806490
2925,554.292509
2926,732.280573
2927,528.816296
2928,979.713244
2929,681.371926
2930,596.220797
2931,745.083436
2932,517.185117
2933,767.444056
2934,774.637799
2935,728.254565
2936,513.836150
2937,1145.709931
2938,726.121980
2939,646.281613
2940,1003.496652
2941,513.338907
2942,588.458737
2943,747.903094
2944,695.283775
2945,874.518096
2946,640.431768
2947,773.561373
2948,443.795303
2949,663.466419
2950,821.427268
2951,536.268210
2952,823.475543
2953,849.889830
2954,541.644654
2955,784.839548
2956,823.753970
2957,1041.735050
2958,473.503339
2959,1024.599501
2960,531.800614
2961,640.900559
2962,811.769154
2963,810.919160
2964,733.752597
2965,1532.802418
2966,1031.486363
2967,797.208302
2968,1121.742828
2969,671.658574
2970,540.484894
2971,512.099381
2972,750.054989
2973,523.483729
2974,788.344404
2975,825.224493
2976,491.265163
2977,827.732754
2978,721.081919
2979,656.751397
2980,553.586952
2981,744.469060
2982,698.527794
2983,792.807111
2984,722.558857
2985,574.968119
2986,517.611178
2987,758.609715
2988,952.666805
2989,1039.949642
2990,585.925574
2991,682.062080
2992,939.577868
2993,860.402475
2994,880.251628
2995,502.475561
2996,719.088662
2997,583.557081
2998,736.957789
2999,790.012364
3000,661.933961
3001,784.682038
3002,1454.489287
3003,540.697559
3004,695.523782
3005,495.090055
3006,479.362097
3007,612.337721
3008,878.560037
3009,534.256837
3010,976.119529
3011,856.448406
3012,647.745874
3013,509.088532
3014,729.605806
3015,531.574764
3016,829.362093
3017,866.873874
3018,1972.951627
3019,946.227085
3020,859.156144
3021,763.110376
3022,824.646506
3023,499.581266
3024,621.904713
3025,727.755171
3026,732.425658
3027,1303.995403
3028,713.862696
3029,746.978345
3030,1165.073637
3031,506.630541
3032,823.927791
3033,856.962715
3034,786.744875
3035,825.612642
3036,730.791085
3037,677.388067
3038,964.878872
3039,748.886641
3040,745.142849
3041,1194.317613
3042,771.487764
3043,475.269212
3044,1478.608345
3045,584.947841
3046,726.453124
3047,778.568440
3048,804.882999
3049,847.111371
3050,467.986248
3051,621.002185
3052,1899.456756
3053,1041.735038
3054,602.847167
3055,518.489100
3056,662.414572
3057,1200.072277
3058,837.943319
3059,830.626695
3060,1131.020119
3061,639.571225
3062,871.843702
3063,1592.940540
3064,1477.984562
3065,782.437071
3066,471.737918
3067,860.855619
3068,785.711384
3069,713.033511
3070,847.862027
3071,809.764514
3072,533.834009
3073,849.519258
3074,909.947148
3075,1010.222636
3076,705.805600
3077,562.323742
3078,1082.411996
3079,728.276468
3080,757.795711
3081,1062.702537
3082,695.978309
3083,704.231844
3084,735.456180
3085,748.166304
3086,800.990183
3087,743.101415
3088,569.897145
3089,839.296886
3090,467.874144
3091,627.888554
3092,821.590220
3093,759.061237
3094,1644.464055
3095,899.434878
3096,679.121656
3097,769.111356
3098,542.014567
3099,896.059608
3100,522.064917
3101,487.017786
3102,793.534015
3103,1025.461766
3104,843.986765
3105,876.607598
3106,1465.032822
3107,774.376697
3108,763.749387
3109,1718.278180
3110,582.333290
3111,1155.309965
3112,773.918056
3113,577.772851
3114,774.112955
3115,859.659914
3116,516.990368
3117,784.667638
3118,481.404825
3119,943.469532
3120,683.695634
3121,482.847341
3122,707.855101
3123,739.854676
3124,943.854048
3125,3613.708719
3126,1068.784399
3127,837.650967
3128,525.480610
3129,831.456132
3130,551.517248
3131,940.515519
3132,664.098809
3133,565.269633
3134,840.524664
3135,726.945752
3136,725.497794
3137,489.889298
3138,1212.575276
3139,1074.762888
3140,800.721229
3141,740.776827
3142,518.059163
3143,1018.059187
3144,523.941843
3145,1498.961398
3146,793.907431
3147,802.456614
3148,1024.990010
3149,711.061226
3150,862.861600
3151,1382.526076
3152,1448.889415
3153,692.926964
3154,681.018265
3155,758.765057
3156,657.568656
3157,1277.878819
3158,753.464303
3159,729.029342
3160,771.762009
3161,838.505197
3162,754.854480
3163,1400.424997
3164,1121.837371
3165,553.125660
3166,1438.352422
3167,766.814512
3168,1196.049154
3169,1059.967918
3170,835.877647
3171,1034.472205
3172,798.942593
3173,1198.911245
3174,616.440610
3175,1118.524633
3176,4208.508155
3177,1865.630228
3178,896.315822
3179,563.791406
3180,2308.930980
3181,774.950795
3182,3269.540817
3183,1142.759059
3184,619.430199
3185,1187.114377
3186,1188.803377
3187,781.443815
3188,1570.815530
3189,956.733448
3190,837.910848
3191,707.298697
3192,709.024312
3193,866.861689
3194,3172.810942
3195,974.913085
3196,1580.575500
3197,1335.929555
3198,1285.906435
3199,864.232368
3200,2625.481543
3201,1379.231423
3202,1932.749899
3203,904.391375
3204,1066.110149
3205,842.234346
3206,1718.721627
3207,951.975004
3208,1649.880806
3209,1110.518605
3210,1981.595160
3211,1472.130628
3212,2064.002915
3213,773.729322
3214,973.350214
3215,743.632418
3216,2305.464751
3217,941.031585
3218,1445.150566
3219,1067.044036
3220,921.725085
3221,993.680461
3222,3083.376350
3223,805.414616
3224,811.182022
3225,811.634955
3226,3137.741909
3227,1627.217388
3228,680.306192
3229,823.809884
3230,1131.490591
3231,1333.292323
3232,1030.501883
3233,1008.911727
3234,1144.569668
3235,840.126199
3236,789.136552
3237,1225.057883
3238,1011.637770
3239,985.484146
3240,986.897864
3241,2953.361335
3242,4308.280370
3243,1136.440462
3244,821.330914
3245,879.021452
3246,805.024309
3247,1502.258581
3248,844.321124
3249,2568.494070
3250,771.271719
3251,866.752423
3252,1249.811170
3253,3605.798412
3254,744.647735
3255,894.002832
3256,1344.757538
3257,786.807989
3258,1236.957932
3259,1347.166984
3260,1194.327212
3261,832.491152
3262,914.906593
3263,1089.874292
3264,1531.218020
3265,1154.024079
3266,764.989457
3267,1561.648724
3268,1039.177020
3269,961.978393
3270,1428.578819
3271,1032.246948
3272,736.135027
3273,765.595181
3274,914.002413
3275,1125.619565
3276,776.124350
3277,965.491969
3278,1202.456354
3279,733.048140
3280,2209.234487
3281,965.311946
3282,1011.657409
3283,764.087992
3284,539.710673
3285,1659.755874
3286,696.152108
3287,932.582070
3288,715.975116
3289,829.852564
3290,1018.961914
3291,879.410521
3292,3220.785223
3293,1071.250551
3294,1080.323486
3295,1081.397728
3296,1125.882750
3297,2391.251953
3298,1084.666704
3299,1799.904779
3300,958.647567
3301,2019.076627
3302,992.133963
3303,1190.541159
3304,954.963901
3305,1363.142870
3306,836.842316
3307,2237.701880
3308,1714.215536
3309,2397.153457
3310,841.299003
3311,1070.562254
3312,1808.734524
3313,980.982090
3314,2067.126543
3315,984.505465
3316,772.925872
3317,994.784569
3318,830.503565
3319,2752.276990
3320,1808.160462
3321,1063.515232
3322,523.003468
3323,893.815546
3324,1207.584281
3325,1001.526320
3326,758.829065
3327,950.222204
3328,865.970518
3329,1203.029430
3330,1439.834973
3331,770.274508
3332,1181.796219
3333,902.603927
3334,815.912877
3335,1706.893295
3336,914.617775
3337,1013.168416
3338,801.848205
3339,1043.301497
3340,1016.324100
3341,789.544075
3342,801.736513
3343,517.466696
3344,1836.955145
3345,813.234305
3346,844.711053
3347,796.887605
3348,1084.026690
3349,950.395593
3350,742.089038
3351,1204.003408
3352,4220.695538
3353,1693.161651
3354,1178.140662
3355,1515.424263
3356,711.597858
3357,1750.276380
3358,1545.427107
3359,1719.894399
3360,899.222714
3361,919.901275
3362,2316.938457
3363,1576.869479
3364,1878.718706
3365,1266.859124
3366,786.592631
3367,1170.590039
3368,2810.424450
3369,1149.614478
3370,1074.244680
3371,1224.079587
3372,1005.984706
3373,863.188478
3374,981.561080
3375,1419.277137
3376,1231.969726
3377,863.157392
3378,1347.919976
3379,982.487413
3380,1279.334616
3381,1434.620884
3382,811.519822
3383,1029.454492
3384,764.940791
3385,1586.720670
3386,1149.876339
3387,1727.542673
3388,957.175473
3389,3644.373998
3390,1254.294144
3391,866.576948
3392,1672.019268
3393,1305.066331
3394,1443.891934
3395,976.190136
3396,1128.228395
3397,1012.311915
3398,3674.150258
3399,2377.314132
3400,1126.537179
3401,1183.710697
3402,874.737172
3403,976.831054
3404,1152.472581
3405,1575.620929
3406,2595.159728
3407,1580.535755
3408,1010.557870
3409,1559.594285
3410,2299.214844
3411,1872.858785
3412,993.822420
3413,937.038307
3414,737.180793
3415,1479.044190
3416,957.388276
3417,1197.301286
3418,1939.536385
3419,837.178563
3420,1337.632197
3421,1280.359971
3422,741.851628
3423,1466.544174
3424,1362.616593
3425,2695.002633
3426,1188.858977
3427,1257.615268
3428,2093.502669
3429,1287.740633
3430,2615.338091
3431,928.844562
3432,1882.974619
3433,1905.668411
3434,922.355791
3435,917.930087
3436,728.010074
3437,6986.128634
3438,871.301309
3439,4845.531329
3440,1965.878599
3441,2980.084710
3442,2491.744373
3443,2370.648274
3444,2010.468899
3445,1630.373477
3446,1612.836897
3447,2903.652714
3448,1674.060085
3449,1094.384498
3450,1663.654368
3451,1135.874342
3452,1527.479145
3453,2381.305412
3454,1732.382859
3455,2259.569162
3456,1887.312654
3457,1055.668191
3458,1780.606715
3459,5833.915049
3460,2163.612677
3461,1078.534935
3462,3040.003156
3463,1760.655783
3464,2992.481945
3465,1418.025031
3466,892.402634
3467,1090.497609
3468,836.649898
3469,995.344851
3470,4250.293414
3471,1391.035500
3472,3327.315266
3473,4165.428451
3474,2498.571903
3475,988.851100
3476,1685.029620
3477,6261.058259
3478,3482.335143
3479,902.227314
3480,1106.840062
3481,848.246105
3482,2320.148981
3483,996.886779
3484,9904.488492
3485,1419.401754
3486,1112.464781
3487,1003.273251
3488,11937.825429
3489,1095.060331
3490,1140.851593
3491,1884.002465
3492,1701.195722
3493,1436.481808
3494,1651.105521
3495,1905.697611
3496,9222.273095
3497,1064.021210
3498,3992.676016
3499,1393.741182
3500,1653.194457
3501,1709.084120
3502,1178.288172
3503,15289.029233
3504,1360.203454
3505,1074.984863
3506,1171.438094
3507,1459.004191
3508,2973.117835
3509,1181.434946
3510,2683.125488
3511,1059.821202
3512,1529.227878
3513,1034.760779
3514,1388.750475
3515,1629.189556
3516,1278.530801
3517,1737.075703
3518,938.746784
3519,1095.120023
3520,1450.208660
3521,1272.712660
3522,2564.285786
3523,2223.822209
3524,755.653803
3525,916.998734
3526,1152.639967
3527,1451.715721
3528,1406.451807
3529,1228.759290
3530,1019.082324
3531,1331.348891
3532,2128.736306
3533,2758.345578
3534,1778.679120
3535,1408.064890
3536,1288.075800
3537,1257.002161
3538,1499.895063
3539,1370.412245
3540,1537.371780
3541,933.160313
3542,1534.809594
3543,1738.008506
3544,1492.745081
3545,1519.410137
3546,985.399819
3547,1117.450936
3548,1344.842747
3549,1672.887098
3550,1843.912174
3551,1069.123794
3552,1500.038263
3553,1048.325029
3554,1103.383845
3555,1190.989605
3556,14181.439334
3557,1002.130272
3558,1096.193131
3559,6713.371479
3560,1843.116609
3561,7137.052549
3562,1564.916106
3563,2413.325460
3564,1070.829591
3565,955.386227
3566,1515.411084
3567,1454.732120
3568,2100.937008
3569,1825.665072
3570,1253.608407
3571,2340.929474
3572,1014.087609
3573,3323.637404
3574,1216.677516
3575,3579.313768
3576,1474.336786
3577,2024.893862
3578,2219.013331
3579,1259.373503
3580,2657.770468
3581,3429.154635
3582,2086.784148
3583,1890.790278
3584,1432.350897
3585,1382.689821
3586,985.752554
3587,1633.312718
3588,1381.752048
3589,1565.512558
3590,1463.486444
3591,1294.592215
3592,1078.025693
3593,1061.085804
3594,1116.749497
3595,994.782168
3596,1562.309506
3597,40537.968677
3598,1147.392246
3599,1725.105805
3600,1025.564923
3601,2039.288741
3602,2354.284639
3603,2301.126347
3604,1486.529982
3605,1316.579470
3606,891.216208
3607,1123.866293
3608,1121.198848
3609,1184.066795
3610,1031.991434
3611,4074.358377
3612,735.529967
3613,1036.509018
3614,1515.769739
3615,1036.595111
3616,1016.244617
3617,1381.623441
3618,1144.441929
3619,1782.313085
3620,9460.523192
3621,1349.879744
3622,2215.250560
3623,1627.845118
3624,969.819219
3625,1348.825538
3626,1117.408085
3627,1066.994685
3628,1395.269365
3629,922.348656
3630,989.917054
3631,1325.114029
3632,2418.212427
3633,1827.076308
3634,1053.859561
3635,847.440709
3636,3980.636076
3637,675.883141
3638,1400.895076
3639,1291.362663
3640,1268.753702
3641,923.824582
3642,1847.395655
3643,729.485966
3644,1397.239130
3645,1140.562477
3646,1271.321388
3647,1522.757150
3648,979.889278
3649,1183.615610
3650,1238.905591
3651,916.743747
3652,1770.331928
3653,918.216555
3654,696.485472
3655,1014.572812
3656,1891.595487
3657,2496.602100
3658,1665.639161
3659,1030.387565
3660,1138.652141
3661,1160.028864
3662,1487.425129
3663,2111.011990
3664,1086.127377
3665,936.182445
3666,788.497451
3667,1217.210600
3668,820.687320
3669,1120.660654
3670,858.346574
3671,3208.558822
3672,1232.420929
3673,3042.057642
3674,917.028836
3675,2412.861083
3676,1044.887095
3677,1374.875799
3678,1285.928212
3679,1465.374634
3680,954.333065
3681,978.925752
3682,655.845491
3683,946.560464
3684,941.501919
3685,5449.718074
3686,1365.490904
3687,1287.216737
3688,1039.473855
3689,1016.147761
3690,649.387048
3691,898.318751
3692,1164.503051
3693,1401.581104
3694,1082.551993
3695,1287.238522
3696,10460.444929
3697,1156.146496
3698,961.415151
3699,1083.264037
3700,962.985319
3701,828.416280
3702,1254.352876
3703,1083.871365
3704,1142.600990
3705,889.966732
3706,1681.828690
3707,899.271095
3708,905.450600
3709,1428.996023
3710,3083.264691
3711,4254.197071
3712,1010.121787
3713,1053.636938
3714,2585.896280
3715,1143.134817
3716,1282.497679
3717,990.986267
3718,1041.085763
3719,1010.757168
3720,1340.569854
3721,1147.898680
3722,780.495502
3723,883.038696
3724,2699.862071
3725,2140.530605
3726,20996.403873
3727,1173.245704
3728,1008.065906
3729,1255.234236
3730,1206.740224
3731,2822.777036
3732,1207.470626
3733,1180.256546
3734,1368.163673
3735,3909.121660
3736,945.471659
3737,1033.349437
3738,927.969701
3739,2653.185079
3740,16700.433744
3741,1854.541287
3742,718.327811
3743,1225.469658
3744,1529.241156
3745,1282.093536
3746,893.365796
3747,2385.503582
3748,1047.613969
3749,1519.682765
3750,1134.656786
3751,3458.972351
3752,1029.638671
3753,1054.607520
3754,2592.531952
3755,795.059902
3756,1676.187175
3757,1247.832344
3758,2030.128713
3759,1115.134169
3760,1043.616327
3761,1252.834978
3762,1116.624920
3763,2533.858617
3764,801.887609
3765,1150.921540
3766,806.164221
3767,1201.972527
3768,892.675593
3769,1287.356000
3770,1123.520961
3771,1120.376112
3772,1060.298191
3773,1591.927901
3774,985.281029
3775,1165.665621
3776,1597.724287
3777,804.176070
3778,1591.843082
3779,1455.614455
3780,897.027809
3781,13693.348824
3782,1426.548953
3783,1661.769270
3784,2052.813424
3785,959.309829
3786,858.713502
3787,3482.306367
3788,1335.352565
3789,1759.004535
3790,3627.093490
3791,1411.094723
3792,851.060617
3793,1386.546504
3794,941.520452
3795,1001.389324
3796,869.248872
3797,1456.029010
3798,853.661244
3799,910.940879
3800,8499.886540
3801,1269.221856
3802,902.091248
3803,1135.684630
3804,931.185834
3805,1126.555771
3806,985.607902
3807,1043.717776
3808,1400.666322
3809,724.525007
3810,997.758402
3811,2060.782238
3812,1118.247187
3813,1645.023318
3814,955.887634
3815,1444.850012
3816,1082.848090
3817,1234.049556
3818,855.562557
3819,1997.796558
3820,1957.272293
3821,2055.644031
3822,1899.419515
3823,930.628684
3824,1087.443652
3825,1101.946201
3826,1203.130137
3827,775.261251
3828,1364.160840
3829,1069.793007
3830,889.963038
3831,1460.343667
3832,3054.819657
3833,862.835448
3834,958.659780
3835,1415.237330
3836,1325.123336
3837,1041.719248
3838,1106.346425
3839,3952.309164
3840,1265.803091
3841,1431.535811
3842,1203.942804
3843,1136.567776
3844,1101.348382
3845,951.424067
3846,1292.358241
3847,2408.345872
3848,1060.050388
3849,949.216435
3850,855.546735
3851,2634.292861
3852,946.813586
3853,1156.978478
3854,1671.464207
3855,1505.887336
3856,1018.341774
3857,1154.337871
3858,784.231438
3859,1082.755887
3860,2009.383080
3861,4146.178764
3862,767.833165
3863,1164.929144
3864,1576.362613
3865,1050.173552
3866,1374.946399
3867,1101.167109
3868,3146.967415
3869,4115.703405
3870,999.940724
3871,2339.371251
3872,1119.414904
3873,1225.296277
3874,1066.710676
3875,1048.379687
3876,1436.419328
3877,3911.741649
3878,747.281401
3879,1009.784639
3880,2615.385783
3881,1176.757762
3882,683.554959
3883,1034.507929
3884,1079.324695
3885,6360.022140
3886,972.104232
3887,1052.661981
3888,1211.631122
3889,1254.037799
3890,1056.281986
3891,3670.303412
3892,3316.581864
3893,1296.738307
3894,1154.663371
3895,1066.065896
3896,1162.556500
3897,1171.302418
3898,1022.937751
3899,878.276290
3900,1196.997395
3901,8930.916028
3902,1768.139081
3903,846.407130
3904,1278.709947
3905,994.138820
3906,1013.530901
3907,992.206170
3908,759.237940
3909,1305.902713
3910,1373.366306
3911,4416.804244
3912,983.596184
3913,1317.193017
3914,768.700633
3915,1111.092811
3916,1543.334777
3917,5582.135163
3918,1142.584445
3919,1025.810104
3920,3797.380642
3921,1232.169503
3922,1486.131505
3923,3850.752190
3924,1644.079015
3925,1547.420553
3926,902.218236
3927,1270.087321
3928,2983.431269
3929,1100.632502
3930,1441.101601
3931,1118.282643
3932,10897.830193
3933,4140.712980
3934,9022.541509
3935,5369.103095
3936,1075.594837
3937,1500.127317
3938,1070.167021
3939,4977.748207
3940,1216.531839
3941,10186.475228
3942,1159.250570
3943,1332.134819
3944,1197.738137
3945,958.233574
3946,1186.824236
3947,928.159075
3948,2325.653412
3949,1818.660320
3950,942.834958
3951,1462.869873
3952,1315.410320
3953,1129.564278
3954,4598.251844
3955,947.214560
3956,1653.353312
3957,1383.162522
3958,2740.152005
3959,857.294255
3960,983.098810
3961,1272.546421
3962,3680.021009
3963,1571.799331
3964,1037.869583
3965,1848.611577
3966,1300.013792
3967,1139.198183
3968,967.686141
3969,3821.734807
3970,9323.563000
3971,3432.219077
3972,914.883650
3973,778.557627
3974,1078.645806
3975,3829.274940
3976,949.098213
3977,2750.666439
3978,1521.636204
3979,1618.416786
3980,865.680534
3981,3022.230699
3982,903.223107
3983,1194.480424
3984,761.621874
3985,1205.231549
3986,1381.577922
3987,2582.661237
3988,15450.060124
3989,1902.120263
3990,8121.540706
3991,802.857145
3992,1940.055786
3993,1192.173899
3994,965.887862
3995,1360.134366
3996,1553.420228
3997,1218.181756
3998,1009.039776
3999,1312.872632
4000,9959.108871
4001,1174.494830
4002,957.052774
4003,1647.854817
4004,1009.882831
4005,6125.819662
4006,1131.908214
4007,995.930980
4008,16735.134938
4009,2973.845212
4010,1468.531976
4011,1270.989288
4012,1112.336842
4013,825.041001
4014,1266.370885
4015,978.928156
4016,1116.849080
4017,4642.811668
4018,999.024588
4019,1161.150682
4020,11491.911440
4021,1494.006873
4022,1260.578305
4023,6545.292198
4024,1072.432679
4025,1087.988519
4026,8733.519079
4027,785.668599
4028,1748.128269
4029,983.878366
4030,1113.743801
4031,1150.128332
4032,1458.669347
4033,1438.909902
4034,1214.342683
4035,6364.951524
4036,1495.420353
4037,2180.590473
4038,3555.364044
4039,2903.312433
4040,1363.144021
4041,32350.046662
4042,1416.475689
4043,775.473238
4044,7544.074504
4045,1604.805790
4046,1107.507705
4047,1395.292566
4048,3414.164005
4049,1351.952683
4050,1174.466684
4051,1284.116846
4052,1876.114797
4053,1435.640592
4054,3627.297225
4055,862.932954
4056,1458.454230
4057,1523.167760
4058,1674.876264
4059,1174.058944
4060,908.623309
4061,1040.941701
4062,2136.145204
4063,3075.428683
4064,1223.290253
4065,1038.946534
4066,989.456307
4067,998.841105
4068,974.429182
4069,1325.269629
4070,782.769695
4071,2807.984795
4072,901.456201
4073,1953.292854
4074,1835.476745
4075,1134.497967
4076,1030.666725
4077,1068.256232
4078,1553.119085
4079,1231.419390
4080,1021.607421
4081,4140.852405
4082,1389.138702
4083,1146.882956
4084,1050.013961
4085,3061.673557
4086,1002.164600
4087,889.533091
4088,861.800740
4089,7978.909377
4090,1155.810694
4091,2092.555366
4092,1437.494037
4093,1961.298698
4094,22603.972216
4095,1296.528341
4096,4741.440616
4097,1251.126842
4098,1219.189813
4099,1713.127800
4100,1260.600714
4101,948.531657
4102,947.929476
4103,943.429799
4104,3213.071741
4105,6374.846259
4106,1969.757715
4107,979.578226
4108,1118.707565
4109,1701.660510
4110,1000.910861
4111,1103.210690
4112,5705.381913
4113,5314.836836
4114,1883.036158
4115,1641.861668
4116,1854.956649
4117,1153.368499
4118,1711.669474
4119,1286.499197
4120,910.478145
4121,3177.194135
4122,907.510709
4123,1205.306887
4124,2984.269329
4125,970.791827
4126,15559.152257
4127,2032.939576
4128,942.104237
4129,1182.053262
4130,1300.465177
4131,1312.216165
4132,1517.126572
4133,2151.244848
4134,1216.238641
4135,2451.988493
4136,1052.906438
4137,1542.871168
4138,1180.196944
4139,7913.615548
4140,1962.923298
4141,2245.740855
4142,975.153936
4143,844.411768
4144,1046.316277
4145,1120.570441
4146,2182.438539
4147,1138.933587
4148,851.706372
4149,1285.492870
4150,2719.678368
4151,3840.946780
4152,5611.064818
4153,1171.993926
4154,990.441230
4155,1004.348149
4156,731.239197
4157,1188.254923
4158,1287.009269
4159,895.655971
4160,1444.714308
4161,1110.033132
4162,1433.042651
4163,12728.576553
4164,2583.676935
4165,1266.337342
4166,2121.614517
4167,2000.598210
4168,4941.692696
4169,1590.439681
4170,10153.376074
4171,909.574999
4172,2606.482288
4173,1052.114803
4174,2947.951626
4175,1845.763019
4176,1256.261969
4177,2785.875363
4178,3481.803260
4179,8314.609634
4180,1348.941463
4181,1278.084774
4182,1303.859905
4183,827.005280
4184,1329.057181
4185,10337.061357
4186,6182.475480
4187,1103.140911
4188,1002.634303
4189,5031.009667
4190,1075.007522
4191,782.739649
4192,1239.005200
4193,893.465185
4194,1362.500460
4195,2335.121494
4196,2881.660372
4197,11605.370069
4198,4957.005734
4199,2102.959049
4200,1108.413736
4201,5543.049642
4202,839.317576
4203,1175.577314
4204,2964.670371
4205,881.593588
4206,1266.929183
4207,1258.092470
4208,2653.635201
4209,1225.805310
4210,2116.527292
4211,21307.201137
4212,1107.872836
4213,4177.800991
4214,1036.372190
4215,1243.042864
4216,1100.972910
4217,1331.078337
4218,3216.785486
4219,2726.162955
4220,1031.543046
4221,2018.832000
4222,1488.437702
4223,2106.232765
4224,1978.188650
4225,902.634085
4226,1236.058917
4227,1208.531819
4228,810.697203
4229,865.362958
4230,2437.467824
4231,1138.991194
4232,572.818862
4233,1075.720792
4234,3006.024164
4235,1312.753571
4236,1615.347892
4237,849.544185
4238,2112.122766
4239,1592.137159
4240,848.232219
4241,20598.619037
4242,1951.268524
4243,948.129904
4244,1384.726699
4245,9323.759197
4246,942.591490
4247,1835.266618
4248,1600.966397
4249,1521.479873
4250,1164.111291
4251,2012.400313
4252,6881.335744
4253,6816.836818
4254,1579.244758
4255,1679.285631
4256,2601.054175
4257,4753.503207
4258,1051.269626
4259,3405.282572
4260,1444.637633
4261,1207.036685
4262,1081.426636
4263,1108.720208
4264,946.291440
4265,1339.606038
4266,1399.890253
4267,2717.494993
4268,964.391771
4269,2191.813134
4270,1966.149145
4271,1449.918657
4272,1123.212747
4273,1956.268602
4274,3531.657974
4275,2127.671667
4276,1229.124663
4277,1589.260324
4278,2385.682132
4279,3636.758233
4280,1330.635181
4281,1076.376622
4282,3355.326532
4283,3117.253514
4284,1408.966899
4285,1098.363676
4286,1640.043812
4287,1162.989795
4288,1134.180366
4289,1413.127823
4290,1848.177085
4291,1720.601009
4292,1466.285997
4293,1580.412652
4294,1640.808587
4295,1884.839939
4296,1191.818781
4297,1628.177951
4298,1330.105497
4299,1190.953495
4300,975.624963
4301,2562.591540
4302,1141.542255
4303,5077.777576
4304,1185.736762
4305,1807.376933
4306,2171.805421
4307,6119.173185
4308,6634.719992
4309,1006.548059
4310,1307.333457
4311,1311.853365
4312,779.882092
4313,2249.242111
4314,2311.472160
4315,2224.401352
4316,1440.023072
4317,1392.845355
4318,1169.702513
4319,1313.038147
4320,1703.790589
4321,1112.816918
4322,2592.282701
4323,983.342404
4324,3819.641268
4325,1204.722993
4326,1131.247996
4327,16550.235232
4328,1086.999931
4329,14551.554625
4330,940.771714
4331,1048.381897
4332,11005.703828
4333,3255.036723
4334,3722.806349
4335,1993.525620
4336,8559.917992
4337,1254.174900
4338,2034.914967
4339,1960.170518
4340,3545.547229
4341,2188.816758
4342,1056.932117
4343,899.690125
4344,1918.209027
4345,1227.004336
4346,2208.581636
4347,1146.622713
4348,1121.503826
4349,2029.562377
4350,839.086832
4351,1793.679492
4352,1132.599607
4353,1685.051613
4354,2515.171104
4355,1614.204466
4356,1155.286965
4357,1337.533904
4358,1155.453314
4359,1545.135074
4360,1741.806194
4361,1160.306203
4362,1290.128660
4363,1054.650441
4364,1531.034071
4365,1074.827366
4366,1946.123580
4367,1420.478438
4368,878.899435
4369,1184.645480
4370,1409.525168
4371,2125.575009
4372,1226.061543
4373,1092.896674
4374,1089.713565
4375,1046.260916
4376,1238.240782
4377,1240.376468
4378,1876.382197
4379,1895.549745
4380,1353.970749
4381,1467.105947
4382,1270.649662
4383,983.329106
4384,1526.397913
4385,1135.631366
4386,840.057617
4387,1508.102630
4388,3501.010878
4389,862.448100
4390,2316.917911
4391,3815.391845
4392,980.308151
4393,1253.535046
4394,2251.240666
4395,1358.753072
4396,1086.958503
4397,3888.463946
4398,1223.380551
4399,1156.256316
4400,1203.329220
4401,1136.254598
4402,4239.717471
4403,1228.609734
4404,2929.355850
4405,1510.961013
4406,1476.407149
4407,1301.394884
4408,1726.343976
4409,1266.904768
4410,1150.320871
4411,2521.727042
4412,1204.940531
4413,1518.628194
4414,1452.749518
4415,5476.445080
4416,5304.428004
4417,1662.644524
4418,2521.625789
4419,5874.130603
4420,1122.461699
4421,2597.450226
4422,1152.357846
4423,2637.105128
4424,1143.117682
4425,2102.085475
4426,2400.979309
4427,1738.700801
4428,1006.863142
4429,1831.777734
4430,1076.095343
4431,903.455812
4432,2116.061163
4433,934.791581
4434,1015.665902
4435,2692.580576
4436,1014.935405
4437,800.937321
4438,1994.399986
4439,931.751308
4440,1972.415294
4441,1317.089359
4442,1524.339115
4443,1446.756646
4444,1264.388443
4445,1376.928321
4446,1427.235790
4447,1818.927408
4448,2620.839692
4449,1366.593810
4450,1803.818072
4451,7536.304529
4452,912.609009
4453,1028.125051
4454,1277.106708
4455,1074.031185
4456,1309.083854
4457,25771.936424
4458,1131.618075
4459,890.955805
4460,1124.092685
4461,1168.286865
4462,1730.562381
4463,1018.796489
4464,1162.300964
4465,955.676469
4466,1268.051283
4467,1125.848694
4468,1148.154689
4469,1664.736471
4470,1942.458529
4471,7494.564457
4472,1795.235866
4473,7518.275690
4474,7834.117077
4475,1560.707867
4476,1121.776088
4477,2438.251095
4478,8640.208698
4479,1090.585996
4480,1267.943413
4481,1325.333952
4482,2739.429604
4483,1466.149884
4484,1482.554101
4485,2050.542233
4486,919.165172
4487,1898.526935
4488,1303.180401
4489,1477.698856
4490,868.727503
4491,1088.325902
4492,1116.669363
4493,958.580409
4494,4176.876535
4495,959.641804
4496,1895.101265
4497,1287.133369
4498,1047.210284
4499,2759.557496
4500,1187.574994
4501,1415.479506
4502,7933.234027
4503,1139.892813
4504,791.520850
4505,1567.702419
4506,845.038481
4507,769.854382
4508,1399.879016
4509,2582.101769
4510,4230.974701
4511,899.786772
4512,624.638700
4513,1061.567202
4514,1555.507911
4515,1087.979704
4516,1118.810580
4517,1437.110138
4518,863.580045
4519,1305.230090
4520,965.885447
4521,1074.007932
4522,2550.521688
4523,1345.034086
4524,2271.007703
4525,942.201794
4526,1554.989797
4527,1210.685268
4528,833.439892
4529,1628.469438
4530,1034.808258
4531,1256.966728
4532,3120.049893
4533,2790.172967
4534,1072.462077
4535,1266.375771
4536,1159.975462
4537,1482.080551
4538,1098.976992
4539,2315.058026
4540,1106.157561
4541,3094.810238
4542,1115.325671
4543,1351.575489
4544,1789.424837
4545,1582.293510
4546,1425.769706
4547,1107.292286
4548,1176.914374
4549,700.876502
4550,1074.044772
4551,991.285441
4552,2504.363963
4553,2118.945774
4554,1120.553503
4555,882.530347
4556,1439.936951
4557,1347.214031
4558,2624.157600
4559,2000.894241
4560,1522.355766
4561,6375.996909
4562,2275.835926
4563,1124.476133
4564,1112.053905
4565,1869.789933
4566,1124.543013
4567,831.984801
4568,5159.949322
4569,1837.160019
4570,1206.446031
4571,3402.774516
4572,1386.618373
4573,1045.211060
4574,701.421277
4575,1311.442608
4576,851.390102
4577,991.065931
4578,1490.726359
4579,722.073078
4580,1698.277179
4581,968.086763
4582,1032.034853
4583,1454.846157
4584,1235.284912
4585,881.130341
4586,807.765821
4587,810.599319
4588,4601.756324
4589,1079.653200
4590,930.223969
4591,2318.991943
4592,3447.008529
4593,1998.663400
4594,1084.627588
4595,1172.283928
4596,1136.946687
4597,1472.089720
4598,1528.660180
4599,1789.821329
4600,1875.398625
4601,1916.993862
4602,1250.366399
4603,1058.411238
4604,888.759359
4605,797.436008
4606,4248.545872
4607,809.826350
4608,1270.140342
4609,1253.640829
4610,2814.078654
4611,759.694679
4612,1059.647258
4613,920.487232
4614,3503.148286
4615,2144.272649
4616,1383.655243
4617,13488.448504
4618,1157.200577
4619,771.229296
4620,6877.238276
4621,2581.173668
4622,4213.976780
4623,4253.479633
4624,1838.800928
4625,4390.004901
4626,1033.692755
4627,1667.297565
4628,2576.295174
4629,2094.691719
4630,1606.488733
4631,1323.445537
4632,1162.632656
4633,1158.039013
4634,1157.945944
4635,930.400368
4636,999.537848
4637,1195.307435
4638,1126.612945
4639,710.401792
4640,1058.209222
4641,1100.979114
4642,1642.224261
4643,1138.876922
4644,3365.567653
4645,4404.803205
4646,1106.718856
4647,2589.816387
4648,1237.875368
4649,3207.703515
4650,1174.281577
4651,18065.432147
4652,12713.400887
4653,17691.033060
4654,1085.073867
4655,1772.550280
4656,1272.578046
4657,842.319045
4658,1199.661130
4659,2660.179878
4660,1603.052713
4661,2376.998365
4662,818.342103
4663,1333.341421
4664,1843.806474
4665,1082.426946
4666,1256.543723
4667,1146.663050
4668,1879.368536
4669,1331.934033
4670,1434.785651
4671,874.630326
4672,938.459994
4673,1528.871256
4674,884.530533
4675,2265.318530
4676,1290.608246
4677,913.904337
4678,1173.210813
4679,1212.028229
4680,1349.642829
4681,3505.591954
4682,3004.214893
4683,1260.468077
4684,794.679364
4685,1782.708152
4686,1708.220561
4687,976.799882
4688,1455.561739
4689,1533.267187
4690,4013.082330
4691,1087.482973
4692,3567.008189
4693,996.248341
4694,1204.071276
4695,8288.888296
4696,889.559347
4697,1571.932809
4698,1041.196691
4699,1601.571174
4700,870.282929
4701,954.910777
4702,2689.647538
4703,858.540058
4704,1014.805238
4705,1683.373629
4706,1864.990310
4707,1016.291435
4708,1090.267536
4709,923.641349
4710,964.062372
4711,1049.616018
4712,1141.250391
4713,1551.925036
4714,1200.708324
4715,4622.439818
4716,1043.620122
4717,1223.953876
4718,5425.162537
4719,17441.513631
4720,2307.361547
4721,1170.525207
4722,1839.184583
4723,1288.893279
4724,998.632211
4725,993.193584
4726,817.548939
4727,1435.998608
4728,1038.432715
4729,817.406646
4730,874.541710
4731,829.547536
4732,1291.700582
4733,1114.149181
4734,846.022206
4735,1066.824825
4736,1430.780697
4737,1109.632546
4738,1066.389033
4739,839.587680
4740,1088.991143
4741,1417.263643
4742,1379.916396
4743,862.627764
4744,726.480470
4745,850.174136
4746,1159.331631
4747,1717.056619
4748,931.857761
4749,1210.055791
4750,1160.185320
4751,2162.470516
4752,1459.691394
4753,876.732262
4754,1214.131044
4755,918.929020
4756,1356.703325
4757,872.387653
4758,979.295242
4759,812.497247
4760,1472.942651
4761,1058.172694
4762,878.646655
4763,838.146102
4764,885.521278
4765,1317.655556
4766,1155.088654
4767,932.200256
4768,1243.418635
4769,1420.335192
4770,894.106339
4771,1140.669937
4772,1100.089813
4773,2491.652445
4774,12823.754367
4775,1726.255575
4776,844.971992
4777,1202.255648
4778,1100.298810
4779,1255.036705
4780,1124.652273
4781,1284.416935
4782,8571.603675
4783,881.680356
4784,1200.032070
4785,1438.091726
4786,1352.239983
4787,1432.091920
4788,11661.302093
4789,1129.366532
4790,813.958137
4791,1134.633289
4792,986.820675
4793,1031.118451
4794,1232.030322
4795,1355.037149
4796,1364.566674
4797,870.034506
4798,1813.069294
4799,1062.167298
4800,968.641423
4801,5045.931268
4802,1436.593934
4803,827.698576
4804,1127.962420
4805,1852.207695
4806,15127.332908
4807,1256.767780
4808,2096.070976
4809,2699.301862
4810,2412.445922
4811,3588.338412
4812,1265.166240
4813,1041.264928
4814,2845.959526
4815,1043.537294
4816,2730.488990
4817,1266.360443
4818,1383.501079
4819,2760.893221
4820,957.399950
4821,533.406420
4822,1252.311215
4823,977.520696
4824,1308.350676
4825,30211.813677
4826,1272.868379
4827,1201.348173
4828,1694.067673
4829,6386.620009
4830,6598.994747
4831,911.191485
4832,1642.879221
4833,800.308930
4834,1012.505805
4835,1123.265127
4836,1061.236279
4837,2239.327345
4838,871.244594
4839,1231.667167
4840,789.635706
4841,919.755199
4842,1200.353037
4843,2568.714931
4844,1163.373949
4845,2982.146690
4846,1252.625563
4847,1160.359881
4848,1073.181666
4849,1431.657975
4850,7313.171476
4851,1085.259242
4852,1187.801748
4853,1201.162421
4854,4383.120246
4855,1218.842959
4856,832.661712
4857,13980.723631
4858,1057.646352
4859,918.699171
4860,1693.671337
4861,801.153070
4862,1104.397465
4863,3041.601277
4864,1215.772421
4865,3750.700423
4866,5052.230162
4867,1051.651836
4868,1046.304449
4869,1510.905509
4870,880.005337
4871,3658.038138
4872,1881.656449
4873,1175.743322
4874,1528.371477
4875,1606.125046
4876,1245.035328
4877,873.962655
4878,4362.283282
4879,919.982855
4880,1418.006724
4881,1497.764149
4882,1501.688933
4883,1470.088759
4884,874.765743
4885,1002.472974
4886,33246.332540
4887,1113.266347
4888,839.737594
4889,1061.341231
4890,3066.123734
4891,2056.712889
4892,1276.894427
4893,1693.118461
4894,888.340187
4895,1127.867674
4896,1242.075413
4897,4621.992362
4898,974.599798
4899,1289.151555
4900,1025.510087
4901,1399.975248
4902,1104.325703
4903,2291.942148
4904,3043.465633
4905,1561.218826
4906,1692.980836
4907,1287.162781
4908,826.574182
4909,1417.986134
4910,4511.634907
4911,3562.396852
4912,1112.270431
4913,3911.538599
4914,2586.055976
4915,1468.209476
4916,1380.759458
4917,7959.599268
4918,502.931184
4919,4839.811923
4920,3760.459390
4921,2456.359263
4922,1428.155371
4923,7215.525710
4924,1723.251017
4925,11591.321790
4926,1163.691292
4927,1713.267455
4928,6103.828784
4929,1554.213550
4930,14755.360525
4931,2433.708080
4932,7230.856091
4933,27385.206945
4934,2857.787004
4935,1878.017052
4936,1152.571316
4937,15073.529134
4938,1044.096972
4939,1543.508742
4940,1140.675640
4941,945.949271
4942,1963.117766
4943,1501.068872
4944,2254.689160
4945,2469.878203
4946,3633.189439
4947,2319.581939
4948,7076.972197
4949,1029.470087
4950,2082.241994
4951,1322.087374
4952,3717.854842
4953,4728.290397
4954,2617.131362
4955,3918.890896
4956,5536.252307
4957,1550.198677
4958,1084.178134
4959,1418.622550
4960,2890.255435
4961,1554.222083
4962,4762.431324
4963,1124.299178
4964,7342.062685
4965,2271.011411
4966,1131.127596
4967,5476.375962
4968,5706.199485
4969,32835.464749
4970,2054.359475
4971,2626.101166
4972,1370.910004
4973,1427.911445
4974,3427.417201
4975,3143.127437
4976,3068.087904
4977,1286.110598
4978,7055.101504
4979,1318.176772
4980,1576.711206
4981,1589.039268
4982,30177.598450
4983,1005.029629
4984,1332.044264
4985,1922.338735
4986,1211.115944
4987,1374.955659
4988,1688.896198
4989,2023.490263
4990,2221.792939
4991,1470.518926
4992,14712.473984
4993,4486.039630
4994,7191.549767
4995,1213.363453
4996,2216.114074
4997,1380.618331
4998,6799.560241
4999,39651.081579
5000,107806.002327
5001,4380.742063
5002,1181.097751
5003,2333.630094
5004,6068.617755
5005,10641.123109
5006,3544.554856
5007,1742.405037
5008,2990.174591
5009,4070.252421
5010,1010.284315
5011,3085.429470
5012,3195.540394
5013,1281.887524
5014,6761.151773
5015,6020.397030
5016,4968.973319
5017,3804.516516
5018,1948.036971
5019,1493.774499
5020,2658.741329
5021,6926.811260
5022,4405.233711
5023,2019.532804
5024,1772.380010
5025,1358.020617
5026,1629.213086
5027,94140.979647
5028,1573.777264
5029,1532.148599
5030,3154.699840
5031,6927.679674
5032,1304.966702
5033,13843.971607
5034,6671.481099
5035,1838.656280
5036,15642.642864
5037,7779.892040
5038,1294.339486
5039,1332.891555
5040,2426.614437
5041,2046.609829
5042,2137.763948
5043,11966.624464
5044,3777.890635
5045,8689.932721
5046,26975.209163
5047,1709.100863
5048,1754.982835
5049,1354.629824
5050,8087.025454
5051,3855.753671
5052,1615.867991
5053,2995.769448
5054,1606.586579
5055,13166.875170
5056,3076.682562
5057,6594.624950
5058,4374.111652
5059,29277.944705
5060,3024.763979
5061,12088.294669
5062,2179.331532
5063,3171.031423
5064,4023.695016
5065,10979.469070
5066,17512.817515
5067,1245.204524
5068,19961.179925
5069,5110.399971
5070,1156.075395
5071,4150.777486
5072,20043.911583
5073,31330.117710
5074,2202.161962
5075,2304.708830
5076,9656.369297
5077,8682.773920
5078,37658.326840
5079,2086.887770
5080,10286.492447
5081,1370.971158
5082,2736.155329
5083,3662.711141
5084,2264.841262
5085,1020.722834
5086,2787.064978
5087,1854.489773
5088,2466.269736
5089,1380.033767
5090,1533.064514
5091,13877.048838
5092,1713.318668
5093,4714.788452
5094,7562.655895
5095,1444.867422
5096,1024.341838
5097,1177.217434
5098,1461.516560
5099,2066.354238
5100,1570.881880
5101,4156.443365
5102,4555.823774
5103,4198.566190
5104,19295.677799
5105,1482.953835
5106,4439.037301
5107,1333.327831
5108,2967.889064
5109,31103.218866
5110,4830.878681
5111,5121.212461
5112,1276.220104
5113,12813.768605
5114,4358.411481
5115,36152.962602
5116,4857.231617
5117,3406.540671
5118,1265.702339
5119,4423.946025
5120,1667.923699
5121,1797.740228
5122,4003.848618
5123,17068.447754
5124,1480.791432
5125,2097.304998
5126,4053.469923
5127,3341.603219
5128,5575.802109
5129,4954.403524
5130,7154.277988
5131,8712.480777
5132,2473.109166
5133,15062.972492
5134,6454.068099
5135,1172.361700
5136,2456.017753
5137,1287.971259
5138,16467.962494
5139,2324.898327
5140,2276.411890
5141,4522.801246
5142,4611.090340
5143,7381.964095
5144,3545.762720
5145,12097.224937
5146,1645.779853
5147,1421.627010
5148,5120.267398
5149,7049.484599
5150,24183.757353
5151,6007.164918
5152,2426.841828
5153,3090.307904
5154,2330.631106
5155,10852.280248
5156,16338.516820
5157,1456.824864
5158,2024.421735
5159,4767.995035
5160,3120.614135
5161,472.161031
5162,9324.514007
5163,8932.978493
5164,2105.998538
5165,42203.762166
5166,9099.835021
5167,3801.099715
5168,2031.728855
5169,2563.040191
5170,5188.306545
5171,30607.367404
5172,1732.501755
5173,8936.361787
5174,4964.140123
5175,20048.170230
5176,3293.388164
5177,1144.168404
5178,5522.504134
5179,3283.156598
5180,11283.334917
5181,6332.020295
5182,1748.133932
5183,4926.491672
5184,60355.012688
5185,8840.218370
5186,1722.856250
5187,10369.485117
5188,5518.997752
5189,8576.951672
5190,2687.404272
5191,5739.509095
5192,4108.882502
5193,4153.836820
5194,7185.431058
5195,1595.852861
5196,2706.446184
5197,1971.650669
5198,2878.186530
5199,27290.613528
5200,1198.554882
5201,7601.628952
5202,4662.135677
5203,12400.623802
5204,1573.795606
5205,489.915306
5206,2255.762826
5207,11559.791863
5208,1548.674689
5209,3384.463837
5210,3993.472532
5211,4604.235672
5212,1215.640617
5213,11446.528041
5214,1513.430389
5215,3240.864520
5216,12322.519595
5217,4147.382935
5218,1352.870759
5219,1637.102151
5220,1053.730133
5221,15166.189313
5222,2814.589855
5223,1903.370034
5224,1482.948082
5225,2186.540174
5226,1158.259158
5227,1142.394197
5228,1450.024290
5229,2167.142845
5230,8133.219921
5231,538.350555
5232,17884.683678
5233,1804.174172
5234,3050.049493
5235,2084.314344
5236,1100.791374
5237,5172.444561
5238,5630.224585
5239,1516.961438
5240,10902.203687
5241,5083.350976
5242,6948.619291
5243,4004.493801
5244,9121.809389
5245,19013.888050
5246,5013.257790
5247,1190.632448
5248,2844.930653
5249,1209.099029
5250,5944.784047
5251,13724.095661
5252,2500.415948
5253,26738.105219
5254,60431.446386
5255,1728.816363
5256,5211.729579
5257,2592.971530
5258,3480.347774
5259,6618.214013
5260,1746.100663
5261,1165.034763
5262,4235.453708
5263,1637.561008
5264,1499.900281
5265,1453.746386
5266,1211.167578
5267,16427.831470
5268,4865.218602
5269,3421.783847
5270,6100.957173
5271,7529.844657
5272,1307.935907
5273,4291.656214
5274,2029.332665
5275,1869.151806
5276,1414.591946
5277,2506.505554
5278,1498.139691
5279,1416.988417
5280,1382.410916
5281,1741.186192
5282,1083.211668
5283,8143.611748
5284,1360.716146
5285,1121.706933
5286,4048.719850
5287,2574.509692
5288,2426.573997
5289,12581.217121
5290,1185.253928
5291,1151.002259
5292,105081.566063
5293,1454.921857
5294,1109.188665
5295,1170.148085
5296,63425.166263
5297,1429.027638
5298,7299.690588
5299,1077.003353
5300,2465.476650
5301,2087.488322
5302,41849.202200
5303,1047.124574
5304,11189.067037
5305,2133.585721
5306,1283.108895
5307,1312.877175
5308,2050.320461
5309,9392.783509
5310,3661.467675
5311,7955.569875
5312,7280.634806
5313,21626.982347
5314,2516.299166
5315,1968.307250
5316,3653.564974
5317,4140.295012
5318,9246.242078
5319,1961.691724
5320,1246.684690
5321,1745.331688
5322,1799.347679
5323,1183.169744
5324,12055.159770
5325,2112.983400
5326,13667.863544
5327,19740.093186
5328,7455.026097
5329,10066.121671
5330,1401.621055
5331,1133.001954
5332,3970.603177
5333,887.477022
5334,8072.984953
5335,2013.150478
5336,1675.398727
5337,6210.867375
5338,1242.615376
5339,11593.210664
5340,13614.659734
5341,1831.794145
5342,4319.771986
5343,1543.478838
5344,1519.102640
5345,1804.954879
5346,15018.303503
5347,6792.976523
5348,3503.689759
5349,866.618545
5350,7142.569358
5351,3994.587099
5352,6844.586062
5353,1693.706669
5354,1969.658241
5355,1859.412269
5356,2172.145778
5357,1842.571365
5358,4566.280149
5359,109036.336139
5360,1327.464558
5361,958.165899
5362,2715.258304
5363,4704.540816
5364,1753.811830
5365,64183.516391
5366,11231.062910
5367,15649.906581
5368,2141.138642
5369,2059.256108
5370,1198.484068
5371,3455.247912
5372,1989.496925
5373,8138.223442
5374,2287.576859
5375,3594.642640
5376,1414.985997
5377,5906.937334
5378,1979.915412
5379,3896.633672
5380,16819.816415
5381,5740.643257
5382,25018.440764
5383,1736.089654
5384,6833.391805
5385,1841.505354
5386,51247.910001
5387,2399.794623
5388,2201.128459
5389,5514.440690
5390,1924.554653
5391,1290.265532
5392,12592.180914
5393,3002.391144
5394,2048.196769
5395,42746.148187
5396,1654.200924
5397,2018.833563
5398,3036.611442
5399,15681.762174
5400,7021.674066
5401,1658.936239
5402,3076.551018
5403,5999.901658
5404,1168.575873
5405,2878.695322
5406,2148.516940
5407,1801.475182
5408,2465.961578
5409,7673.255714
5410,1639.809568
5411,7199.405126
5412,1351.397900
5413,1487.409888
5414,1443.631651
5415,1782.824091
5416,5151.044812
5417,4479.904157
5418,1494.170313
5419,2045.220028
5420,8389.180830
5421,9088.718746
5422,1709.094592
5423,14474.446297
5424,1839.850386
5425,1349.890296
5426,2163.291696
5427,4913.468928
5428,5768.948967
5429,9767.769896
5430,682.076998
5431,5617.372220
5432,1127.283709
5433,2704.047646
5434,19291.143267
5435,1769.639513
5436,1824.740012
5437,4350.383729
5438,8661.051476
5439,2226.476989
5440,3282.411669
5441,2822.174897
5442,2331.538882
5443,1317.863443
5444,1997.478272
5445,2222.722045
5446,2751.099737
5447,10002.801590
5448,1162.624626
5449,2705.021548
5450,2931.834859
5451,706.588335
5452,14831.283730
5453,4801.358359
5454,3978.003391
5455,1620.263460
5456,20186.771537
5457,1481.337043
5458,2543.825145
5459,1762.380014
5460,1708.330042
5461,2385.181984
5462,4280.392477
5463,2058.757932
5464,1357.683312
5465,2020.177797
5466,11486.684018
5467,1455.177003
5468,2281.002321
5469,6793.139334
5470,866.833899
5471,2544.469006
5472,1752.079274
5473,1697.263820
5474,1308.059668
5475,8387.927586
5476,1974.014713
5477,20760.326958
5478,2401.508730
5479,3446.922840
5480,3716.265687
5481,1669.138475
5482,1121.251238
5483,5861.194909
5484,1971.742591
5485,1411.664170
5486,6322.997095
5487,2293.588733
5488,3141.676270
5489,9414.666060
5490,1383.282854
5491,2934.184797
5492,1495.793202
5493,3818.901528
5494,1445.842448
5495,2192.322255
5496,7414.739352
5497,1281.064260
5498,1263.348210
5499,1282.343760
5500,2383.836613
5501,2242.140638
5502,35778.558394
5503,1361.643619
5504,1306.406343
5505,1146.011087
5506,4516.111110
5507,1737.910881
5508,2695.075681
5509,11731.466758
5510,1693.707860
5511,3560.013006
5512,10573.030423
5513,3726.438782
5514,1419.545429
5515,1231.477272
5516,2139.441107
5517,1489.039709
5518,2757.081481
5519,1289.667580
5520,176959.595883
5521,979.701030
5522,16164.694626
5523,1831.588511
5524,5359.621744
5525,7783.981687
5526,12544.124989
5527,5933.766069
5528,12195.724738
5529,5274.788282
5530,1659.435964
5531,40250.372345
5532,2131.714308
5533,1120.877530
5534,3172.784038
5535,13261.782429
5536,1312.878000
5537,1370.177736
5538,1476.588590
5539,1314.704337
5540,1374.611522
5541,3796.618426
5542,2608.551362
5543,3835.206693
5544,1035.040391
5545,11545.168080
5546,1785.323495
5547,21175.953912
5548,1609.815225
5549,1068.539732
5550,49293.578859
5551,1156.866063
5552,703.339532
5553,1984.625056
5554,2619.415111
5555,2040.741775
5556,2372.330286
5557,1433.550442
5558,3046.781221
5559,1420.742051
5560,3855.161067
5561,1298.076977
5562,2921.210504
5563,1383.571397
5564,7287.241839
5565,1373.415289
5566,2039.417813
5567,3591.702327
5568,8638.456412
5569,2770.509953
5570,3717.219914
5571,931.835558
5572,2238.830291
5573,5203.002059
5574,1602.168094
5575,1840.770802
5576,9447.887058
5577,1238.640954
5578,1412.218015
5579,1291.975933
5580,47810.454185
5581,955.520456
5582,1883.524123
5583,3892.143509
5584,1801.327974
5585,2716.077645
5586,2030.371070
5587,1502.831784
5588,1534.265267
5589,4436.045985
5590,2462.423784
5591,7756.668853
5592,3521.429464
5593,1679.767037
5594,1225.247427
5595,1753.584178
5596,1601.353403
5597,624.054054
5598,3066.374656
5599,4468.864474
5600,58749.746078
5601,1945.660555
5602,2842.507562
5603,1837.994237
5604,3708.152376
5605,1418.404500
5606,6388.160130
5607,1433.884907
5608,1298.362623
5609,4198.311322
5610,1595.475911
5611,1392.696646
5612,39884.111922
5613,1399.942167
5614,2694.111344
5615,1149.155382
5616,1236.128370
5617,2861.023787
5618,2583.116838
5619,3263.688816
5620,5127.503027
5621,3671.289590
5622,3980.221977
5623,886.628536
5624,30759.903227
5625,1225.189733
5626,2144.282724
5627,1294.589915
5628,1022.293894
5629,702.508971
5630,15896.755548
5631,1370.445611
5632,9308.456673
5633,1224.931609
5634,2856.212175
5635,5950.344783
5636,1282.852633
5637,5859.583355
5638,3940.917110
5639,1754.436450
5640,1562.353674
5641,1889.502836
5642,7041.911289
5643,5141.675850
5644,1486.850770
5645,3931.809455
5646,10325.482016
5647,2493.296385
5648,1367.774543
5649,2430.557165
5650,9734.655931
5651,1741.292054
5652,1921.574047
5653,9878.731024
5654,1748.253926
5655,2550.595616
5656,1208.933166
5657,4060.442308
5658,3172.058408
5659,3542.162881
5660,1439.124144
5661,1924.620124
5662,7984.925915
5663,2098.105910
5664,4650.485014
5665,3241.226149
5666,1444.876013
5667,1791.015573
5668,3583.691602
5669,30113.413304
5670,2805.096725
5671,2128.673178
5672,1113.434043
5673,5885.284084
5674,1859.077303
5675,1837.545932
5676,2292.355785
5677,1773.648720
5678,2701.306575
5679,38538.846894
5680,4224.046177
5681,5871.268522
5682,1470.600241
5683,3561.681453
5684,4949.857018
5685,5369.899241
5686,4303.274900
5687,1279.429659
5688,1892.483943
5689,1992.003532
5690,2955.139001
5691,231031.481248
5692,4046.626983
5693,2886.556448
5694,5754.933121
5695,68222.511562
5696,4197.040998
5697,2762.772689
5698,1691.828131
5699,12209.803091
5700,3840.421060
5701,883.015407
5702,1255.090894
5703,9189.843153
5704,3967.066347
5705,3858.504302
5706,1931.522517
5707,3343.310810
5708,1566.390852
5709,1298.691788
5710,1632.268150
5711,2649.564544
5712,1963.924643
5713,2224.332599
5714,1351.203712
5715,3218.447025
5716,9787.001377
5717,4241.526076
5718,4114.885055
5719,1175.594675
5720,1425.036145
5721,1307.851837
5722,1189.924444
5723,7179.816919
5724,2458.389816
5725,1303.139367
5726,1649.125944
5727,2093.063467
5728,1277.848925
5729,8692.548837
5730,1357.670564
5731,2157.787737
5732,1983.403740
5733,3318.777876
5734,3687.258074
5735,6297.647283
5736,1446.463499
5737,5001.917411
5738,2585.668773
5739,4014.166176
5740,7355.317343
5741,1240.231362
5742,3984.875174
5743,1709.398811
5744,1573.500156
5745,545.837659
5746,1465.528837
5747,3376.968479
5748,1299.809002
5749,4280.316584
5750,939.277204
5751,1284.355069
5752,1678.272908
5753,1128.215411
5754,1517.167579
5755,3661.331094
5756,2561.580145
5757,1438.888726
5758,1622.754875
5759,1506.805910
5760,3032.089332
5761,1039.152379
5762,1462.104537
5763,1398.408048
5764,5453.403984
5765,1552.013131
5766,1586.708517
5767,11833.237657
5768,1275.681502
5769,1298.743713
5770,1764.638870
5771,6555.519982
5772,2632.790096
5773,984.383357
5774,1475.473382
5775,1298.215468
5776,12064.358263
5777,2265.013962
5778,1315.452766
5779,1072.717460
5780,1948.842876
5781,1122.386598
5782,6329.755193
5783,2162.754576
5784,2555.418606
5785,1796.620705
5786,15297.803792
5787,1255.478858
5788,9079.581673
5789,3930.131955
5790,1645.511148
5791,3076.798922
5792,3031.892269
5793,1194.308093
5794,4210.959502
5795,869.720314
5796,15258.236047
5797,3385.441279
5798,84819.106556
5799,4684.051580
5800,1570.009064
5801,1435.591826
5802,1163.478371
5803,9943.639901
5804,2767.416071
5805,1411.792776
5806,1736.991836
5807,33301.349341
5808,3576.586041
5809,6907.216624
5810,6158.241603
5811,2972.098893
5812,1418.828618
5813,2372.105278
5814,1622.332094
5815,6040.129919
5816,9548.890501
5817,16967.967924
5818,1315.895068
5819,1860.035710
5820,2536.522672
5821,5737.617871
5822,1854.866395
5823,1356.401461
5824,5561.239782
5825,37332.875606
5826,4876.250949
5827,9119.789077
5828,51037.506083
5829,2806.788002
5830,1543.159919
5831,3521.653213
5832,3150.419545
5833,1408.809651
5834,1424.444623
5835,8808.741792
5836,2404.659347
5837,2751.304790
5838,1724.817226
5839,6485.182780
5840,8514.351005
5841,1309.904086
5842,6063.167760
5843,21583.828479
5844,6085.931139
5845,12876.279034
5846,1389.767384
5847,1483.759182
5848,6507.401397
5849,2426.457137
5850,2067.355338
5851,4201.842574
5852,1614.543912
5853,1790.710022
5854,2211.998482
5855,7970.411077
5856,3832.727500
5857,1975.969408
5858,1266.059853
5859,4619.287077
5860,18937.228192
5861,2024.554549
5862,30569.559821
5863,1152.842498
5864,13006.759540
5865,14326.056598
5866,1715.055501
5867,3741.210895
5868,2216.843111
5869,19844.992728
5870,1846.774830
5871,5527.529391
5872,5009.833809
5873,8294.302450
5874,27400.403308
5875,1163.925776
5876,1672.276617
5877,1131.958407
5878,1132.409545
5879,22386.810788
5880,2492.244000
5881,5364.288534
5882,9678.835593
5883,2178.953189
5884,33812.742388
5885,1422.779387
5886,1694.550242
5887,1329.216248
5888,3184.769800
5889,2355.216612
5890,4533.363329
5891,1229.241363
5892,4579.908617
5893,5787.833061
5894,5923.101249
5895,1279.840779
5896,5017.044626
5897,4041.953752
5898,1575.524923
5899,1462.367554
5900,2818.875395
5901,2106.843311
5902,5311.390471
5903,7255.470580
5904,4351.928061
5905,33588.213986
5906,3700.731310
5907,3713.239729
5908,1425.297224
5909,2919.316655
5910,1624.587820
5911,1445.012409
5912,4128.243720
5913,1376.241661
5914,2749.159853
5915,10156.462472
5916,1321.646663
5917,17608.514254
5918,15637.207828
5919,7736.355199
5920,15578.426039
5921,3518.542744
5922,2514.004605
5923,50097.401938
5924,2540.889756
5925,1936.072709
5926,3694.289299
5927,17143.597760
5928,2198.590977
5929,25379.674021
5930,1927.152700
5931,25170.493405
5932,6932.218459
5933,273182.100834
5934,1187.573160
5935,1173.165905
5936,1443.595387
5937,5565.311523
5938,7492.599500
5939,23510.679732
5940,2923.865467
5941,10427.012325
5942,7016.960477
5943,17105.956605
5944,5248.814243
5945,3209.034947
5946,3424.490874
5947,7371.797011
5948,3221.334371
5949,2909.198248
5950,3188.125687
5951,1257.957774
5952,1341.789290
5953,6217.871420
5954,1997.912929
5955,2696.519461
5956,1901.783905
5957,2033.216905
5958,1781.020177
5959,2021.528095
5960,1861.960749
5961,6363.827858
5962,4911.634149
5963,2873.849737
5964,1392.151759
5965,2429.431218
5966,1675.093542
5967,2030.051728
5968,2123.581528
5969,1756.906650
5970,2503.786479
5971,1451.182134
5972,7797.715114
5973,1060.440724
5974,1742.331551
5975,7207.542952
5976,1255.742385
5977,36362.558699
5978,49509.402085
5979,4971.205087
5980,104803.549626
5981,3648.757589
5982,1348.836425
5983,8561.436884
5984,3097.596680
5985,22173.354730
5986,6894.544185
5987,4249.811409
5988,1778.023175
5989,1398.098661
5990,1801.265634
5991,2012.341476
5992,2796.806342
5993,2116.460699
5994,4573.041395
5995,7338.744696
5996,1686.836618
5997,1484.485578
5998,5966.039325
5999,2695.972505
6000,2820.743504
6001,3302.459746
6002,5797.451533
6003,23927.856322
6004,1889.918399
6005,2294.003193
6006,2855.984346
6007,1418.820019
6008,11275.298356
6009,2175.001279
6010,8131.214519
6011,20143.830001
6012,3425.109146
6013,3800.097314
6014,7863.208493
6015,21710.920508
6016,1275.106363
6017,8595.980640
6018,1399.660419
6019,1080.349583
6020,1958.478579
6021,7081.679164
6022,5895.083327
6023,9368.961372
6024,12710.926305
6025,2969.412161
6026,1640.822237
6027,1269.059140
6028,4525.980977
6029,1820.970660
6030,14060.680272
6031,2803.580524
6032,1540.538500
6033,2030.629236
6034,2732.281842
6035,2152.795720
6036,2722.404179
6037,1723.362009
6038,1572.343376
6039,21843.901446
6040,1610.811349
6041,7142.975568
6042,1974.905980
6043,66108.171279
6044,43350.754684
6045,6234.956020
6046,1274.269294
6047,1820.782171
6048,1658.430476
6049,1961.438838
6050,1954.161382
6051,14965.765800
6052,14614.411068
6053,1313.190008
6054,2030.653998
6055,9066.984328
6056,129267.706983
6057,3888.070539
6058,1682.595466
6059,1610.406077
6060,70270.969093
6061,111996.400170
6062,357938.962836
6063,16854.497369
6064,92029.749214
6065,546.761757
6066,583.973471
6067,4425.413164
6068,600.869019
6069,568.171567
6070,624.908098
6071,594.633655
6072,597.003902
6073,557.723985
6074,629.738828
6075,570.613265
6076,598.990405
6077,506.830488
6078,611.908295
6079,615.874457
6080,570.654402
6081,562.942266
6082,530.231976
6083,587.216326
6084,574.106498
6085,564.207168
6086,577.803503
6087,550.379012
6088,606.648642
6089,319290.388821
6090,544.110634
6091,511.735261
6092,486.086302
6093,622.397376
6094,614.474792
6095,505.273605
6096,543.819820
6097,553.984004
6098,639.856986
6099,649.914681
6100,554.600531
6101,572.608685
6102,536.137130
6103,580.697020
6104,587.743557
6105,560.286570
6106,543.941908
6107,585.636651
6108,584.716772
6109,555.714837
6110,553.873490
6111,557.839000
6112,580.765681
6113,497.591149
6114,629.823286
6115,462.672162
6116,1676.438982
6117,527.002242
6118,530.873665
6119,491.726291
6120,490.832859
6121,544.249070
6122,567.098676
6123,560.266218
6124,569.350814
6125,247742.206047
6126,580.101471
6127,579.516322
6128,593.767809
6129,816.743950
6130,561.973490
6131,595.958465
6132,589.770749
6133,572.113014
6134,519.792507
6135,555.828017
6136,543.783136
6137,583.830137
6138,539.738579
6139,563.222581
6140,565.970448
6141,467.042334
6142,567.954183
6143,556.427499
6144,557.914111
6145,591.461495
6146,509.089414
6147,638.347186
6148,547.859923
6149,560.289644
6150,577.349686
6151,530.593760
6152,596.243462
6153,557.699948
6154,519.506336
6155,497.757641
6156,619.101893
6157,596.899162
6158,558.879429
6159,563.363877
6160,572.352598
6161,527.309659
6162,602.690268
6163,535.199575
6164,562.343266
6165,629.352047
6166,745.771619
6167,545.363349
6168,523.867560
6169,560.366659
6170,477.570655
6171,589.746349
6172,569.127474
6173,1289.914615
6174,615.120229
6175,573.396552
6176,583.779033
6177,711.221560
6178,749.425602
6179,606.897328
6180,595.312155
6181,575.512790
6182,550.901035
6183,619.616456
6184,595.068781
6185,585.554787
6186,570.597035
6187,554.900151
6188,585.488118
6189,543.305372
6190,533.040730
6191,565.576816
6192,563.126722
6193,563.905048
6194,534.599174
6195,532.295840
6196,522.169937
6197,551.878015
6198,593.471205
6199,645.063683
6200,571.660297
6201,547.905543
6202,551.605506
6203,583.456207
6204,541.756454
6205,579.789249
6206,514.179785
6207,527.930367
6208,585.822758
6209,553.810108
6210,542.353424
6211,534.334431
6212,563.520954
6213,574.376462
6214,639.062459
6215,564.655256
6216,11883.998898
6217,1143.501853
6218,570.567640
6219,650.844653
6220,476.854769
6221,596.008478
6222,508.552306
6223,540.861545
6224,640.685162
6225,592.662606
6226,500.657421
6227,512.947521
6228,564.599581
6229,596.653053
6230,559.887926
6231,549.744632
6232,586.245404
6233,535.807162
6234,576.799033
6235,531.619614
6236,636.644614
6237,570.125185
6238,560.154095
6239,581.852353
6240,590.079207
6241,662.326894
6242,509.186016
6243,551.693363
6244,530.596592
6245,617.097181
6246,561.132615
6247,571.283058
6248,529.490672
6249,591.020227
6250,574.727881
6251,526.676014
6252,590.870298
6253,558.480856
6254,743.002372
6255,604.470485
6256,537.979137
6257,542.058505
6258,599.851222
6259,570.967840
6260,606.886846
6261,523.821982
6262,649.005410
6263,569.007705
6264,566.169812
6265,583.291576
6266,602.536672
6267,666.518813
6268,684.582196
6269,572.293021
6270,755.315332
6271,550.799762
6272,586.546950
6273,568.123395
6274,576.113877
6275,668.198129
6276,581.302927
6277,564.156037
6278,559.107091
6279,508.707821
6280,565.847686
6281,589.430745
6282,598.620802
6283,545.364129
6284,597.752046
6285,576.023879
6286,514.405361
6287,667.739866
6288,585.746469
6289,548.451636
6290,604.372862
6291,659.980755
6292,607.070973
6293,602.227209
6294,507.008060
6295,564.548111
6296,537.419549
6297,664.994794
6298,562.714736
6299,567.209036
6300,539.559944
6301,613.598382
6302,549.266348
6303,561.257767
6304,573.103068
6305,624.671566
6306,590.091637
6307,580.471189
6308,577.342328
6309,584.807945
6310,584.206825
6311,567.726438
6312,538.981552
6313,570.247509
6314,635.624406
6315,841.522584
6316,571.089032
6317,738.615188
6318,597.315157
6319,541.470177
6320,625.159356
6321,543.449111
6322,566.816257
6323,461.872270
6324,578.123921
6325,532.723784
6326,543.003266
6327,544.351828
6328,517.543780
6329,720.553890
6330,557.317979
6331,550.520815
6332,518.456426
6333,623.788846
6334,613.732887
6335,567.295833
6336,595.739683
6337,544.187991
6338,553.671584
6339,571.670765
6340,574.892032
6341,581.908179
6342,562.190634
6343,560.770494
6344,621.106615
6345,562.633122
6346,605.022914
6347,509.968252
6348,678.835910
6349,626.206948
6350,518.211100
6351,599.442825
6352,568.125226
6353,517.834929
6354,568.148593
6355,551.032682
6356,565.805716
6357,411.203922
6358,783.905913
6359,563.849366
6360,586.994661
6361,540.688952
6362,574.982861
6363,593.228544
6364,586.875056
6365,548.057239
6366,539.031753
6367,568.435007
6368,525.973409
6369,601.495393
6370,635.873000
6371,584.721802
6372,556.643817
6373,554.740724
6374,556.002599
6375,581.531576
6376,670.477406
6377,562.158729
6378,530.963280
6379,594.018559
6380,549.250317
6381,511.731326
6382,532.349561
6383,534.038717
6384,562.348017
6385,544.398926
6386,559.109792
6387,577.769360
6388,539.677166
6389,5387.588459
6390,570.070553
6391,561.764994
6392,555.308139
6393,644.517541
6394,563.953671
6395,628.115396
6396,519.776412
6397,633.775076
6398,549.302854
6399,602.245868
6400,601.965205
6401,553.280778
6402,579.103081
6403,576.112991
6404,544.956443
6405,561.546499
6406,570.742286
6407,587.358635
6408,532.179278
6409,543.242460
6410,570.833375
6411,532.978547
6412,576.271696
6413,598.373594
6414,556.507983
6415,527.338422
6416,592.744585
6417,587.767080
6418,528.371527
6419,563.072943
6420,581.772305
6421,557.595045
6422,582.252594
6423,605.167590
6424,593.766203
6425,607.068897
6426,559.094319
6427,584.739245
6428,583.252546
6429,589.073210
6430,559.493944
6431,610.738153
6432,569.942085
6433,538.146973
6434,555.044533
6435,690.501812
6436,569.461971
6437,694.679367
6438,535.640992
6439,612.995851
6440,573.496308
6441,649.257501
6442,619.524133
6443,613.426957
6444,549.632332
6445,1087.305141
6446,588.146389
6447,653.317963
6448,575.891113
6449,627.142166
6450,565.764854
6451,699.033623
6452,589.491447
6453,567.230897
6454,740.827148
6455,590.946203
6456,603.915169
6457,640.105261
6458,591.103855
6459,560.928381
6460,516.093988
6461,571.854427
6462,617.545096
6463,3679.031312
6464,572.983655
6465,780.265414
6466,552.206207
6467,568.218740
6468,544.706483
6469,602.155839
6470,642.475891
6471,622.816779
6472,665.121692
6473,602.686557
6474,718.489959
6475,627.061828
6476,589.545753
6477,605.032791
6478,591.028220
6479,489.728990
6480,570.551263
6481,756.595353
6482,535.333191
6483,586.972036
6484,653.372272
6485,604.966948
6486,582.598700
6487,717.392116
6488,622.853177
6489,803.700065
6490,592.213959
6491,570.050236
6492,550.172776
6493,590.135594
6494,657.779501
6495,631.655600
6496,625.005486
6497,596.198681
6498,576.371909
6499,712.149273
6500,474.315604
6501,717.662691
6502,530.769195
6503,577.434169
6504,629.635988
6505,610.272247
6506,997.347173
6507,548.485893
6508,644.303011
6509,579.320536
6510,566.834415
6511,596.248949
6512,604.338949
6513,704.300877
6514,2369.299379
6515,628.449453
6516,574.191805
6517,504.558751
6518,626.148199
6519,597.942314
6520,438.256755
6521,550.365093
6522,517.101217
6523,621.897429
6524,657.618222
6525,651.511726
6526,692.634972
6527,569.405089
6528,569.418896
6529,596.392933
6530,545.463391
6531,540.775097
6532,647.728562
6533,566.871602
6534,700.911982
6535,589.563587
6536,515.047878
6537,546.575849
6538,618.877150
6539,517.751242
6540,581.953514
6541,573.074258
6542,646.126597
6543,545.859606
6544,594.731130
6545,571.249634
6546,1027.004363
6547,614.564331
6548,575.470812
6549,591.261777
6550,589.931920
6551,527.228772
6552,578.530309
6553,565.785952
6554,601.493875
6555,530.942775
6556,601.404808
6557,634.398305
6558,782.351997
6559,500.021998
6560,617.288259
6561,610.520587
6562,676.296400
6563,585.609447
6564,569.772810
6565,631.983641
6566,638.582564
6567,548.106797
6568,596.372600
6569,663.752726
6570,622.071902
6571,574.329579
6572,575.461212
6573,564.139291
6574,3136.848286
6575,590.021817
6576,984.443667
6577,673.797187
6578,605.179571
6579,585.598879
6580,585.422308
6581,614.453002
6582,489.870498
6583,598.022691
6584,723.353769
6585,570.306979
6586,578.512865
6587,545.441436
6588,664.108461
6589,615.196870
6590,526.342841
6591,640.490843
6592,596.524686
6593,590.286774
6594,548.440224
6595,558.205182
6596,590.834006
6597,593.003507
6598,871.426089
6599,633.087832
6600,580.833199
6601,538.387975
6602,639.701013
6603,571.280485
6604,551.642861
6605,613.105211
6606,602.972403
6607,621.554593
6608,569.179996
6609,762.577725
6610,670.280380
6611,599.637689
6612,663.271173
6613,5197.782932
6614,579.384517
6615,538.881619
6616,544.574794
6617,457.896308
6618,618.670758
6619,623.365182
6620,685.744529
6621,581.909610
6622,2263.025096
6623,621.728280
6624,553.422705
6625,733.785530
6626,923.003662
6627,630.757185
6628,589.530609
6629,601.559896
6630,637.063962
6631,694.020796
6632,690.749760
6633,643.890808
6634,540.248859
6635,554.816994
6636,538.429376
6637,727.297638
6638,620.479376
6639,635.679627
6640,542.779633
6641,651.699001
6642,551.161848
6643,570.594074
6644,653.810416
6645,652.216768
6646,582.218055
6647,566.607366
6648,521.333130
6649,580.555752
6650,630.868582
6651,635.065268
6652,578.764603
6653,542.402366
6654,583.243779
6655,666.816255
6656,1571.712395
6657,594.330451
6658,488.581263
6659,569.876758
6660,561.164503
6661,784.835816
6662,566.619607
6663,574.722959
6664,711.109578
6665,644.757335
6666,650.752289
6667,631.650087
6668,802.669055
6669,641.112841
6670,553.159009
6671,706.811375
6672,615.308958
6673,577.194530
6674,2746.443448
6675,603.673376
6676,518.867810
6677,565.347952
6678,631.066268
6679,591.589429
6680,544.658430
6681,621.155711
6682,540.234869
6683,566.666973
6684,880.171900
6685,645.738950
6686,560.058901
6687,606.173642
6688,603.179666
6689,530.963783
6690,645.200388
6691,692.507041
6692,597.882671
6693,644.261996
6694,507.264499
6695,617.480757
6696,561.905310
6697,549.157647
6698,548.040040
6699,684.647860
6700,626.175852
6701,705.083245
6702,505.830028
6703,640.667860
6704,719.582704
6705,760.839486
6706,630.045741
6707,601.721192
6708,593.696818
6709,709.088527
6710,590.190417
6711,568.613069
6712,553.459701
6713,618.686442
6714,594.226278
6715,676.098221
6716,595.940590
6717,595.979723
6718,719.652269
6719,572.113461
6720,679.121013
6721,530.185773
6722,520.980751
6723,636.347477
6724,659.491497
6725,618.568792
6726,620.541451
6727,556.187246
6728,582.660765
6729,567.424529
6730,569.927725
6731,739.559420
6732,646.021083
6733,663.155827
6734,571.279060
6735,550.825044
6736,570.413588
6737,556.651113
6738,581.031763
6739,535.963401
6740,557.111188
6741,585.092512
6742,581.818889
6743,535.006654
6744,523.017816
6745,584.490433
6746,520.085500
6747,656.456664
6748,628.146165
6749,571.111045
6750,1006.751520
6751,506.775118
6752,582.697452
6753,600.689628
6754,597.893882
6755,575.493999
6756,576.495044
6757,529.867356
6758,575.963683
6759,1307.523190
6760,574.784525
6761,565.135582
6762,668.012840
6763,485.424511
6764,501.930755
6765,1795.702481
6766,557.203213
6767,533.061470
6768,534.695399
6769,546.835198
6770,599.467366
6771,753.051418
6772,497.540428
6773,772.994343
6774,593.168601
6775,714.637263
6776,650.475683
6777,510.524655
6778,726.017354
6779,638.300833
6780,544.890248
6781,684.897196
6782,590.054885
6783,552.948624
6784,598.551127
6785,589.978003
6786,561.255108
6787,572.079543
6788,579.437213
6789,555.406903
6790,560.251449
6791,573.575549
6792,640.402305
6793,535.265029
6794,754.315367
6795,612.256088
6796,558.242546
6797,629.956925
6798,561.398349
6799,664.574836
6800,760.292322
6801,895.422116
6802,598.400229
6803,710.262377
6804,757.914650
6805,685.484429
6806,658.119059
6807,794.723038
6808,541.364438
6809,593.808308
6810,582.696074
6811,648.957362
6812,570.331149
6813,642.317508
6814,2913.241358
6815,2498.781484
6816,650.724803
6817,569.547626
6818,802.451084
6819,576.416913
6820,845.604116
6821,601.636439
6822,689.713785
6823,629.123489
6824,602.691269
6825,754.520661
6826,581.061887
6827,651.186256
6828,669.318368
6829,558.840541
6830,610.879534
6831,554.319642
6832,551.048732
6833,1078.044718
6834,734.194356
6835,558.880008
6836,609.923221
6837,606.014500
6838,569.250563
6839,587.962259
6840,626.999468
6841,1609.160006
6842,561.873901
6843,735.528333
6844,4692.786510
6845,550.478373
6846,549.285710
6847,527.488166
6848,866.570193
6849,875.278512
6850,1161.561480
6851,555.960760
6852,796.191955
6853,612.740241
6854,1424.949989
6855,734.638451
6856,608.452119
6857,559.081814
6858,570.118715
6859,585.428978
6860,563.274025
6861,539.168000
6862,1629.828694
6863,647.818507
6864,723.242269
6865,579.681143
6866,590.948687
6867,823.791048
6868,650.214126
6869,799.388080
6870,600.909743
6871,555.287335
6872,616.707996
6873,685.882420
6874,586.590195
6875,978.330067
6876,660.192093
6877,600.642821
6878,702.094884
6879,533.241838
6880,614.939006
6881,648.002984
6882,686.831287
6883,13318.646295
6884,2272.465662
6885,620.727476
6886,617.119352
6887,615.455443
6888,1002.122775
6889,573.411415
6890,555.230737
6891,558.923800
6892,648.318447
6893,676.963719
6894,597.726334
6895,712.022962
6896,580.346230
6897,622.887773
6898,595.897808
6899,586.446795
6900,587.247703
6901,654.263474
6902,616.156805
6903,2959.779827
6904,678.522848
6905,784.405819
6906,1035.838932
6907,623.803648
6908,633.182352
6909,569.520256
6910,587.541255
6911,966.219611
6912,659.735423
6913,584.415919
6914,1320.948155
6915,584.515857
6916,593.951174
6917,689.163739
6918,713.272939
6919,614.994053
6920,611.450570
6921,574.132806
6922,2507.086762
6923,590.351688
6924,698.120301
6925,667.916556
6926,649.836021
6927,710.002596
6928,609.495330
6929,3041.019087
6930,594.315302
6931,638.931622
6932,987.167490
6933,2920.515968
6934,575.997651
6935,734.636625
6936,1090.404775
6937,979.150030
6938,632.656392
6939,683.326913
6940,1729.686835
6941,3505.452651
6942,1084.864822
6943,4946.245428
6944,625.174418
6945,1119.730004
6946,704.405131
6947,617.047070
6948,644.073421
6949,2075.635854
6950,639.725056
6951,720.928285
6952,551.292923
6953,621.694682
6954,636.349436
6955,2376.401792
6956,667.798651
6957,620.041087
6958,581.774093
6959,647.069460
6960,2445.465711
6961,2572.843234
6962,670.504168
6963,704.249419
6964,3317.946861
6965,655.612896
6966,653.469779
6967,618.278818
6968,603.752676
6969,935.813259
6970,2627.561043
6971,601.738014
6972,642.766134
6973,1764.470292
6974,640.863465
6975,633.091013
6976,611.383470
6977,655.388051
6978,903.741290
6979,684.157264
6980,681.028076
6981,586.117186
6982,1966.379992
6983,663.055726
6984,979.317064
6985,574.102444
6986,1543.756631
6987,2480.419005
6988,2816.865312
6989,893.202272
6990,656.300533
6991,610.103823
6992,1735.579840
6993,717.656474
6994,1020.138965
6995,613.835816
6996,662.936062
6997,893.227204
6998,634.901513
6999,874.269822
7000,603.009767
7001,1204.636336
7002,1408.783069
7003,564.691656
7004,1666.154299
7005,1486.194706
7006,846.641328
7007,2952.403408
7008,591.264281
7009,748.645719
7010,3285.548176
7011,641.045833
7012,589.393881
7013,651.495385
7014,1157.227092
7015,594.188363
7016,581.060319
7017,894.920140
7018,905.045956
7019,709.011774
7020,945.161361
7021,732.402727
7022,663.717254
7023,6784.507355
7024,594.479100
7025,1066.050160
7026,4377.778106
7027,1948.075114
7028,2749.338950
7029,576.803642
7030,1772.192357
7031,584.558341
7032,644.320999
7033,661.362613
7034,5482.977566
7035,1047.405828
7036,606.611999
7037,913.375104
7038,732.465132
7039,718.896709
7040,1501.619173
7041,613.506613
7042,1399.636167
7043,604.328116
7044,1041.261697
7045,7816.213516
7046,876.722052
7047,875.253584
7048,634.292993
7049,1360.453643
7050,739.178026
7051,575.983830
7052,603.170901
7053,588.461133
7054,678.088269
7055,1042.328676
7056,1486.682376
7057,835.489672
7058,634.926334
7059,630.301044
7060,1367.555914
7061,1698.169234
7062,662.885495
7063,2671.860674
7064,1012.786130
7065,628.342651
7066,879.739362
7067,597.246262
7068,600.671788
7069,636.410351
7070,895.713146
7071,637.272888
7072,662.401931
7073,983.083945
7074,883.984877
7075,649.992749
7076,627.655723
7077,3312.066332
7078,1082.602697
7079,695.984147
7080,968.160480
7081,1258.656676
7082,2933.035490
7083,698.645203
7084,886.546986
7085,756.355650
7086,626.738397
7087,835.759584
7088,644.381352
7089,648.094126
7090,956.333715
7091,993.246216
7092,919.654486
7093,885.259067
7094,909.238983
7095,712.982122
7096,1107.864284
7097,1925.368178
7098,614.775924
7099,1505.435393
7100,1099.264248
7101,602.955456
7102,630.810646
7103,550.081490
7104,747.199725
7105,701.796641
7106,769.555730
7107,1036.941491
7108,660.426377
7109,1841.131652
7110,664.375101
7111,577.565146
7112,939.897002
7113,684.814921
7114,605.138375
7115,6331.449446
7116,628.784713
7117,911.944709
7118,776.228651
7119,672.590478
7120,1351.502741
7121,752.715515
7122,682.823293
7123,742.143115
7124,3605.807516
7125,574.229812
7126,957.154380
7127,929.397847
7128,880.273485
7129,1427.275831
7130,1026.263406
7131,1274.834542
7132,923.489998
7133,932.018737
7134,631.171151
7135,3815.637728
7136,924.978861
7137,580.320056
7138,614.915828
7139,1185.526860
7140,805.208579
7141,3556.470671
7142,628.619948
7143,1132.319448
7144,1419.590084
7145,568.476735
7146,614.874204
7147,851.111290
7148,650.783690
7149,606.019786
7150,667.854623
7151,865.307159
7152,620.665911
7153,1286.175885
7154,866.553104
7155,617.539033
7156,588.273149
7157,730.702837
7158,1413.994812
7159,1839.495068
7160,985.830974
7161,2247.407085
7162,930.236872
7163,2164.046427
7164,1204.462056
7165,958.929088
7166,709.977048
7167,1129.865331
7168,717.848035
7169,962.099524
7170,895.782901
7171,890.455287
7172,938.985558
7173,781.468940
7174,644.446171
7175,771.746588
7176,1709.724755
7177,654.373075
7178,752.551630
7179,829.848836
7180,716.881682
7181,1341.209812
7182,939.428427
7183,731.530171
7184,902.390330
7185,908.343151
7186,1060.169186
7187,1909.056118
7188,630.693000
7189,710.631197
7190,1075.946690
7191,1037.449258
7192,916.786931
7193,636.662480
7194,1003.456595
7195,3683.950825
7196,966.964309
7197,996.980276
7198,1010.855747
7199,981.695246
7200,3180.913856
7201,1119.352442
7202,823.517496
7203,998.917742
7204,1132.949384
7205,840.448436
7206,1109.755828
7207,867.178135
7208,2076.402206
7209,1045.142897
7210,1555.997574
7211,955.613992
7212,1079.818068
7213,918.105884
7214,1615.809348
7215,1229.344340
7216,4860.113419
7217,883.783854
7218,908.929594
7219,1091.603066
7220,1257.425863
7221,1245.459688
7222,753.662211
7223,824.749084
7224,1333.788337
7225,621.474938
7226,4548.789159
7227,1209.736536
7228,609.083388
7229,1035.217266
7230,2323.181619
7231,742.562395
7232,842.204304
7233,612.459940
7234,683.082492
7235,1091.087509
7236,968.225326
7237,1260.170525
7238,1497.835598
7239,1536.538409
7240,1547.686728
7241,2233.811394
7242,858.675596
7243,865.279600
7244,1868.143322
7245,992.539894
7246,1026.103263
7247,883.380962
7248,1017.406554
7249,1272.101371
7250,657.091329
7251,1183.028978
7252,3691.763090
7253,1098.841735
7254,900.304878
7255,978.027788
7256,690.524517
7257,5190.861876
7258,1102.142107
7259,634.868418
7260,784.184369
7261,992.939048
7262,1236.386770
7263,3023.778690
7264,1307.549343
7265,603.712730
7266,2063.434591
7267,2831.167433
7268,698.406367
7269,920.459239
7270,985.186685
7271,936.203148
7272,829.447991
7273,1003.093164
7274,1608.295456
7275,806.665187
7276,942.943663
7277,865.976699
7278,1236.161397
7279,912.337762
7280,5003.175274
7281,1458.976567
7282,4772.760136
7283,1621.193062
7284,787.466513
7285,1006.113222
7286,1268.843312
7287,960.297161
7288,1245.363943
7289,1043.221597
7290,1155.280755
7291,1833.379932
7292,972.355892
7293,1309.888306
7294,1798.264601
7295,896.992524
7296,1286.865386
7297,2950.333033
7298,909.533498
7299,597.980668
7300,1169.099560
7301,1061.215801
7302,3024.800836
7303,1133.684374
7304,3766.907905
7305,740.611685
7306,995.581028
7307,986.701907
7308,911.574372
7309,2394.400779
7310,1297.677842
7311,1059.136819
7312,998.080255
7313,923.060593
7314,899.620929
7315,818.027174
7316,1021.280247
7317,801.049951
7318,873.998943
7319,1022.724017
7320,1221.181724
7321,1303.194304
7322,6224.625773
7323,956.080312
7324,1115.082341
7325,1955.966419
7326,673.744412
7327,659.798455
7328,1018.216673
7329,15716.712117
7330,1177.945433
7331,1568.658179
7332,1591.566857
7333,2284.767523
7334,1703.189185
7335,4329.518800
7336,2761.908850
7337,1038.083374
7338,880.099516
7339,1507.395322
7340,1205.368906
7341,3927.501247
7342,1577.256077
7343,883.697763
7344,1028.611995
7345,2969.819423
7346,9309.163713
7347,4606.789207
7348,1557.146937
7349,1014.230613
7350,5484.698459
7351,16960.311906
7352,2466.175645
7353,8535.805141
7354,6258.382254
7355,1096.589991
7356,1210.828988
7357,2035.382500
7358,3598.368956
7359,1868.476525
7360,3513.110638
7361,2187.266654
7362,4263.982982
7363,12687.035993
7364,2234.692988
7365,17770.733553
7366,1148.133591
7367,764.551337
7368,1227.113419
7369,14775.868482
7370,1986.487590
7371,1989.878243
7372,1148.442316
7373,2208.323091
7374,961.206751
7375,4009.597217
7376,1392.444937
7377,643.840530
7378,5220.884294
7379,1771.287668
7380,1690.143905
7381,1204.181200
7382,4097.176673
7383,875.358952
7384,1191.230812
7385,8452.606060
7386,2643.940640
7387,1225.066103
7388,752.098491
7389,1358.741404
7390,3060.320301
7391,1042.025851
7392,949.816945
7393,10042.492383
7394,813.812681
7395,1603.566186
7396,3300.492877
7397,866.931597
7398,1995.823990
7399,999.438761
7400,710.300862
7401,2713.105796
7402,1035.149890
7403,1483.870520
7404,1058.142931
7405,912.732091
7406,782.552898
7407,1051.013085
7408,723.939714
7409,723.316594
7410,2536.367526
7411,4650.544455
7412,1135.497345
7413,630.549856
7414,2734.917333
7415,2298.231838
7416,2067.906398
7417,819.887291
7418,1679.640445
7419,1685.369524
7420,933.774699
7421,2929.031460
7422,1664.313239
7423,7003.555622
7424,829.940785
7425,2140.083256
7426,2152.479575
7427,2179.582406
7428,3921.349536
7429,944.683057
7430,1160.262542
7431,900.727323
7432,1098.359561
7433,3782.362029
7434,1188.631610
7435,1174.804738
7436,1762.445909
7437,1168.848865
7438,1139.571391
7439,4552.113697
7440,1398.242406
7441,1542.722630
7442,3195.845305
7443,664.348168
7444,1533.068739
7445,1597.851993
7446,787.456083
7447,1175.964574
7448,6378.084693
7449,2156.836686
7450,1319.152703
7451,3736.972243
7452,1215.626017
7453,1201.535526
7454,971.026308
7455,1607.264663
7456,1366.915450
7457,1843.032682
7458,704.675140
7459,1638.694248
7460,948.164311
7461,831.254944
7462,2273.215507
7463,952.062468
7464,652.894288
7465,966.751786
7466,1985.898636
7467,1910.882149
7468,2117.940787
7469,1232.447860
7470,1352.893269
7471,904.927409
7472,1331.478434
7473,1166.057182
7474,733.849597
7475,828.363094
7476,2431.889756
7477,905.906182
7478,1111.546143
7479,1771.631135
7480,971.123152
7481,985.369862
7482,11683.041309
7483,6171.077326
7484,1859.498667
7485,682.192137
7486,1806.986533
7487,1485.215733
7488,2088.096584
7489,3621.394437
7490,1012.454625
7491,2409.181355
7492,2486.161429
7493,979.406498
7494,1722.471273
7495,6725.286987
7496,1985.330675
7497,1257.766750
7498,1006.126884
7499,930.899044
7500,2251.444296
7501,1542.370700
7502,1373.750411
7503,1731.419157
7504,1093.694199
7505,1189.528756
7506,2821.039935
7507,3482.412990
7508,1149.238027
7509,4272.451844
7510,1840.008139
7511,1131.365164
7512,1403.530269
7513,1879.272908
7514,871.227739
7515,1990.117441
7516,1124.745270
7517,1184.633827
7518,1776.530619
7519,988.963687
7520,1510.294270
7521,2494.021103
7522,1467.272542
7523,1159.321768
7524,949.178937
7525,936.229661
7526,1801.897978
7527,1212.620942
7528,1593.755040
7529,1245.262550
7530,4057.259183
7531,1277.875100
7532,2921.600498
7533,56233.180299
7534,1007.562383
7535,1084.835449
7536,1007.125663
7537,1374.118981
7538,997.655006
7539,1809.451848
7540,1341.288969
7541,1254.914543
7542,1308.070123
7543,2616.993497
7544,1183.686674
7545,1370.530920
7546,1777.129804
7547,889.164051
7548,1997.400516
7549,879.161664
7550,2121.921448
7551,1280.305424
7552,1349.261554
7553,4801.320190
7554,1079.725613
7555,3105.045045
7556,1413.138216
7557,2156.443986
7558,1070.624958
7559,1988.311812
7560,2056.971913
7561,912.318561
7562,905.716968
7563,857.217255
7564,1790.485948
7565,2142.871310
7566,1139.835316
7567,1402.767212
7568,1161.198942
7569,1272.020118
7570,968.816672
7571,1141.627603
7572,13509.374364
7573,3104.506535
7574,1704.829956
7575,838.714689
7576,6190.650452
7577,1266.754483
7578,1579.680381
7579,1511.751578
7580,891.005399
7581,16056.000631
7582,959.767134
7583,4096.572661
7584,894.498741
7585,1050.816379
7586,1711.365160
7587,1411.231588
7588,3886.822078
7589,1465.778255
7590,2129.412184
7591,1813.516497
7592,2645.452540
7593,1179.571493
7594,1768.158781
7595,1380.123920
7596,1846.200049
7597,1799.060381
7598,1489.319308
7599,1841.343399
7600,1859.879823
7601,1372.999005
7602,1390.228455
7603,1955.755736
7604,1935.052496
7605,1379.982158
7606,1109.893779
7607,1261.369338
7608,2767.149359
7609,1771.933126
7610,994.783073
7611,4263.378484
7612,1751.289599
7613,1986.343280
7614,1490.062506
7615,2090.870061
7616,2990.641094
7617,3112.524062
7618,2093.859229
7619,1397.390277
7620,4769.718690
7621,2290.590527
7622,1210.174085
7623,2540.451107
7624,2974.528219
7625,1299.708160
7626,1619.735853
7627,1424.251216
7628,987.323007
7629,1338.084623
7630,1094.818891
7631,15418.686524
7632,1302.396028
7633,1458.827462
7634,1605.235945
7635,1416.287763
7636,2336.285033
7637,1966.448750
7638,988.725699
7639,3916.739200
7640,1283.449902
7641,3178.047133
7642,5384.991029
7643,2671.953784
7644,940.631939
7645,1730.764828
7646,911.863949
7647,4646.884945
7648,2964.212738
7649,2037.125504
7650,1661.080378
7651,2100.769486
7652,1302.070359
7653,1802.965406
7654,1398.517700
7655,2745.731130
7656,981.939684
7657,1918.213991
7658,1745.623102
7659,2392.082501
7660,1842.850785
7661,2996.561812
7662,1910.880943
7663,1716.125363
7664,9392.416218
7665,7697.969437
7666,1254.278279
7667,1493.321951
7668,5246.126301
7669,1722.564733
7670,1055.431975
7671,1800.640071
7672,3253.918975
7673,2361.606128
7674,6796.037807
7675,1071.293824
7676,1224.154867
7677,2864.022580
7678,3245.906089
7679,1633.713598
7680,3796.514009
7681,889.123010
7682,1462.962680
7683,3171.415677
7684,4827.753522
7685,2838.667188
7686,1177.598499
7687,4561.019998
7688,874.730832
7689,2483.462607
7690,888.711888
7691,1021.456222
7692,1639.189017
7693,986.594436
7694,1353.262592
7695,2320.859766
7696,2177.017658
7697,1611.325688
7698,1269.126999
7699,1660.057983
7700,2712.743645
7701,1186.978836
7702,1815.903630
7703,907.240838
7704,2322.977272
7705,1354.325404
7706,2055.362573
7707,1360.426597
7708,988.108274
7709,947.537421
7710,8351.518620
7711,2012.765959
7712,1291.492526
7713,1896.219247
7714,953.608824
7715,5778.210603
7716,2213.645700
7717,903.066569
7718,1547.501722
7719,1109.645292
7720,1764.694067
7721,3502.356588
7722,1264.098149
7723,2175.949880
7724,1174.079436
7725,4037.521894
7726,16827.736947
7727,947.824038
7728,1799.218988
7729,1054.803578
7730,2672.634439
7731,1070.666175
7732,882.088137
7733,1732.435245
7734,1057.088077
7735,1565.222491
7736,3490.689683
7737,1299.469927
7738,2779.780971
7739,11961.070840
7740,1310.030663
7741,2356.402759
7742,1822.501615
7743,1801.472620
7744,1188.097566
7745,1253.032843
7746,1325.933361
7747,2271.233062
7748,1314.016250
7749,1752.693608
7750,2290.419275
7751,1162.535652
7752,2299.150937
7753,1218.829827
7754,7639.555925
7755,4053.133924
7756,1842.732702
7757,3398.087343
7758,14199.815202
7759,1740.518756
7760,1745.751243
7761,1931.420513
7762,1146.647460
7763,1789.656583
7764,7636.406430
7765,1804.436795
7766,2588.343718
7767,1764.469567
7768,4136.169998
7769,1268.907339
7770,26471.248833
7771,921.914067
7772,4884.846045
7773,23113.299158
7774,839.162909
7775,18163.148927
7776,1757.358099
7777,1852.716617
7778,1601.213661
7779,1533.862648
7780,4220.379597
7781,6455.515032
7782,1503.765294
7783,1233.138500
7784,4212.075322
7785,6394.738081
7786,1858.867500
7787,2032.481810
7788,4007.846470
7789,2015.358440
7790,1645.515178
7791,1510.997312
7792,1226.604223
7793,834.121014
7794,2121.602749
7795,1516.251078
7796,1372.242871
7797,5201.743479
7798,1645.419786
7799,2544.880575
7800,3997.096753
7801,1790.310978
7802,3138.338645
7803,3496.987063
7804,3976.484881
7805,2424.020291
7806,1748.220236
7807,2269.419020
7808,1358.852322
7809,2064.661400
7810,2381.556229
7811,2668.066398
7812,2000.391116
7813,797.123319
7814,1390.398623
7815,1212.785676
7816,2060.643338
7817,1422.269763
7818,1274.781723
7819,1969.700197
7820,1567.302246
7821,2304.104540
7822,3436.022676
7823,6401.532091
7824,40504.421008
7825,2956.902830
7826,2209.995867
7827,1630.162890
7828,2198.957351
7829,15538.976410
7830,1366.895716
7831,2365.031800
7832,2669.240330
7833,8239.663992
7834,2494.546765
7835,2355.492989
7836,1276.167662
7837,6365.206499
7838,2233.293746
7839,4081.069303
7840,1680.480071
7841,1647.226530
7842,3423.213367
7843,1344.885756
7844,1236.088868
7845,1567.509925
7846,1223.158299
7847,1343.736360
7848,1574.658744
7849,2338.069973
7850,1522.786914
7851,1325.122995
7852,5614.998642
7853,1237.452411
7854,1428.813361
7855,1465.254415
7856,2464.079852
7857,3789.132473
7858,1301.039614
7859,989.229113
7860,1803.983744
7861,2364.812018
7862,1104.426244
7863,2814.668665
7864,1276.207621
7865,1192.899383
7866,1153.124247
7867,1354.065185
7868,9491.666557
7869,1352.599769
7870,1276.372754
7871,6809.820447
7872,3180.416616
7873,1556.190328
7874,1172.620176
7875,2136.745511
7876,2790.086446
7877,999.410515
7878,1358.326417
7879,3749.781542
7880,7655.138098
7881,1209.748474
7882,2119.027302
7883,1156.644141
7884,4101.710770
7885,1860.034677
7886,5574.912332
7887,6506.315228
7888,687.171738
7889,1650.924602
7890,1921.714174
7891,1355.538363
7892,892.485432
7893,1275.537831
7894,3101.646104
7895,1466.129849
7896,46124.340469
7897,1169.610251
7898,1003.393520
7899,1394.144260
7900,1194.038825
7901,1342.446397
7902,3726.642446
7903,1766.109115
7904,2440.114577
7905,3443.479241
7906,771.890953
7907,1988.167848
7908,925.878451
7909,1540.792122
7910,2655.865605
7911,1608.971947
7912,1353.663930
7913,1366.154174
7914,1662.548093
7915,18692.357157
7916,1382.984465
7917,2830.891625
7918,1268.952042
7919,1193.168293
7920,2089.824054
7921,194288.721387
7922,1367.919269
7923,2350.791767
7924,15374.485129
7925,1433.409227
7926,1398.793014
7927,3431.363270
7928,1515.591859
7929,1093.942480
7930,1172.264690
7931,5093.149875
7932,3386.376928
7933,1773.830017
7934,2394.518745
7935,1406.426631
7936,1243.366894
7937,2277.587995
7938,4117.996806
7939,1285.504717
7940,1530.273001
7941,1771.924109
7942,1686.082362
7943,1233.964260
7944,1621.282029
7945,7190.595368
7946,1326.761181
7947,1537.428890
7948,1266.799737
7949,14875.803304
7950,2299.501652
7951,1147.937606
7952,948.616142
7953,1866.581032
7954,2225.463537
7955,1522.593245
7956,3939.828892
7957,3195.885525
7958,17170.388560
7959,1307.220804
7960,1543.410268
7961,1886.504933
7962,1934.703002
7963,1571.970720
7964,1722.266548
7965,1150.668039
7966,16518.521819
7967,1378.805171
7968,1861.315461
7969,3070.013814
7970,1825.113621
7971,1620.324691
7972,2047.770760
7973,3856.106281
7974,1360.342334
7975,1308.880182
7976,1508.214165
7977,933.306800
7978,1302.046063
7979,1540.213851
7980,4235.992665
7981,1456.915974
7982,228351.645402
7983,1674.101050
7984,1904.214332
7985,1548.268060
7986,1177.750739
7987,2168.358926
7988,1552.863990
7989,2665.146389
7990,7025.071484
7991,2353.385796
7992,1199.251873
7993,1072.780181
7994,1414.434952
7995,1286.780838
7996,1643.689844
7997,1996.774257
7998,1515.330849
7999,1203.572355
8000,1974.312340
8001,928.813896
8002,953.800574
8003,1653.510520
8004,1661.958711
8005,1791.490416
8006,2448.446147
8007,1710.085693
8008,1288.437655
8009,2030.595325
8010,1145.333607
8011,931.586139
8012,914.953125
8013,1061.583317
8014,4024.310922
8015,2305.220923
8016,2205.369216
8017,4643.865304
8018,1386.848876
8019,1558.901694
8020,1369.186956
8021,3827.488582
8022,1777.732715
8023,1460.506001
8024,1934.195632
8025,1552.671693
8026,1448.530296
8027,2042.166498
8028,1560.373647
8029,1496.225543
8030,1403.066350
8031,1650.506987
8032,1392.797956
8033,1502.994565
8034,6062.392965
8035,2699.722433
8036,1397.200325
8037,1780.021255
8038,19227.108770
8039,1837.827110
8040,1222.294076
8041,1406.013744
8042,1388.319817
8043,1882.132900
8044,2240.321374
8045,1276.651248
8046,1390.533555
8047,1132.339041
8048,1988.354068
8049,1686.133736
8050,1525.805241
8051,1252.049440
8052,3144.076782
8053,1222.890935
8054,1991.682541
8055,1082.533018
8056,1313.286685
8057,2018.196071
8058,1655.960273
8059,1454.795218
8060,1038.192574
8061,1106.216211
8062,1403.757216
8063,1256.722434
8064,1356.014985
8065,1504.691710
8066,5385.011861
8067,1295.942463
8068,1330.144820
8069,1336.993736
8070,1552.707610
8071,1441.421746
8072,4057.397103
8073,961.373204
8074,1711.780301
8075,1045.424272
8076,1128.082867
8077,2121.773931
8078,1835.974871
8079,8628.784272
8080,2147.673003
8081,4702.496611
8082,1469.902181
8083,1423.202907
8084,1295.043602
8085,2088.227050
8086,1442.804156
8087,2235.741471
8088,15892.749450
8089,1445.856502
8090,1096.220705
8091,1639.485604
8092,1246.619743
8093,1300.536997
8094,1396.590164
8095,1733.435533
8096,2320.857527
8097,4210.024249
8098,239442.474228
8099,4318.806793
8100,1300.231736
8101,1083.101511
8102,5517.443619
8103,1487.737185
8104,1661.179601
8105,1865.849895
8106,3625.720788
8107,1715.904549
8108,1392.471890
8109,1274.240825
8110,1169.417568
8111,1979.140015
8112,923.659136
8113,1277.159426
8114,1522.136054
8115,2054.738442
8116,2023.526788
8117,1638.626995
8118,1112.835314
8119,1528.081631
8120,6903.543451
8121,1815.590082
8122,1459.024607
8123,2500.590526
8124,2100.404845
8125,1124.730201
8126,1910.060990
8127,2180.031772
8128,1303.106524
8129,1332.295697
8130,1753.408442
8131,304291.216585
8132,1500.164668
8133,1522.394271
8134,1687.181049
8135,3130.611799
8136,1315.012133
8137,2104.914111
8138,8440.981959
8139,1826.823481
8140,1802.004092
8141,1492.121040
8142,1587.562662
8143,1069.030340
8144,1344.000253
8145,1986.836817
8146,1293.214820
8147,1189.813374
8148,5241.412946
8149,1232.544124
8150,1598.239774
8151,4712.122349
8152,9845.847681
8153,2435.485829
8154,90412.228511
8155,1097.931918
8156,1283.730294
8157,36606.132203
8158,5600.694043
8159,101496.471020
8160,1640.378138
8161,2270.132166
8162,2594.159568
8163,1193.476882
8164,1209.655328
8165,2816.109076
8166,2049.410425
8167,1746.199728
8168,3470.272287
8169,5054.984638
8170,1767.803877
8171,1475.938148
8172,1562.489722
8173,6671.646798
8174,2995.410750
8175,1192.524823
8176,3877.376774
8177,3975.213085
8178,3312.186487
8179,1315.118747
8180,1426.363719
8181,1536.350925
8182,1622.024452
8183,1203.921357
8184,4775.378177
8185,1226.461632
8186,1814.586951
8187,1121.288646
8188,1392.849706
8189,3122.301186
8190,1114.796368
8191,1885.856661
8192,1703.978192
8193,1623.516554
8194,1230.799107
8195,5575.006933
8196,1967.975196
8197,317025.021569
8198,1684.722957
8199,1457.751013
8200,1628.476686
8201,1703.385455
8202,1594.435694
8203,1890.747669
8204,1246.122653
8205,1464.787608
8206,2211.066387
8207,2796.658787
8208,1512.632901
8209,2084.681061
8210,1171.388536
8211,1148.859393
8212,5402.906634
8213,3058.120075
8214,1309.804433
8215,1331.860395
8216,2010.959589
8217,1537.258640
8218,2381.730654
8219,1452.576380
8220,2462.573040
8221,1194.794530
8222,1316.390370
8223,2045.503420
8224,2416.456413
8225,10360.032502
8226,2578.700939
8227,6658.179244
8228,1279.554522
8229,4569.044013
8230,2701.054289
8231,2866.212152
8232,3810.693035
8233,1494.343641
8234,1423.815941
8235,1369.094030
8236,1283.476639
8237,3528.248891
8238,1960.641642
8239,2007.646569
8240,2541.271083
8241,1092.315388
8242,2429.349864
8243,1004.821307
8244,3003.822889
8245,3560.705708
8246,2726.392222
8247,1501.972158
8248,1557.593824
8249,1950.003976
8250,1210.631551
8251,1751.857628
8252,1509.707846
8253,1686.754649
8254,2105.606152
8255,2275.098152
8256,2947.907392
8257,1721.418360
8258,2021.296802
8259,1883.425929
8260,1378.725632
8261,3844.520688
8262,1893.277459
8263,1472.592042
8264,1945.958673
8265,1811.397167
8266,1189.851040
8267,2597.424365
8268,1801.765916
8269,1281.777990
8270,1711.948047
8271,2129.790321
8272,2232.690945
8273,1958.921101
8274,1351.800151
8275,1256.774119
8276,1068.014474
8277,1358.326031
8278,5970.287318
8279,1205.484670
8280,1428.856114
8281,1548.619818
8282,1940.807495
8283,3424.536944
8284,1899.374929
8285,2716.416367
8286,3618.052537
8287,2604.341726
8288,1100.569744
8289,5684.083955
8290,3086.005895
8291,1747.103183
8292,246443.110243
8293,1291.261815
8294,4361.126546
8295,1629.168995
8296,1464.829250
8297,3081.707548
8298,2151.076051
8299,1040.621092
8300,1477.978936
8301,1718.486767
8302,1064.381854
8303,1136.835582
8304,1464.855302
8305,1680.424007
8306,4056.431040
8307,1077.726418
8308,1600.318547
8309,13239.375734
8310,11012.167058
8311,1218.215672
8312,1137.450297
8313,1217.620819
8314,1457.689456
8315,3141.473271
8316,2568.791811
8317,2084.884425
8318,1099.981009
8319,1850.896937
8320,1480.674712
8321,1541.123965
8322,1247.149245
8323,1177.453055
8324,1724.546829
8325,1557.320267
8326,1861.693325
8327,1650.473518
8328,2025.265333
8329,2940.640828
8330,1317.634074
8331,1905.621395
8332,1892.281460
8333,1097.576635
8334,1464.807438
8335,1688.385693
8336,2460.456940
8337,2322.685604
8338,1740.041855
8339,1363.558205
8340,1762.734691
8341,1011.804011
8342,1344.191405
8343,1590.050710
8344,2061.354735
8345,2205.039479
8346,3878.990827
8347,1021.335999
8348,1213.231140
8349,2082.157405
8350,1953.797432
8351,1214.003576
8352,1052.221659
8353,1280.562885
8354,1538.199473
8355,2549.339223
8356,1107.395566
8357,2800.831798
8358,1326.257645
8359,1665.684450
8360,2028.873287
8361,1434.138373
8362,1496.793822
8363,2319.264854
8364,22240.305518
8365,1168.604654
8366,1323.222973
8367,1017.996292
8368,1232.787447
8369,2450.546105
8370,1767.115009
8371,2004.627831
8372,1537.252060
8373,2366.587299
8374,1366.379778
8375,1153.341913
8376,1317.343455
8377,1098.233579
8378,1275.355962
8379,908.525250
8380,1533.238263
8381,1125.649913
8382,4186.939581
8383,2415.899255
8384,1023.577546
8385,2989.689424
8386,2279.591493
8387,2050.363722
8388,2079.236756
8389,2397.386576
8390,2614.766939
8391,1374.495297
8392,984.791513
8393,23116.380287
8394,1358.043373
8395,1677.492835
8396,1388.433708
8397,3266.395699
8398,1128.877996
8399,1690.483639
8400,1701.245766
8401,1642.958610
8402,1357.382388
8403,2598.206067
8404,1967.514362
8405,1229.481037
8406,1259.266907
8407,6374.091876
8408,1967.826824
8409,1303.669349
8410,1674.491193
8411,1262.215271
8412,5158.253170
8413,1320.038573
8414,2993.278007
8415,17040.733487
8416,1560.572356
8417,3759.369118
8418,2336.197008
8419,2713.483793
8420,6007.542433
8421,1842.398037
8422,1579.660325
8423,1802.558080
8424,2399.895093
8425,1628.534772
8426,1694.851713
8427,2750.521367
8428,1098.333588
8429,1728.419324
8430,2009.384509
8431,2145.796042
8432,1775.784120
8433,1420.743374
8434,2162.588190
8435,3687.964959
8436,1970.747868
8437,2258.530757
8438,1207.372493
8439,2634.753440
8440,3880.866402
8441,1311.371282
8442,1959.711480
8443,262291.872662
8444,1294.749754
8445,1680.922526
8446,1349.472377
8447,1515.459485
8448,2299.869838
8449,1001.087385
8450,1383.718219
8451,968.434032
8452,1424.553121
8453,1538.731899
8454,5063.917540
8455,2478.660418
8456,1188.068228
8457,1958.349545
8458,1177.432685
8459,2472.183060
8460,2773.495770
8461,3317.129183
8462,1374.083756
8463,1267.526234
8464,1360.713446
8465,1793.535058
8466,7771.136711
8467,3291.513042
8468,2834.787053
8469,966.171429
8470,1390.261362
8471,3515.373174
8472,1165.741436
8473,1833.829492
8474,1679.933683
8475,2689.348959
8476,9865.627588
8477,16986.119579
8478,1158.157844
8479,2238.079134
8480,8482.778631
8481,1268.876102
8482,6846.326568
8483,2782.441671
8484,2043.973104
8485,3835.708290
8486,1384.319096
8487,1957.901018
8488,1164.141747
8489,1338.581221
8490,1567.654110
8491,1498.056649
8492,920.976124
8493,1510.110055
8494,1493.263974
8495,2218.373375
8496,3313.738839
8497,1118.360697
8498,1868.024826
8499,7131.461447
8500,1563.199822
8501,1150.854563
8502,1474.262430
8503,12687.257560
8504,1107.821729
8505,1244.345909
8506,1026.404282
8507,1532.790290
8508,1703.590964
8509,2066.371610
8510,40487.864208
8511,17377.946641
8512,1504.604515
8513,5556.622128
8514,1017.217829
8515,2698.791854
8516,1567.740725
8517,1871.762799
8518,1665.187101
8519,1598.145340
8520,1789.625588
8521,1247.928355
8522,2897.109540
8523,1680.163052
8524,1533.123212
8525,1238.125301
8526,2035.840082
8527,16688.836682
8528,1899.583327
8529,25992.394338
8530,1329.798005
8531,992.062924
8532,27503.093254
8533,1230.921747
8534,1120.727026
8535,2958.538160
8536,1545.311199
8537,3409.413348
8538,4478.359085
8539,1778.936312
8540,1471.006165
8541,1529.026256
8542,1448.894516
8543,2274.337444
8544,2863.356992
8545,1215.486727
8546,3927.402621
8547,2176.843630
8548,1819.721684
8549,1644.158936
8550,1710.586376
8551,1308.825324
8552,3991.915385
8553,3719.891973
8554,2200.095732
8555,3082.521200
8556,1705.130769
8557,1396.632182
8558,1708.096014
8559,20774.387704
8560,1146.245943
8561,1841.046142
8562,2131.914606
8563,1154.518206
8564,2799.915044
8565,2129.016565
8566,1708.148705
8567,1614.974056
8568,1522.073936
8569,2419.406853
8570,1802.714613
8571,2699.584613
8572,1427.240340
8573,6496.902097
8574,1709.353805
8575,2059.148134
8576,11764.758100
8577,52525.334890
8578,25161.974604
8579,5555.566201
8580,5144.279901
8581,14692.682515
8582,4924.027208
8583,4266.681300
8584,2207.963538
8585,1214.881091
8586,1111.492189
8587,1355.416970
8588,1845.279311
8589,1143.832665
8590,3839.209359
8591,1956.911323
8592,2198.703558
8593,1074.683184
8594,1400.820165
8595,1709.973436
8596,8067.789761
8597,2233.660533
8598,2231.957361
8599,1782.338760
8600,1353.525768
8601,1799.631098
8602,1603.013158
8603,1680.192527
8604,1391.178758
8605,1196.398696
8606,1280.494651
8607,1303.434219
8608,2281.139440
8609,1397.495573
8610,1755.628162
8611,1929.585285
8612,3736.464337
8613,3234.136887
8614,6967.543922
8615,2501.549225
8616,1685.882785
8617,1429.876042
8618,2430.205339
8619,1574.480103
8620,1588.337578
8621,1755.549467
8622,1705.318952
8623,2539.830115
8624,10339.701876
8625,4075.210549
8626,1407.893039
8627,1928.999745
8628,2489.535416
8629,1173.418797
8630,63688.781161
8631,1325.208973
8632,1339.636407
8633,1104.575399
8634,1524.014386
8635,1083.189947
8636,1953.193137
8637,885.069065
8638,1381.291786
8639,2178.006200
8640,2889.750069
8641,1348.384512
8642,1643.701839
8643,2141.621376
8644,4146.187252
8645,1558.667615
8646,2816.005397
8647,1550.663809
8648,33711.866673
8649,9255.024459
8650,3109.053510
8651,1391.488321
8652,73026.831612
8653,2377.197825
8654,1757.275650
8655,1188.034178
8656,1287.340612
8657,2272.782805
8658,1673.044136
8659,2063.521279
8660,3004.403510
8661,1230.053428
8662,1961.038387
8663,1555.587475
8664,946.510782
8665,1725.625958
8666,1917.368692
8667,2525.438605
8668,3354.153556
8669,1433.703981
8670,1861.994638
8671,121783.415172
8672,1992.669205
8673,2509.434539
8674,1311.793621
8675,1722.268429
8676,1663.198872
8677,73161.268267
8678,1594.744352
8679,1613.350056
8680,1545.788572
8681,1246.669933
8682,25630.513128
8683,3228.349542
8684,5467.484802
8685,1609.155499
8686,2483.403184
8687,2276.450612
8688,2186.064520
8689,2973.287228
8690,2101.069564
8691,1675.258434
8692,4396.506695
8693,2788.993307
8694,10407.701909
8695,2112.387557
8696,3108.684834
8697,21171.026873
8698,2181.068446
8699,3047.085438
8700,11841.591960
8701,1930.516688
8702,1397.402339
8703,4741.047207
8704,2507.838068
8705,3236.446864
8706,1059.803790
8707,1855.028916
8708,11339.633492
8709,1964.465755
8710,1892.421052
8711,1506.658503
8712,8576.396872
8713,4111.800636
8714,3320.612413
8715,3697.696704
8716,2922.304862
8717,1451.244713
8718,7652.565178
8719,4232.469173
8720,1069.531756
8721,4184.348979
8722,1134.545157
8723,1091.482096
8724,2242.144434
8725,1381.798358
8726,1964.087347
8727,1720.969785
8728,1864.684288
8729,1660.524803
8730,1398.354369
8731,30441.475583
8732,3516.036611
8733,4621.630358
8734,3534.232085
8735,1831.618621
8736,1534.960617
8737,2337.206322
8738,1363.405729
8739,5096.365298
8740,2548.540525
8741,28253.537123
8742,7778.646067
8743,5787.169122
8744,52600.056894
8745,7419.960896
8746,4720.484888
8747,1829.303813
8748,1233.190530
8749,1576.821639
8750,4022.591466
8751,18874.779009
8752,6972.993119
8753,1078.721987
8754,41468.038762
8755,1361.284792
8756,2605.515260
8757,1657.042180
8758,3670.200016
8759,5952.620281
8760,1854.567912
8761,1978.057971
8762,2178.067695
8763,6709.806522
8764,1199.695171
8765,2298.153426
8766,4350.232951
8767,2805.394306
8768,1403.899383
8769,2217.967417
8770,1731.655564
8771,9503.629651
8772,2014.575466
8773,1393.947228
8774,3218.063070
8775,7040.125374
8776,9332.706008
8777,2561.549978
8778,5422.768835
8779,12867.089508
8780,1314.242932
8781,2963.445427
8782,1904.668287
8783,1427.664853
8784,8921.600343
8785,7901.869379
8786,4701.679153
8787,9871.799616
8788,3061.113112
8789,20064.228052
8790,2929.224173
8791,3198.616203
8792,1885.282498
8793,1358.918818
8794,2670.216060
8795,1871.300826
8796,4303.188381
8797,1844.215940
8798,2043.196799
8799,944.456242
8800,17446.353847
8801,3353.851074
8802,10143.631925
8803,11783.310987
8804,4575.287033
8805,1264.000192
8806,194637.887657
8807,4737.399179
8808,3937.516375
8809,4060.091915
8810,2874.303704
8811,28687.378800
8812,6572.074904
8813,2469.121575
8814,1748.818936
8815,1744.752807
8816,1636.806643
8817,2083.518866
8818,1373.661192
8819,3441.134080
8820,3313.831326
8821,2150.036450
8822,1549.620097
8823,9208.330547
8824,1645.265519
8825,8681.521119
8826,2427.290063
8827,8880.994781
8828,13739.131283
8829,17210.695908
8830,1760.463798
8831,5959.546806
8832,4901.473357
8833,6517.629859
8834,5502.420876
8835,61177.591233
8836,7062.237739
8837,1387.647314
8838,1773.337071
8839,10809.826596
8840,1541.938694
8841,4665.377796
8842,55178.516628
