episode,reward
1,-5.104159
2,-31.493991
3,-10.300395
4,17.120707
5,31.911015
6,-42.715080
7,56.548135
8,-86.281967
9,64.314763
10,-50.865656
11,89.252645
12,55.586638
13,-4.281452
14,93.713900
15,-1.406566
16,15.606312
17,63.437465
18,-92.681328
19,15.904938
20,-0.615182
21,-11.580168
22,-22.824192
23,21.801181
24,38.668253
25,29.991680
26,117.437281
27,-89.887187
28,-152.261361
29,48.444558
30,-82.695754
31,30.095475
32,143.099305
33,102.978368
34,39.699529
35,-38.975296
36,50.807394
37,-16.703037
38,28.775780
39,25.579662
40,-41.997617
41,35.842725
42,-39.709543
43,-57.558592
44,10.283579
45,18.200697
46,-74.116086
47,6.366795
48,-28.804563
49,35.699616
50,-60.337401
51,37.198740
52,11.104870
53,34.245296
54,30.898297
55,-9.280270
56,-81.706759
57,-94.852315
58,11.889002
59,11.824005
60,-18.314105
61,-95.519709
62,-7.108518
63,-75.833457
64,-19.971336
65,229.437395
66,-23.005771
67,-28.847441
68,-48.152671
69,-8.720053
70,22.552405
71,106.178422
72,-73.632027
73,28.295280
74,69.269335
75,-2.979271
76,-16.938125
77,8.721025
78,-4.842170
79,45.609322
80,-30.694491
81,18.691572
82,-96.037067
83,5.855449
84,15.636868
85,13.534822
86,-114.696477
87,58.243287
88,288.265231
89,-19.254596
90,89.813618
91,47.126025
92,-92.947162
93,-5.497363
94,67.718251
95,16.360653
96,-10.044639
97,77.661921
98,-0.214670
99,74.230205
100,187.074181
101,-54.929167
102,-25.957917
103,53.918344
104,16.276504
105,-64.832012
106,-38.918489
107,-21.212790
108,20.301433
109,-2.110073
110,60.006158
111,106.439214
112,-57.217236
113,14.237133
114,91.667247
115,-17.555876
116,284.179116
117,-11.666231
118,240.643305
119,65.028113
120,29.370380
121,168.412418
122,26.896501
123,-13.205365
124,21.168243
125,-30.911330
126,107.126416
127,-90.952554
128,-99.680964
129,-7.826245
130,46.395117
131,88.473386
132,113.992937
133,-44.746214
134,5.963099
135,-14.916838
136,10.686224
137,26.804947
138,251.347573
139,185.438660
140,96.062480
141,-105.306455
142,-50.001455
143,21.742413
144,30.598707
145,14.059872
146,26.262606
147,18.449816
148,33.069692
149,385.782755
150,-20.554577
151,5.210174
152,-63.680439
153,-25.560435
154,-3.515705
155,15.960813
156,-19.398322
157,-96.815772
158,-22.259169
159,102.892048
160,80.504036
161,12.494507
162,90.645202
163,-14.526702
164,-40.530332
165,-22.111151
166,34.621541
167,79.280059
168,-18.755919
169,-151.247710
170,88.200444
171,47.418099
172,12.805790
173,34.871917
174,-0.641551
175,12.629029
176,115.233467
177,-107.032722
178,-79.862996
179,-63.318565
180,38.261097
181,62.615557
182,65.293308
183,27.573312
184,-9.863613
185,-49.481645
186,19.304020
187,-16.340473
188,91.361546
189,4.074353
190,15.923220
191,104.725260
192,8.236747
193,31.835227
194,-30.326979
195,-10.318771
196,85.791773
197,48.887149
198,-49.273820
199,-12.437640
200,72.172712
201,69.226628
202,-225.407628
203,-108.545751
204,-12.291151
205,5.417280
206,-59.044953
207,-12.117804
208,46.376842
209,-54.277313
210,45.593176
211,-36.760035
212,-30.400213
213,72.295474
214,50.234593
215,-43.664676
216,88.843311
217,-12.833391
218,212.708928
219,9.813008
220,-29.602278
221,-36.588280
222,22.334213
223,-34.076071
224,46.674020
225,-13.093347
226,-161.376503
227,-10.286177
228,111.524676
229,48.264926
230,-135.313369
231,31.183950
232,51.835660
233,43.183919
234,-16.309550
235,53.483259
236,-26.865293
237,53.282163
238,-80.130825
239,18.827721
240,11.860903
241,-29.728718
242,-9.954976
243,7.857281
244,-120.320465
245,68.928936
246,44.162471
247,81.641507
248,201.427358
249,-78.800729
250,324.178534
251,-63.273326
252,-4.182805
253,-43.916961
254,38.279075
255,10.725605
256,34.465952
257,0.080161
258,5.705600
259,94.064403
260,-125.276867
261,297.023485
262,35.118137
263,0.745095
264,101.503862
265,-57.124268
266,-34.131606
267,-22.240645
268,44.495914
269,-1.393512
270,20.314937
271,120.873416
272,52.111582
273,284.373843
274,3.970369
275,108.056381
276,-2.988695
277,-3.216461
278,32.355606
279,-55.905862
280,108.656435
281,56.493124
282,-34.596335
283,-16.033161
284,181.859462
285,-19.527469
286,-14.292138
287,107.994372
288,42.796553
289,16.452635
290,-54.842996
291,101.791325
292,-39.172215
293,-11.677980
294,-60.547526
295,82.225980
296,-60.947465
297,-53.264238
298,128.981697
299,31.024090
300,-84.925824
301,-104.251929
302,-46.781392
303,34.844374
304,-18.878862
305,1.570847
306,-40.176128
307,0.606546
308,-77.616340
309,-184.272829
310,113.968138
311,93.751238
312,82.448321
313,31.891811
314,9.961044
315,19.670819
316,-33.113176
317,56.917429
318,9.641606
319,224.462184
320,-8.672337
321,-19.588905
322,-23.513044
323,36.944837
324,37.522137
325,25.902207
326,52.081611
327,-59.525941
328,-95.722619
329,77.702193
330,-26.354910
331,68.758943
332,-50.589469
333,-54.704132
334,-65.656279
335,2.129960
336,78.773020
337,-60.507807
338,-75.781807
339,23.666572
340,-31.188870
341,-1.184350
342,78.049113
343,84.792514
344,-152.646050
345,-11.883366
346,-116.955560
347,-33.803139
348,54.650474
349,-205.538280
350,123.510723
351,22.700106
352,-39.383210
353,-42.547128
354,-19.127952
355,-22.833836
356,-34.767620
357,1.294080
358,40.275233
359,82.218166
360,58.341830
361,58.595193
362,-70.430847
363,72.758246
364,-34.157270
365,57.150916
366,-71.842453
367,129.823347
368,-76.353149
369,-25.754108
370,17.894306
371,77.844655
372,-68.063084
373,-23.058733
374,-103.164715
375,-82.168075
376,-7.605165
377,-19.353240
378,-31.051051
379,46.947523
380,-139.290633
381,-4.953631
382,-7.023403
383,-103.948067
384,86.364825
385,78.546153
386,-53.953914
387,-46.221208
388,40.317987
389,26.236807
390,275.730131
391,-24.952113
392,14.203408
393,0.272413
394,92.945227
395,48.859246
396,61.029335
397,-24.572976
398,5.655377
399,8.278694
400,5.045741
401,-194.867346
402,51.573243
403,-68.167712
404,74.673892
405,6.809648
406,-7.602009
407,119.795079
408,-74.805324
409,17.026169
410,-48.979536
411,-33.511882
412,23.857320
413,12.752154
414,-44.238728
415,-39.967685
416,-18.143870
417,-19.363049
418,126.558421
419,-49.933923
420,-14.476689
421,-13.059986
422,10.259739
423,-56.018605
424,-59.956878
425,329.131429
426,-114.974522
427,3.845918
428,2.752978
429,42.650836
430,-41.715709
431,-13.395815
432,60.928634
433,26.315399
434,95.657622
435,-2.056387
436,-23.876574
437,19.628275
438,104.914193
439,-36.408815
440,-4.191934
441,22.779000
442,-35.469604
443,-52.907911
444,21.103236
445,56.169700
446,-17.677263
447,6.019757
448,36.236853
449,-20.053840
450,25.972638
451,-13.779557
452,-101.967289
453,-1.773521
454,63.365015
455,-39.558902
456,48.669906
457,9.701227
458,-45.994708
459,-19.833985
460,-16.885582
461,28.879879
462,31.473963
463,-154.778874
464,-21.080348
465,65.083784
466,37.588935
467,-5.462418
468,-7.562888
469,258.643845
470,30.561990
471,31.260543
472,-227.013966
473,56.487590
474,5.608247
475,-52.175108
476,9.608192
477,-215.540284
478,-52.636685
479,32.177565
480,16.935074
481,-4.717529
482,-37.473804
483,-18.873845
484,18.116617
485,22.926241
486,-101.809839
487,39.956687
488,-59.979881
489,-42.474140
490,90.707584
491,-8.629838
492,10.021463
493,12.527400
494,41.921283
495,-119.413174
496,-44.476290
497,-38.714534
498,19.107410
499,37.129714
500,-32.361963
501,31.878796
502,42.898374
503,-63.911168
504,-6.444922
505,-14.947935
506,-77.682998
507,15.050374
508,1.389280
509,-5.484031
510,-24.326345
511,58.394197
512,4.743955
513,34.630253
514,-2.343841
515,-111.959610
516,51.074465
517,-26.939544
518,16.805170
519,126.214034
520,109.485590
521,-24.043002
522,-73.910029
523,-11.227648
524,21.752884
525,1.189834
526,-31.903379
527,135.016173
528,12.830798
529,-192.809590
530,-8.887213
531,-9.044165
532,-84.859494
533,165.115166
534,9.768660
535,-76.976693
536,11.420964
537,-47.069184
538,10.565141
539,-38.671272
540,-13.195558
541,-5.860724
542,-118.560736
543,109.488858
544,9.513001
545,65.725294
546,-39.799800
547,8.749108
548,1.728657
549,-64.676556
550,0.867288
551,-41.944394
552,125.723657
553,-7.408104
554,50.585431
555,10.144783
556,-19.035903
557,52.580474
558,-75.919889
559,-5.810101
560,45.864905
561,21.760932
562,15.711162
563,-75.675319
564,9.395931
565,-13.062541
566,-43.615485
567,-83.451975
568,-93.405372
569,74.761306
570,38.128194
571,12.632460
572,-110.437209
573,13.297250
574,-87.927221
575,29.300705
576,33.273788
577,5.534445
578,-14.828062
579,75.718954
580,-6.278380
581,-137.567050
582,46.095723
583,22.740685
584,-21.228359
585,163.200523
586,-4.006247
587,-42.851145
588,-53.737384
589,-97.857758
590,-124.513320
591,-61.414977
592,12.608116
593,-10.204149
594,27.065535
595,-24.523096
596,-56.882968
597,-3.592806
598,39.470607
599,22.063326
600,-17.511558
601,-38.906577
602,-51.120103
603,5.043694
604,0.352601
605,-9.009920
606,-11.405549
607,58.811190
608,20.151873
609,-60.083026
610,5.722277
611,19.963533
612,-56.689447
613,76.874564
614,-62.075714
615,59.004007
616,71.223354
617,63.590155
618,302.827921
619,-10.017258
620,29.181859
621,-6.155920
622,50.977678
623,21.569962
624,-9.319568
625,273.691651
626,29.640848
627,43.969570
628,-35.570517
629,-16.254084
630,-6.437132
631,48.526437
632,57.855533
633,-111.399305
634,22.792545
635,-4.313251
636,32.409942
637,62.994354
638,-83.671478
639,24.719008
640,-33.526684
641,-72.649182
642,-119.786196
643,15.262466
644,-103.238717
645,121.799993
646,94.927098
647,38.754231
648,-139.611859
649,10.992268
650,74.603905
651,64.135790
652,-34.970708
653,274.888585
654,162.016633
655,-64.891142
656,315.381252
657,76.931334
658,-17.090779
659,61.577486
660,-18.073574
661,208.158745
662,-26.322952
663,114.924349
664,178.390450
665,70.551268
666,295.269691
667,44.262369
668,-62.294242
669,-3.909573
670,160.742155
671,44.671393
672,-31.110706
673,187.452642
674,290.130757
675,-7.582809
676,45.461275
677,185.313385
678,38.929751
679,12.854225
680,-12.237437
681,27.002733
682,359.050437
683,115.677087
684,76.133385
685,303.972584
686,-1.593536
687,28.180944
688,-147.512107
689,35.630205
690,-84.716308
691,283.252541
692,141.555946
693,80.037618
694,285.838520
695,77.428161
696,62.520524
697,45.199389
698,76.019608
699,15.596823
700,-104.326143
701,67.537291
702,-79.401408
703,-134.379052
704,68.014429
705,-3.596701
706,96.820412
707,254.622217
708,-13.585213
709,227.895792
710,142.998474
711,242.933125
712,6.882343
713,55.403994
714,286.693340
715,16.045947
716,-51.301681
717,112.598768
718,280.646019
719,-159.109633
720,-74.577385
721,-24.944638
722,90.864052
723,-0.980874
724,57.003298
725,118.132783
726,-44.298071
727,99.741885
728,9.773485
729,-12.079283
730,74.488711
731,71.261225
732,29.441060
733,38.236970
734,26.435760
735,-30.248331
736,45.034809
737,28.677355
738,72.672956
739,266.314936
740,-27.239705
741,63.243803
742,243.271147
743,-8.588876
744,-56.116920
745,63.289221
746,25.583720
747,90.519707
748,8.935188
749,46.325105
750,-34.287494
751,-243.108636
752,236.969637
753,-10.873951
754,19.695131
755,102.854326
756,-17.584669
757,349.960427
758,-0.989800
759,131.230522
760,267.861881
761,76.726709
762,250.001472
763,-40.581615
764,-47.335169
765,-54.836191
766,184.740897
767,48.311993
768,130.619681
769,204.837651
770,141.867459
771,85.553971
772,-55.876889
773,59.065950
774,91.184733
775,18.885459
776,-13.759182
777,73.122132
778,108.441390
779,114.437726
780,49.773091
781,33.015362
782,95.958124
783,30.271505
784,121.377506
785,48.431958
786,-52.616506
787,79.413365
788,-5.870075
789,321.787137
790,2.271596
791,114.499170
792,15.160910
793,169.374287
794,-3.437977
795,-22.947395
796,90.896276
797,30.753184
798,-10.476064
799,113.043981
800,-10.355006
801,32.503491
802,58.890221
803,-12.204424
804,-109.828719
805,32.252372
806,150.542108
807,2.358947
808,-34.086221
809,67.287951
810,209.420672
811,37.777212
812,62.659897
813,166.364874
814,30.171004
815,-3.807966
816,158.872638
817,-50.412090
818,14.330699
819,32.673050
820,-164.977668
821,309.965047
822,285.928450
823,138.774287
824,37.188022
825,-14.543073
826,88.836624
827,177.826565
828,145.206242
829,-8.435046
830,24.065009
831,26.268039
832,-133.824205
833,-10.035185
834,36.298884
835,23.843108
836,-36.820330
837,271.635111
838,153.691424
839,84.402545
840,84.291793
841,41.458268
842,103.747203
843,-27.218519
844,10.702003
845,94.151201
846,66.030608
847,-5.426096
848,8.002092
849,-11.227354
850,43.242103
851,25.578439
852,24.489600
853,49.448526
854,26.060281
855,-24.756460
856,11.007138
857,-60.698465
858,42.777470
859,-8.081120
860,110.550688
861,31.390206
862,180.722335
863,14.413891
864,58.855269
865,76.418729
866,1.791259
867,7.492405
868,260.499455
869,-119.373685
870,70.398733
871,107.023111
872,287.121398
873,-8.518542
874,-4.631061
875,289.422500
876,267.520193
877,121.316653
878,165.052913
879,73.058664
880,33.588377
881,68.626164
882,85.684830
883,87.245046
884,30.409279
885,-45.969113
886,-18.564456
887,-15.194986
888,219.114765
889,42.852549
890,4.007672
891,38.181386
892,34.151224
893,-10.998593
894,317.119937
895,414.892215
896,32.007106
897,146.367599
898,10.806090
899,53.977878
900,89.917627
901,7.470334
902,49.198450
903,25.053333
904,-83.828221
905,122.651890
906,280.143903
907,-64.086680
908,-66.131318
909,332.857836
910,-48.831725
911,161.015715
912,9.469557
913,20.502551
914,41.763615
915,-39.284475
916,26.962256
917,372.439158
918,125.637400
919,-43.894961
920,107.106274
921,290.780493
922,124.402619
923,85.532459
924,-7.478146
925,279.106067
926,28.220197
927,111.872590
928,-8.783802
929,193.113864
930,47.234147
931,297.092077
932,23.753131
933,46.366929
934,38.889207
935,129.605842
936,-26.988672
937,-100.628405
938,81.549497
939,40.181978
940,47.994377
941,33.889188
942,50.478633
943,187.693019
944,8.220546
945,-68.234817
946,-63.609679
947,37.056485
948,75.422421
949,54.939449
950,13.042095
951,107.062914
952,290.024295
953,93.104271
954,-8.652853
955,28.049987
956,38.991078
957,287.237475
958,25.056682
959,-18.994165
960,-6.500701
961,-28.443906
962,118.821061
963,-72.435261
964,-67.693166
965,78.162799
966,335.011713
967,59.131789
968,121.715131
969,386.004127
970,23.557394
971,23.367072
972,22.928559
973,0.178551
974,123.026002
975,56.430856
976,63.615696
977,303.804338
978,31.273608
979,275.174311
980,29.371261
981,-69.514994
982,291.195305
983,-201.439978
984,141.483946
985,88.149115
986,16.230906
987,147.981942
988,17.318054
989,56.167840
990,5.721768
991,62.630545
992,47.056078
993,339.301519
994,18.112796
995,64.817712
996,71.650944
997,11.967028
998,82.805143
999,85.031251
1000,96.096340
1001,67.936320
1002,337.181170
1003,17.995167
1004,97.466820
1005,79.466833
1006,42.903445
1007,-81.976372
1008,518.384072
1009,299.994764
1010,6.089629
1011,75.411218
1012,7.922174
1013,220.216111
1014,47.112855
1015,84.696172
1016,240.679495
1017,-25.088859
1018,188.751814
1019,292.310254
1020,202.700729
1021,57.716691
1022,61.342999
1023,10.145298
1024,295.386336
1025,275.930265
1026,113.060371
1027,159.272275
1028,44.340232
1029,232.174061
1030,11.570274
1031,97.011386
1032,-10.556928
1033,32.298077
1034,-0.511940
1035,-25.705136
1036,32.899187
1037,61.188501
1038,49.533611
1039,123.061841
1040,123.620781
1041,-22.212607
1042,-20.141750
1043,27.855342
1044,17.678402
1045,-75.044543
1046,152.215579
1047,196.279307
1048,-46.520861
1049,248.783067
1050,88.128583
1051,416.212547
1052,107.804963
1053,6.172745
1054,279.390106
1055,10.445605
1056,256.185515
1057,81.561085
1058,243.969191
1059,79.522744
1060,-37.312667
1061,18.171557
1062,285.786988
1063,29.073078
1064,1.273376
1065,-58.420516
1066,132.423616
1067,334.793083
1068,107.240633
1069,108.051785
1070,205.812544
1071,214.131713
1072,41.545047
1073,12.382285
1074,310.560847
1075,126.177280
1076,298.237655
1077,-119.468513
1078,127.074738
1079,6.217530
1080,-74.952762
1081,-3.835434
1082,61.627204
1083,62.191987
1084,25.075766
1085,75.846705
1086,206.559532
1087,324.284145
1088,335.248769
1089,65.563081
1090,25.630344
1091,13.026745
1092,-14.862163
1093,39.163814
1094,183.982264
1095,23.734999
1096,185.270861
1097,-35.691956
1098,43.680424
1099,47.471930
1100,23.890732
1101,28.563693
1102,-5.085313
1103,-17.918200
1104,58.833419
1105,276.306598
1106,55.168410
1107,431.004947
1108,-12.517963
1109,-113.429404
1110,370.169263
1111,56.445817
1112,313.167636
1113,291.277142
1114,274.133259
1115,293.877710
1116,129.142138
1117,342.791968
1118,16.593742
1119,62.214185
1120,169.637444
1121,276.205764
1122,84.252689
1123,44.302136
1124,276.518435
1125,81.290839
1126,280.835352
1127,288.964095
1128,33.056292
1129,362.910138
1130,314.600002
1131,324.294596
1132,330.246413
1133,306.592729
1134,360.293655
1135,363.820532
1136,362.232166
1137,317.752672
1138,89.528917
1139,333.702437
1140,-17.933847
1141,300.996136
1142,20.076004
1143,29.558945
1144,307.224791
1145,326.138701
1146,288.272302
1147,356.713714
1148,243.321649
1149,27.878163
1150,57.322731
1151,56.996241
1152,271.281813
1153,287.898421
1154,30.427553
1155,312.510557
1156,-116.851794
1157,336.400941
1158,344.109928
1159,73.955019
1160,245.946920
1161,293.846878
1162,317.077708
1163,21.743690
1164,185.223934
1165,301.016285
1166,130.236580
1167,370.527697
1168,290.205353
1169,286.575916
1170,287.783218
1171,275.766572
1172,28.086931
1173,349.413730
1174,281.400821
1175,181.702952
1176,325.423927
1177,275.336666
1178,394.899098
1179,303.368611
1180,345.267345
1181,245.864352
1182,400.750860
1183,71.484401
1184,46.144892
1185,31.120448
1186,389.805527
1187,81.208920
1188,291.211209
1189,334.647327
1190,146.282766
1191,303.961084
1192,81.102136
1193,321.412448
1194,397.765455
1195,80.241495
1196,323.784044
1197,99.088485
1198,264.164117
1199,337.884430
1200,-8.438641
1201,21.536223
1202,67.236559
1203,302.797251
1204,318.227851
1205,397.210574
1206,262.212291
1207,128.269944
1208,322.903177
1209,332.850885
1210,192.041998
1211,3.973443
1212,326.570000
1213,71.274007
1214,287.805573
1215,411.644655
1216,301.019366
1217,302.258135
1218,-70.990506
1219,-12.052680
1220,395.485513
1221,342.810856
1222,302.057271
1223,383.797130
1224,211.580094
1225,294.225788
1226,347.189016
1227,330.917822
1228,293.713362
1229,337.757554
1230,338.845664
1231,273.051862
1232,204.787987
1233,-4.027006
1234,209.798380
1235,113.829684
1236,283.644774
1237,348.810699
1238,512.669882
1239,327.296548
1240,308.305352
1241,282.607053
1242,299.609387
1243,84.201703
1244,267.457769
1245,310.845845
1246,391.206716
1247,30.611119
1248,322.101790
1249,57.987248
1250,339.078532
1251,259.072405
1252,284.592265
1253,335.731276
1254,200.528703
1255,160.357342
1256,434.444228
1257,300.601862
1258,105.226279
1259,64.648803
1260,305.196205
1261,297.981950
1262,280.394625
1263,131.625481
1264,317.491130
1265,284.129340
1266,319.278988
1267,11.402521
1268,287.188388
1269,18.113840
1270,45.279609
1271,31.018614
1272,228.495090
1273,-59.231815
1274,165.386046
1275,283.853360
1276,281.305272
1277,96.598643
1278,317.772900
1279,176.860032
1280,378.689970
1281,92.004574
1282,342.548465
1283,259.636264
1284,219.496471
1285,23.296015
1286,299.507130
1287,279.794323
1288,311.393197
1289,92.498306
1290,394.188895
1291,271.402751
1292,311.216640
1293,270.383142
1294,322.884943
1295,265.256449
1296,207.572652
1297,332.397098
1298,314.040554
1299,293.596513
1300,74.479975
1301,282.281454
1302,305.471206
1303,305.061571
1304,27.387265
1305,210.374038
1306,58.740233
1307,207.092217
1308,178.173120
1309,305.895059
1310,384.483948
1311,60.443634
1312,234.816965
1313,281.410746
1314,361.167953
1315,165.260369
1316,297.247787
1317,124.369934
1318,73.980267
1319,367.635431
1320,61.310308
1321,274.701393
1322,25.616381
1323,326.291990
1324,387.341218
1325,229.385494
1326,331.992063
1327,167.194878
1328,54.384571
1329,290.263086
1330,44.178572
1331,296.565456
1332,300.015823
1333,304.262882
1334,271.535233
1335,321.755956
1336,262.700745
1337,16.773447
1338,117.843103
1339,70.352639
1340,75.373581
1341,285.095467
1342,312.818356
1343,36.868037
1344,262.842035
1345,302.825706
1346,89.532091
1347,313.616899
1348,369.872516
1349,60.457616
1350,10.712087
1351,289.366616
1352,129.881751
1353,290.273551
1354,290.269554
1355,336.546878
1356,291.037351
1357,337.636333
1358,246.677302
1359,69.066306
1360,104.638428
1361,353.184133
1362,302.272362
1363,299.190071
1364,22.226158
1365,165.170932
1366,-21.074175
1367,425.278846
1368,287.458639
1369,323.498426
1370,407.812726
1371,380.687113
1372,105.379187
1373,338.125714
1374,262.744537
1375,312.329264
1376,276.100092
1377,34.441406
1378,299.834734
1379,313.117288
1380,242.193925
1381,158.962980
1382,82.671266
1383,342.743445
1384,8.865865
1385,35.464708
1386,312.540219
1387,285.075247
1388,279.431251
1389,81.347525
1390,137.584089
1391,317.846170
1392,252.189782
1393,170.795848
1394,316.200664
1395,88.106677
1396,412.397003
1397,313.697581
1398,183.334385
1399,174.523818
1400,235.171476
1401,92.683837
1402,418.897310
1403,180.128193
1404,31.780715
1405,315.783440
1406,317.519306
1407,-23.988359
1408,84.749727
1409,379.669522
1410,255.287617
1411,89.309156
1412,350.789024
1413,285.522576
1414,-84.427244
1415,278.949264
1416,296.157746
1417,47.201547
1418,302.614250
1419,277.526352
1420,326.340964
1421,334.381212
1422,282.447656
1423,309.653039
1424,-55.809244
1425,279.750490
1426,286.839242
1427,270.555906
1428,417.406388
1429,321.193222
1430,-108.371557
1431,283.119907
1432,352.127649
1433,312.140301
1434,359.497236
1435,301.980850
1436,259.007516
1437,355.348242
1438,305.870273
1439,386.932434
1440,277.297862
1441,277.417268
1442,319.641884
1443,310.318370
1444,110.449674
1445,345.164830
1446,289.894288
1447,310.493456
1448,261.188984
1449,344.192570
1450,398.427806
1451,255.024647
1452,258.152369
1453,387.310903
1454,332.035683
1455,334.289870
1456,267.112996
1457,324.457009
1458,345.144621
1459,297.409808
1460,308.430461
1461,334.595065
1462,319.979888
1463,300.589059
1464,352.286829
1465,305.062354
1466,277.699598
1467,251.267452
1468,333.806399
1469,306.386696
1470,303.271486
1471,358.220728
1472,358.915696
1473,284.028630
1474,280.250482
1475,268.351718
1476,273.849667
1477,292.103048
1478,331.532623
1479,347.138229
1480,362.230731
1481,322.480215
1482,328.955462
1483,312.129708
1484,357.178967
1485,258.216234
1486,338.983944
1487,310.037805
1488,283.490697
1489,296.051483
1490,269.682618
1491,355.624595
1492,289.153380
1493,273.455466
1494,311.697904
1495,296.928928
1496,244.980935
1497,152.159138
1498,361.654295
1499,299.913653
1500,281.411563
1501,329.534950
1502,289.003582
1503,292.850935
1504,280.224576
1505,299.402278
1506,277.431864
1507,356.335683
1508,288.114651
1509,266.216632
1510,279.739497
1511,200.591240
1512,320.572063
1513,281.923420
1514,279.915952
1515,285.343142
1516,316.186671
1517,274.090113
1518,319.385495
1519,283.171848
1520,298.229402
1521,281.770111
1522,333.980435
1523,289.888254
1524,389.170062
1525,282.089472
1526,318.405237
1527,264.282128
1528,276.589064
1529,314.015217
1530,72.276679
1531,284.185998
1532,283.600662
1533,293.091433
1534,312.774224
1535,350.237181
1536,280.445368
1537,272.904784
1538,298.694632
1539,359.493874
1540,278.103357
1541,17.870164
1542,343.748204
1543,286.289367
1544,296.614882
1545,271.604925
1546,316.503893
1547,312.767026
1548,304.287040
1549,276.579671
1550,314.028328
1551,394.571155
1552,315.268335
1553,290.754127
1554,65.097800
1555,351.876955
1556,258.252294
1557,324.341009
1558,282.971489
1559,256.028340
1560,294.112231
1561,288.197854
1562,320.872093
1563,269.606786
1564,44.596097
1565,321.892474
1566,321.766783
1567,252.584551
1568,266.710402
1569,286.163438
1570,330.430301
1571,320.777166
1572,459.358510
1573,374.720933
1574,272.931511
1575,330.540777
1576,314.807402
1577,343.753125
1578,304.622064
1579,315.043635
1580,80.908889
1581,50.166065
1582,26.734332
1583,359.384578
1584,310.321211
1585,331.281994
1586,276.298947
1587,307.367764
1588,265.312722
1589,325.388812
1590,200.170253
1591,367.144488
1592,278.357434
1593,303.025354
1594,297.103697
1595,256.082957
1596,287.703430
1597,264.623419
1598,281.862668
1599,267.428150
1600,321.476489
1601,327.465495
1602,336.764320
1603,319.630331
1604,289.484141
1605,282.641983
1606,303.671477
1607,318.458778
1608,335.316592
1609,244.376593
1610,358.616856
1611,261.436431
1612,298.261796
1613,277.540584
1614,363.792362
1615,295.483370
1616,273.227267
1617,254.574880
1618,286.590338
1619,25.606878
1620,293.783566
1621,366.164170
1622,292.624591
1623,282.859740
1624,296.355795
1625,266.101648
1626,333.676105
1627,324.140787
1628,267.678856
1629,310.048959
1630,75.958093
1631,313.702659
1632,293.025811
1633,314.153057
1634,347.711382
1635,285.322766
1636,290.092633
1637,298.124331
1638,399.547250
1639,326.347270
1640,365.039536
1641,274.966061
1642,324.262382
1643,294.418788
1644,280.068324
1645,349.677461
1646,314.666986
1647,294.494911
1648,289.206033
1649,299.842780
1650,326.483176
1651,316.408771
1652,387.692420
1653,297.918534
1654,306.985287
1655,270.536192
1656,325.455636
1657,325.403185
1658,394.524556
1659,320.214594
1660,327.222187
1661,274.873659
1662,303.049058
1663,307.694540
1664,242.456443
1665,262.362785
1666,324.886387
1667,332.206005
1668,302.730591
1669,301.208785
1670,277.229827
1671,265.283592
1672,337.636383
1673,340.147009
1674,135.979633
1675,268.974429
1676,347.989738
1677,417.034977
1678,337.108686
1679,245.441404
1680,286.429795
1681,314.906939
1682,318.184091
1683,266.380100
1684,269.202464
1685,298.327467
1686,305.774538
1687,314.823169
1688,287.933742
1689,333.274759
1690,356.378063
1691,288.781874
1692,257.486304
1693,364.558343
1694,257.275562
1695,294.460877
1696,292.109774
1697,286.311477
1698,267.067668
1699,303.407701
1700,315.292917
1701,317.364534
1702,346.441159
1703,327.781718
1704,307.917369
1705,343.284163
1706,275.887290
1707,275.094224
1708,292.567448
1709,349.809145
1710,307.163820
1711,301.955538
1712,216.528805
1713,311.892419
1714,326.426764
1715,302.909305
1716,295.424781
1717,297.517550
1718,306.467118
1719,293.497974
1720,340.944027
1721,297.428691
1722,382.628908
1723,345.315011
1724,319.492396
1725,292.672402
1726,293.111636
1727,313.892310
1728,293.506048
1729,281.939758
1730,307.658876
1731,259.410459
1732,371.558737
1733,330.255123
1734,287.520630
1735,277.744101
1736,240.475082
1737,308.967769
1738,324.032262
1739,272.947862
1740,281.676968
1741,307.192160
1742,279.177048
1743,335.034775
1744,312.390702
1745,357.585713
1746,265.356602
1747,308.956388
1748,365.023846
1749,315.641531
1750,275.323064
1751,319.943136
1752,331.711829
1753,386.084756
1754,299.615664
1755,295.994032
1756,272.033195
1757,311.031216
1758,301.206348
1759,303.005193
1760,305.581763
1761,319.847780
1762,360.391439
1763,311.906444
1764,278.728606
1765,246.204952
1766,314.273281
1767,328.148496
1768,267.895728
1769,345.470157
1770,305.382393
1771,311.848018
1772,297.359880
1773,277.740877
1774,359.088669
1775,350.010147
1776,273.452332
1777,270.859937
1778,270.945044
1779,256.400980
1780,309.483177
1781,310.114610
1782,308.058419
1783,291.455957
1784,325.697113
1785,272.983744
1786,287.144681
1787,291.609580
1788,296.222067
1789,305.595412
1790,316.120545
1791,315.212166
1792,272.253584
1793,288.300884
1794,349.279050
1795,326.323329
1796,348.860435
1797,276.666978
1798,399.544239
1799,287.768452
1800,321.649937
1801,277.505352
1802,302.396905
1803,286.151495
1804,278.481509
1805,316.631194
1806,463.650030
1807,314.826511
1808,306.357947
1809,364.709275
1810,315.191383
1811,329.925249
1812,335.414225
1813,315.860815
1814,283.928358
1815,280.687821
1816,264.831884
1817,294.521579
1818,268.240268
1819,306.628495
1820,336.303647
1821,298.983820
1822,277.106069
1823,241.697906
1824,274.935407
1825,300.027536
1826,318.767056
1827,354.626333
1828,344.884186
1829,286.808471
1830,296.427309
1831,298.818820
1832,328.622971
1833,315.637845
1834,324.081081
1835,386.592862
1836,302.397376
1837,339.295827
1838,332.031838
1839,321.656865
1840,307.581010
1841,307.178939
1842,271.872236
1843,332.097286
1844,301.877780
1845,306.671151
1846,283.325973
1847,403.430632
1848,327.197012
1849,309.462713
1850,305.578734
1851,295.868442
1852,288.389809
1853,317.709499
1854,286.037756
1855,345.490680
1856,295.287901
1857,331.860749
1858,291.204948
1859,303.553560
1860,391.823735
1861,313.547559
1862,299.103970
1863,331.761723
1864,337.725120
1865,281.138594
1866,273.661482
1867,374.029763
1868,305.946715
1869,347.578220
1870,263.227822
1871,297.379273
1872,305.493751
1873,294.106836
1874,293.930638
1875,279.951422
1876,305.080665
1877,332.403477
1878,304.094853
1879,238.443415
1880,336.808372
1881,281.726303
1882,272.492187
1883,364.243620
1884,438.599664
1885,305.261238
1886,394.168068
1887,299.223957
1888,293.277982
1889,307.318800
1890,279.266988
1891,302.691054
1892,296.472665
1893,279.361208
1894,275.379374
1895,324.041475
1896,267.819328
1897,322.803091
1898,306.395318
1899,394.516588
1900,304.190590
1901,311.696515
1902,323.295768
1903,296.531640
1904,307.916653
1905,358.117912
1906,310.145375
1907,355.521682
1908,305.225427
1909,344.392462
1910,254.178243
1911,270.280159
1912,297.107292
1913,357.072410
1914,292.465294
1915,324.734315
1916,287.010035
1917,318.677139
1918,374.435562
1919,306.091043
1920,338.975359
1921,304.032955
1922,295.822528
1923,267.696678
1924,302.399160
1925,294.012076
1926,306.286339
1927,284.711219
1928,307.261968
1929,303.570245
1930,302.218229
1931,298.820231
1932,339.689863
1933,289.822130
1934,250.441151
1935,299.890628
1936,377.130890
1937,268.515545
1938,288.411613
1939,298.613916
1940,299.461008
1941,417.884235
1942,276.088645
1943,317.822245
1944,305.565258
1945,401.596259
1946,281.704890
1947,343.092931
1948,242.435420
1949,310.044081
1950,318.078179
1951,308.711144
1952,413.848355
1953,312.017067
1954,381.747190
1955,272.312335
1956,354.636460
1957,276.501150
1958,276.221770
1959,307.813733
1960,286.873162
1961,271.426811
1962,270.261406
1963,300.747202
1964,352.106082
1965,336.661244
1966,249.224914
1967,287.851333
1968,279.483645
1969,308.375692
1970,321.829885
1971,285.858610
1972,379.717550
1973,265.556745
1974,347.645153
1975,274.690361
1976,277.694907
1977,336.121745
1978,269.867367
1979,277.865028
1980,301.512247
1981,274.229574
1982,278.046824
1983,294.920591
1984,299.869444
1985,302.914524
1986,270.806717
1987,258.299065
1988,290.574243
1989,237.397790
1990,310.987272
1991,275.751611
1992,336.066730
1993,313.717671
1994,276.278491
1995,286.105422
1996,329.508676
1997,308.857580
1998,292.498626
1999,290.758608
2000,296.701351
2001,265.589050
2002,289.905135
2003,287.097869
2004,258.573931
2005,314.217257
2006,300.769778
2007,277.788799
2008,424.487179
2009,325.579105
2010,312.213002
2011,319.256213
2012,340.316687
2013,326.126353
2014,342.374675
2015,351.126587
2016,267.638978
2017,285.556035
2018,379.249514
2019,321.141094
2020,320.571421
2021,300.732265
2022,331.787739
2023,373.006191
2024,462.040988
2025,317.967340
2026,294.764798
2027,324.560743
2028,305.566867
2029,369.013538
2030,376.551571
2031,417.481797
2032,299.572586
2033,323.692587
2034,290.966714
2035,338.671824
2036,304.508576
2037,265.325566
2038,305.373243
2039,322.878055
2040,292.395166
2041,356.800743
2042,305.479192
2043,291.606651
2044,265.759053
2045,311.850272
2046,318.346360
2047,369.468298
2048,354.476402
2049,288.473608
2050,309.354714
2051,315.117218
2052,289.696062
2053,295.834837
2054,302.658957
2055,338.995098
2056,266.016627
2057,298.782504
2058,217.538041
2059,403.388473
2060,378.420404
2061,325.761696
2062,277.089940
2063,305.319465
2064,351.167187
2065,254.320319
2066,289.979913
2067,368.101348
2068,306.474595
2069,313.713040
2070,280.869380
2071,319.104383
2072,287.629256
2073,320.369836
2074,282.172068
2075,316.948390
2076,285.174894
2077,306.398798
2078,311.561275
2079,374.848431
2080,323.098404
2081,289.535843
2082,333.056398
2083,314.068352
2084,295.537955
2085,296.465363
2086,345.051206
2087,295.372215
2088,324.635019
2089,311.517727
2090,307.129877
2091,297.337218
2092,277.812084
2093,297.110558
2094,342.621316
2095,318.443211
2096,323.626649
2097,299.049689
2098,284.717798
2099,340.953942
2100,338.944613
2101,371.029948
2102,274.641711
2103,343.289053
2104,301.851711
2105,334.603078
2106,295.398410
2107,301.424488
2108,332.228394
2109,430.786216
2110,316.152689
2111,317.352904
2112,296.474991
2113,296.987223
2114,332.536356
2115,289.447060
2116,310.052695
2117,330.413066
2118,392.895223
2119,337.311204
2120,371.653455
2121,344.297855
2122,339.673761
2123,340.118276
2124,315.129064
2125,435.488961
2126,283.064991
2127,314.047812
2128,309.687296
2129,328.476854
2130,301.241179
2131,321.142547
2132,313.057395
2133,327.169644
2134,295.961129
2135,374.245746
2136,345.996256
2137,312.203886
2138,298.371556
2139,286.998196
2140,299.304948
2141,423.087862
2142,302.021566
2143,274.174365
2144,283.419753
2145,302.086230
2146,423.061837
2147,282.051854
2148,293.464841
2149,289.851475
2150,307.995073
2151,308.251989
2152,351.032041
2153,270.958045
2154,316.809747
2155,320.090067
2156,285.347549
2157,336.007076
2158,317.953080
2159,291.740838
2160,325.465687
2161,291.436172
2162,297.270591
2163,293.642336
2164,324.798805
2165,324.793805
2166,284.984665
2167,291.325186
2168,318.878707
2169,375.448229
2170,359.554126
2171,319.365131
2172,302.249771
2173,343.040891
2174,329.140489
2175,292.152006
2176,335.236738
2177,345.887453
2178,333.696210
2179,406.475933
2180,346.507107
2181,289.806974
2182,341.107422
2183,304.171177
2184,305.373290
2185,292.760727
2186,329.464043
2187,314.468211
2188,282.159439
2189,305.849361
2190,281.918944
2191,284.659593
2192,367.326515
2193,284.045203
2194,329.841609
2195,320.352984
2196,327.168830
2197,355.899765
2198,316.067632
2199,340.335615
2200,308.353452
2201,301.470685
2202,376.461916
2203,374.494372
2204,378.386532
2205,328.315587
2206,325.336878
2207,343.029283
2208,325.513817
2209,349.364277
2210,303.060819
2211,357.344395
2212,316.068017
2213,311.701471
2214,310.944397
2215,266.461853
2216,348.210808
2217,365.046387
2218,297.199037
2219,308.640363
2220,342.809052
2221,309.208426
2222,308.379130
2223,309.138078
2224,403.588452
2225,394.826330
2226,300.402823
2227,396.224155
2228,329.717491
2229,329.467736
2230,285.231511
2231,310.440192
2232,313.385607
2233,332.502480
2234,343.900026
2235,275.682151
2236,312.153229
2237,319.457626
2238,368.961990
2239,269.027743
2240,327.355075
2241,293.213754
2242,306.843843
2243,334.497379
2244,316.781162
2245,356.171357
2246,300.002618
2247,326.270114
2248,333.286518
2249,330.756895
2250,368.160528
2251,308.747140
2252,254.347978
2253,322.852223
2254,289.506228
2255,271.230083
2256,421.988092
2257,280.392128
2258,306.479120
2259,371.677166
2260,330.232060
2261,392.580530
2262,290.944454
2263,355.658874
2264,275.898647
2265,299.360080
2266,297.060119
2267,268.086913
2268,323.834955
2269,401.174968
2270,239.040720
2271,333.688215
2272,291.979301
2273,289.648519
2274,289.855826
2275,322.957519
2276,348.515278
2277,300.331696
2278,302.599410
2279,341.796780
2280,297.020233
2281,277.978492
2282,310.627553
2283,270.981748
2284,356.758952
2285,283.484785
2286,328.225891
2287,339.715758
2288,309.933909
2289,333.198805
2290,346.971705
2291,322.762001
2292,328.110256
2293,304.616449
2294,339.424943
2295,299.978407
2296,309.129488
2297,316.083614
2298,302.960092
2299,335.008074
2300,283.534175
2301,371.880760
2302,345.222059
2303,309.579448
2304,321.567157
2305,372.703189
2306,308.489901
2307,366.534020
2308,334.866437
2309,367.453514
2310,349.107891
2311,410.748116
2312,323.744531
2313,379.427991
2314,327.186217
2315,373.717350
2316,440.171039
2317,269.658359
2318,342.378441
2319,383.160764
2320,398.408979
2321,425.695337
2322,379.553987
2323,324.381528
2324,393.753390
2325,305.468621
2326,384.161367
2327,271.173002
2328,298.068508
2329,296.060149
2330,351.053804
2331,361.600350
2332,393.497915
2333,357.634272
2334,307.083517
2335,356.992072
2336,449.956297
2337,283.641732
2338,445.573244
2339,332.671026
2340,284.825330
2341,325.751929
2342,438.572789
2343,356.132270
2344,376.410473
2345,413.858063
2346,407.356563
2347,420.554381
2348,334.990458
2349,356.680145
2350,352.064174
2351,386.005444
2352,372.027443
2353,357.664682
2354,410.670131
2355,416.212086
2356,311.497558
2357,437.700130
2358,386.614712
2359,348.477101
2360,328.131672
2361,360.634807
2362,399.195894
2363,322.042956
2364,421.594223
2365,385.191744
2366,360.623084
2367,415.864195
2368,381.001207
2369,317.035852
2370,331.732954
2371,314.642256
2372,362.447767
2373,374.805410
2374,277.926442
2375,395.349208
2376,315.574189
2377,288.812131
2378,402.307577
2379,385.174367
2380,413.413049
2381,427.720958
2382,367.419206
2383,367.340249
2384,332.277145
2385,308.675589
2386,329.082772
2387,360.894616
2388,275.681273
2389,299.427293
2390,304.571616
2391,412.026928
2392,362.342059
2393,299.202919
2394,444.163784
2395,454.762245
2396,382.938010
2397,320.948677
2398,318.280930
2399,334.702123
2400,307.002878
2401,384.960091
2402,310.894861
2403,304.447033
2404,304.089105
2405,403.161100
2406,296.546481
2407,298.792925
2408,414.676870
2409,320.129528
2410,397.097299
2411,356.958919
2412,297.564966
2413,350.319494
2414,418.107762
2415,335.472058
2416,285.691065
2417,375.808060
2418,306.838947
2419,397.318720
2420,373.236460
2421,301.911813
2422,372.762579
2423,323.235856
2424,399.032491
2425,266.122515
2426,391.408652
2427,308.768916
2428,360.541670
2429,378.754977
2430,442.978403
2431,274.672379
2432,319.029465
2433,359.010549
2434,278.142134
2435,335.019202
2436,306.748318
2437,336.975267
2438,405.940102
2439,354.075174
2440,303.929562
2441,336.969935
2442,330.683014
2443,334.030883
2444,407.101043
2445,338.534758
2446,258.294508
2447,397.041263
2448,335.712965
2449,396.898163
2450,332.778400
2451,481.332754
2452,407.133275
2453,325.702400
2454,428.001813
2455,409.482453
2456,414.546053
2457,409.106124
2458,315.417615
2459,328.080511
2460,364.037432
2461,379.047116
2462,320.259790
2463,320.667523
2464,441.188441
2465,427.909202
2466,403.040397
2467,352.850288
2468,352.514888
2469,427.485645
2470,309.200389
2471,441.190629
2472,317.912382
2473,432.939889
2474,310.107032
2475,383.594198
2476,319.708240
2477,375.850876
2478,390.481745
2479,332.121581
2480,350.254378
2481,350.603149
2482,287.240196
2483,366.271249
2484,341.107031
2485,289.804005
2486,324.385734
2487,422.773396
2488,289.238501
2489,300.698996
2490,379.226374
2491,421.829650
2492,384.402008
2493,245.991026
2494,308.317578
2495,406.035671
2496,413.938316
2497,425.115628
2498,333.795169
2499,367.022292
2500,296.701353
2501,324.783863
2502,417.188851
2503,319.321680
2504,375.261959
2505,402.823269
2506,358.697136
2507,307.427246
2508,389.807527
2509,375.113425
2510,448.154784
2511,294.997475
2512,351.453042
2513,345.863368
2514,414.057296
2515,410.841293
2516,412.014752
2517,347.081818
2518,493.416511
2519,331.310770
2520,319.698204
2521,317.897164
2522,392.767294
2523,304.565206
2524,315.934227
2525,391.067249
2526,318.662368
2527,315.547642
2528,384.863781
2529,356.506278
2530,358.004076
2531,365.093584
2532,328.381736
2533,365.223954
2534,384.268329
2535,404.529104
2536,401.876474
2537,309.800264
2538,441.454796
2539,355.054454
2540,309.262795
2541,328.126065
2542,443.567660
2543,423.945591
2544,319.814974
2545,328.063917
2546,359.540328
2547,328.825407
2548,318.124712
2549,401.534725
2550,409.380985
2551,360.962768
2552,297.765392
2553,356.246543
2554,290.818135
2555,389.068860
2556,315.604384
2557,322.236503
2558,398.262332
2559,400.093040
2560,346.386173
2561,332.797366
2562,347.746706
2563,434.253777
2564,302.478238
2565,311.947397
2566,388.117279
2567,352.688788
2568,326.718652
2569,447.723543
2570,463.607434
2571,382.558842
2572,399.221962
2573,464.248823
2574,442.562672
2575,358.976850
2576,397.372843
2577,483.783490
2578,324.157293
2579,505.274448
2580,425.509555
2581,418.160000
2582,378.953708
2583,428.896918
2584,317.357037
2585,424.580200
2586,426.328096
2587,443.172336
2588,419.854975
2589,416.323651
2590,444.567407
2591,349.742919
2592,389.686249
2593,286.271099
2594,299.058584
2595,429.135698
2596,311.024309
2597,441.438235
2598,410.177927
2599,410.390380
2600,420.005857
2601,425.116256
2602,383.285753
2603,409.529810
2604,404.421441
2605,392.419042
2606,432.790619
2607,333.498897
2608,424.392076
2609,422.831978
2610,522.720457
2611,395.555825
2612,314.219473
2613,351.529759
2614,396.255003
2615,432.763420
2616,383.355580
2617,376.683610
2618,435.435475
2619,417.844331
2620,337.244911
2621,393.057138
2622,398.637543
2623,375.478955
2624,425.667465
2625,455.768780
2626,413.591280
2627,389.220015
2628,415.305771
2629,427.059796
2630,414.299442
2631,409.564418
2632,398.524052
2633,333.252091
2634,410.385648
2635,396.927097
2636,436.115176
2637,438.007733
2638,295.602730
2639,384.714716
2640,411.974868
2641,303.352402
2642,399.480989
2643,405.333587
2644,451.292231
2645,473.566513
2646,411.953917
2647,414.226553
2648,424.884182
2649,318.645794
2650,422.080734
2651,461.104879
2652,416.859182
2653,439.381557
2654,424.550955
2655,441.865369
2656,340.954029
2657,404.429447
2658,434.801349
2659,394.230605
2660,451.902945
2661,335.612769
2662,406.485777
2663,389.598416
2664,320.541894
2665,419.265868
2666,402.116288
2667,321.919546
2668,416.827762
2669,413.407263
2670,432.054411
2671,398.223633
2672,474.690689
2673,409.729037
2674,443.999914
2675,405.236487
2676,428.565582
2677,379.665717
2678,469.721906
2679,401.782268
2680,301.594068
2681,452.006905
2682,368.532277
2683,423.805273
2684,405.773184
2685,460.214713
2686,290.664073
2687,471.082493
2688,427.472285
2689,368.160819
2690,312.938736
2691,434.311056
2692,447.412620
2693,387.365191
2694,373.099697
2695,409.075200
2696,456.023806
2697,329.482988
2698,417.859646
2699,423.919668
2700,385.800999
2701,369.066244
2702,399.088192
2703,387.160962
2704,453.092414
2705,341.107329
2706,438.933791
2707,328.789911
2708,438.167595
2709,379.579494
2710,406.945481
2711,399.791614
2712,432.473818
2713,370.528490
2714,309.670772
2715,316.894848
2716,439.897896
2717,312.046154
2718,450.726645
2719,309.150031
2720,434.399552
2721,399.775249
2722,336.121983
2723,420.539263
2724,440.636632
2725,411.582600
2726,405.757107
2727,297.715543
2728,392.732324
2729,435.186399
2730,469.347642
2731,438.284265
2732,478.588979
2733,344.289886
2734,438.907036
2735,382.032939
2736,416.174899
2737,438.433686
2738,377.749663
2739,399.477090
2740,400.320719
2741,292.307039
2742,498.088163
2743,328.790300
2744,340.334774
2745,456.216096
2746,299.936353
2747,407.182510
2748,274.693117
2749,423.111398
2750,381.739130
2751,403.572475
2752,411.065184
2753,398.078262
2754,463.914955
2755,373.877701
2756,453.604777
2757,428.571007
2758,424.912859
2759,378.434655
2760,368.474638
2761,431.629253
2762,420.266145
2763,421.630768
2764,347.634067
2765,462.813495
2766,469.374905
2767,464.708044
2768,375.292107
2769,391.958063
2770,411.136379
2771,409.901592
2772,459.296797
2773,420.480021
2774,449.131460
2775,319.568201
2776,420.064323
2777,416.058142
2778,434.082433
2779,372.084458
2780,429.989689
2781,464.159634
2782,467.659845
2783,460.004537
2784,430.789408
2785,430.405468
2786,326.772798
2787,351.766631
2788,416.056138
2789,367.501251
2790,379.846434
2791,393.980277
2792,417.394909
2793,471.504558
2794,420.665650
2795,375.015572
2796,396.965049
2797,417.164250
2798,430.999255
2799,355.572861
2800,409.301070
2801,416.534312
2802,412.566468
2803,433.296594
2804,374.036590
2805,451.409362
2806,412.002023
2807,411.199610
2808,440.184970
2809,369.473658
2810,446.864981
2811,422.954122
2812,394.397925
2813,405.762447
2814,444.719488
2815,418.753828
2816,356.945441
2817,483.888001
2818,430.840215
2819,420.765752
2820,336.021407
2821,432.413444
2822,405.507005
2823,441.389713
2824,452.838814
2825,430.554146
2826,470.192612
2827,453.241644
2828,409.354416
2829,455.877191
2830,513.919541
2831,450.676014
2832,412.449596
2833,437.765201
2834,484.887033
2835,436.614291
2836,450.930424
2837,436.772987
2838,412.496916
2839,443.079827
2840,396.300266
2841,430.821402
2842,417.600500
2843,452.101021
2844,470.600124
2845,487.679551
2846,437.808554
2847,549.000272
2848,433.020217
2849,465.627048
2850,437.044059
2851,411.583518
2852,433.499309
2853,459.505794
2854,444.944877
2855,416.644852
2856,426.806143
2857,452.399445
2858,471.032636
2859,461.257615
2860,410.689709
2861,453.903945
2862,350.796586
2863,423.306187
2864,444.201223
2865,429.344715
2866,465.336211
2867,428.414872
2868,460.554588
2869,449.655297
2870,451.960339
2871,426.027069
2872,494.481210
2873,434.728560
2874,462.417850
2875,458.442648
2876,466.667137
2877,452.076390
2878,397.587385
2879,468.377862
2880,470.063627
2881,578.772332
2882,447.761727
2883,430.109425
2884,413.761404
2885,443.736369
2886,463.767968
2887,508.825132
2888,520.706510
2889,462.574844
2890,492.215136
2891,416.358926
2892,437.339551
2893,459.211899
2894,445.757444
2895,440.647783
2896,481.662339
2897,439.296719
2898,456.270558
2899,420.079635
2900,462.432423
2901,450.723587
2902,475.584473
2903,415.291674
2904,412.022095
2905,450.736619
2906,427.052835
2907,463.109519
2908,464.156856
2909,459.587505
2910,457.320402
2911,437.409725
2912,440.388250
2913,391.499193
2914,455.219350
2915,440.633898
2916,458.930483
2917,448.540970
2918,457.896153
2919,423.188033
2920,418.222920
2921,533.845906
2922,428.324368
2923,439.459488
2924,423.319258
2925,404.202663
2926,469.114166
2927,446.883400
2928,436.384095
2929,503.414709
2930,399.755112
2931,466.169539
2932,422.100807
2933,444.753841
2934,436.849505
2935,470.675840
2936,418.167724
2937,435.664649
2938,412.148358
2939,450.597601
2940,420.477233
2941,418.019727
2942,457.767086
2943,450.477933
2944,441.486953
2945,459.078389
2946,428.676292
2947,418.021618
2948,431.636762
2949,459.290897
2950,476.588807
2951,478.934347
2952,449.139139
2953,427.624225
2954,448.833918
2955,468.566141
2956,450.081204
2957,457.055522
2958,461.886475
2959,451.612398
2960,432.031062
2961,415.720362
2962,399.076194
2963,463.788997
2964,414.631667
2965,369.346565
2966,433.076491
2967,446.100119
2968,551.500008
2969,410.855190
2970,436.901656
2971,542.258256
2972,414.844728
2973,462.324287
2974,437.855233
2975,450.061467
2976,469.286119
2977,416.280240
2978,576.221947
2979,431.727623
2980,467.521754
2981,435.107467
2982,503.049232
2983,513.763257
2984,452.815899
2985,410.815183
2986,417.394496
2987,464.323509
2988,453.600184
2989,468.580241
2990,518.736959
2991,405.195071
2992,497.530852
2993,408.777020
2994,454.743447
2995,449.536628
2996,432.848877
2997,556.311996
2998,427.642082
2999,424.994036
3000,410.225153
3001,431.608480
3002,465.628628
3003,400.341605
3004,327.911507
3005,464.067827
3006,413.571384
3007,451.319717
3008,450.165106
3009,407.323438
3010,426.130318
3011,491.145102
3012,431.258911
3013,431.907166
3014,418.524935
3015,433.880070
3016,453.221218
3017,425.508661
3018,489.269102
3019,412.454741
3020,426.377445
3021,462.395404
3022,404.113365
3023,447.173034
3024,435.860440
3025,415.585114
3026,477.900036
3027,463.787800
3028,430.563954
3029,417.487131
3030,482.270629
3031,467.869131
3032,459.517094
3033,400.513666
3034,422.992555
3035,441.036213
3036,455.106260
3037,427.458397
3038,426.409556
3039,417.894605
3040,414.859015
3041,443.228555
3042,488.739186
3043,468.721809
3044,447.655446
3045,427.766849
3046,457.123646
3047,434.332077
3048,464.963817
3049,432.412557
3050,443.565917
3051,415.531504
3052,479.884416
3053,461.153369
3054,454.174680
3055,449.974785
3056,432.249386
3057,439.827266
3058,455.744253
3059,465.366234
3060,470.485185
3061,463.811146
3062,437.307510
3063,430.869145
3064,540.752919
3065,486.086023
3066,473.891396
3067,489.714820
3068,439.641021
3069,432.775994
3070,417.876487
3071,444.859292
3072,452.693005
3073,534.127518
3074,442.011874
3075,458.020663
3076,425.215378
3077,454.512640
3078,433.790202
3079,493.060110
3080,496.789536
3081,450.248306
3082,479.144869
3083,440.209008
3084,471.121541
3085,455.733056
3086,447.777294
3087,481.803096
3088,451.380789
3089,449.055736
3090,464.917572
3091,434.912826
3092,521.318238
3093,448.579213
3094,429.795780
3095,451.442396
3096,474.519353
3097,504.593727
3098,436.801717
3099,429.475002
3100,462.472515
3101,427.244546
3102,425.785642
3103,496.727921
3104,515.195609
3105,484.586328
3106,448.916576
3107,407.148269
3108,448.268367
3109,496.638495
3110,405.006029
3111,431.176456
3112,450.044481
3113,432.925912
3114,484.046417
3115,532.990657
3116,490.640579
3117,434.339968
3118,448.613962
3119,482.204930
3120,451.360867
3121,457.388914
3122,424.472642
3123,448.966874
3124,493.267888
3125,480.886813
3126,579.838061
3127,429.574695
3128,445.673755
3129,468.861383
3130,433.647257
3131,465.574146
3132,462.205430
3133,413.947088
3134,451.285879
3135,479.047761
3136,454.974667
3137,501.772761
3138,442.635200
3139,540.679372
3140,471.312936
3141,437.948631
3142,479.999376
3143,467.426285
3144,469.174983
3145,446.927700
3146,444.799125
3147,474.217571
3148,476.040182
3149,470.239146
3150,534.782724
3151,466.544107
3152,432.595308
3153,474.026034
3154,441.678737
3155,564.809406
3156,458.128811
3157,413.115414
3158,473.479529
3159,403.133319
3160,435.387999
3161,455.269895
3162,455.630000
3163,429.070024
3164,443.439905
3165,540.696375
3166,445.622832
3167,433.100613
3168,466.321118
3169,439.604930
3170,420.494666
3171,450.189772
3172,427.607897
3173,455.446322
3174,469.803578
3175,468.684545
3176,441.607195
3177,437.697652
3178,482.321816
3179,465.637910
3180,493.968609
3181,422.222694
3182,472.080656
3183,419.380720
3184,460.040503
3185,488.655803
3186,452.640516
3187,479.828384
3188,430.174973
3189,444.217598
3190,442.092531
3191,471.621440
3192,424.395689
3193,460.786305
3194,466.382183
3195,454.237853
3196,478.449756
3197,495.123779
3198,441.525645
3199,444.568004
3200,418.735020
3201,464.888220
3202,486.888917
3203,435.314059
3204,431.426474
3205,448.584610
3206,435.948782
3207,548.806242
3208,462.604273
3209,438.365098
3210,439.356580
3211,459.202275
3212,439.352640
3213,393.678950
3214,421.560201
3215,424.435202
3216,471.141159
3217,424.802982
3218,422.912991
3219,420.176808
3220,445.278714
3221,473.304623
3222,465.360745
3223,391.594533
3224,453.203962
3225,425.954016
3226,428.294271
3227,429.534950
3228,458.794346
3229,430.138127
3230,455.943027
3231,450.117295
3232,424.898511
3233,415.570240
3234,435.568942
3235,490.548983
3236,452.882373
3237,471.284273
3238,458.644000
3239,420.144092
3240,539.376165
3241,453.457846
3242,494.943313
3243,447.407881
3244,445.855765
3245,446.540414
3246,425.286927
3247,426.521531
3248,477.185677
3249,451.267372
3250,405.665647
3251,456.644293
3252,412.201045
3253,400.374006
3254,620.092017
3255,478.918644
3256,427.713772
3257,489.876944
3258,419.387328
3259,706.004508
3260,436.967515
3261,445.669812
3262,516.155902
3263,421.344312
3264,466.192652
3265,423.483737
3266,421.748663
3267,465.527471
3268,427.437354
3269,501.945058
3270,457.893587
3271,448.189144
3272,464.562642
3273,436.714918
3274,487.674646
3275,496.943835
3276,496.645032
3277,438.229910
3278,487.560219
3279,439.322931
3280,490.994023
3281,440.808348
3282,443.729834
3283,479.509506
3284,425.148547
3285,480.984939
3286,450.832538
3287,461.514056
3288,441.116941
3289,461.307973
3290,500.578025
3291,473.948442
3292,462.345813
3293,448.923866
3294,421.145884
3295,441.098992
3296,505.102871
3297,409.126427
3298,429.354470
3299,412.004312
3300,460.520078
3301,462.910183
3302,449.836794
3303,454.433858
3304,446.192090
3305,455.776577
3306,578.392350
3307,439.331660
3308,498.279069
3309,470.577739
3310,636.122472
3311,459.028565
3312,472.639226
3313,465.833819
3314,441.134243
3315,464.225895
3316,472.548922
3317,441.425792
3318,443.726620
3319,479.612466
3320,445.809462
3321,443.504668
3322,457.695579
3323,415.085423
3324,468.877914
3325,456.162240
3326,473.421171
3327,411.431268
3328,437.803480
3329,502.602957
3330,443.367721
3331,507.858005
3332,777.172129
3333,542.565649
3334,455.833633
3335,425.855173
3336,482.429627
3337,443.083771
3338,513.151979
3339,455.967648
3340,427.606571
3341,482.066979
3342,464.114062
3343,444.640758
3344,564.162507
3345,676.050305
3346,380.015220
3347,444.328809
3348,463.671736
3349,417.597826
3350,454.217647
3351,457.452787
3352,441.800367
3353,470.284582
3354,532.823922
3355,461.973745
3356,494.885759
3357,448.680779
3358,449.718616
3359,445.995397
3360,454.603473
3361,452.371367
3362,434.239818
3363,489.426276
3364,467.953696
3365,448.381689
3366,476.129410
3367,435.390496
3368,459.713859
3369,468.668173
3370,453.056903
3371,463.668124
3372,453.037432
3373,442.704383
3374,455.877450
3375,455.773220
3376,482.668532
3377,448.831643
3378,487.032681
3379,438.609003
3380,458.057791
3381,446.326385
3382,482.296413
3383,426.946736
3384,444.432951
3385,554.458105
3386,439.763584
3387,466.895944
3388,447.423917
3389,442.966693
3390,537.563234
3391,523.626366
3392,405.065614
3393,490.399534
3394,451.938424
3395,428.242667
3396,438.401318
3397,438.902044
3398,451.966470
3399,447.944255
3400,469.569861
3401,422.039667
3402,515.035473
3403,424.202910
3404,449.943362
3405,441.181852
3406,565.732243
3407,510.040015
3408,469.954341
3409,437.977520
3410,452.900227
3411,448.505661
3412,464.766652
3413,480.999529
3414,436.604111
3415,505.975851
3416,476.799364
3417,455.913999
3418,434.015554
3419,448.484750
3420,568.995420
3421,433.981945
3422,413.241457
3423,447.503970
3424,471.369158
3425,461.344519
3426,432.228568
3427,460.172622
3428,526.436045
3429,486.239968
3430,424.439455
3431,481.036726
3432,597.869662
3433,428.653866
3434,441.670688
3435,430.790081
3436,502.236536
3437,454.927042
3438,472.907709
3439,467.348838
3440,500.015983
3441,468.378605
3442,445.983864
3443,405.554667
3444,543.061199
3445,428.814205
3446,414.796544
3447,431.284747
3448,461.758754
3449,440.291345
3450,437.112235
3451,493.216497
3452,467.406354
3453,421.179976
3454,433.673993
3455,526.001228
3456,442.740266
3457,463.419905
3458,524.279777
3459,441.821641
3460,469.056096
3461,465.480716
3462,432.135028
3463,457.386541
3464,467.679663
3465,429.085567
3466,505.142307
3467,524.151737
3468,407.480290
3469,464.579213
3470,439.898654
3471,458.294959
3472,427.164500
3473,480.132516
3474,545.083094
3475,460.549624
3476,469.657071
3477,498.298574
3478,499.698335
3479,488.835562
3480,506.743626
3481,538.593988
3482,500.151695
3483,598.807325
3484,554.618093
3485,524.125955
3486,502.327765
3487,445.036747
3488,464.810597
3489,457.006966
3490,491.880282
3491,471.903150
3492,480.364990
3493,491.004557
3494,532.810099
3495,453.077380
3496,538.984895
3497,469.545839
3498,496.698876
3499,746.777939
3500,422.637964
3501,528.565722
3502,474.000204
3503,516.745527
3504,645.403714
3505,449.589379
3506,718.146324
3507,498.478456
3508,454.281388
3509,417.250820
3510,538.919018
3511,428.787614
3512,528.708554
3513,432.017688
3514,448.173426
3515,547.903147
3516,559.309892
3517,515.542095
3518,726.532998
3519,475.731406
3520,458.164926
3521,470.012409
3522,511.264287
3523,420.422534
3524,478.579883
3525,485.761159
3526,499.220367
3527,481.704406
3528,523.194242
3529,464.484394
3530,498.817996
3531,485.170938
3532,405.434867
3533,429.468755
3534,464.157327
3535,515.729575
3536,477.963113
3537,466.537417
3538,475.464805
3539,443.611015
3540,473.251967
3541,445.163442
3542,551.001235
3543,421.397289
3544,679.975748
3545,442.758193
3546,436.389140
3547,794.847287
3548,461.159592
3549,466.363550
3550,467.610108
3551,466.201261
3552,577.559272
3553,525.344554
3554,743.933607
3555,465.589861
3556,485.553696
3557,488.292017
3558,428.659971
3559,472.324204
3560,449.251285
3561,457.738285
3562,439.363452
3563,434.914448
3564,493.844859
3565,503.687352
3566,505.254781
3567,866.582112
3568,528.804340
3569,556.707415
3570,472.656012
3571,553.319438
3572,520.290185
3573,439.252778
3574,477.719061
3575,496.178904
3576,469.884291
3577,457.707788
3578,480.770776
3579,488.170873
3580,681.548276
3581,627.604565
3582,531.359148
3583,524.240402
3584,489.077173
3585,519.539511
3586,647.118974
3587,719.747101
3588,451.763212
3589,459.342793
3590,477.889630
3591,482.951884
3592,579.667227
3593,567.983981
3594,478.666665
3595,762.381724
3596,449.388629
3597,474.264367
3598,515.112527
3599,639.848281
3600,464.291266
3601,607.440896
3602,537.326001
3603,431.005596
3604,622.682222
3605,526.460922
3606,656.995780
3607,484.761487
3608,485.125333
3609,506.326180
3610,473.634474
3611,469.493779
3612,514.915129
3613,527.627691
3614,503.534876
3615,490.542973
3616,646.100670
3617,439.634685
3618,483.325150
3619,485.880681
3620,488.492438
3621,499.808155
3622,511.186432
3623,443.974937
3624,524.098275
3625,478.357659
3626,478.987396
3627,628.210253
3628,513.946323
3629,490.576540
3630,467.498002
3631,524.829230
3632,537.288404
3633,470.578795
3634,473.581213
3635,503.946672
3636,775.463973
3637,458.222661
3638,490.603284
3639,489.721178
3640,448.392103
3641,455.255024
3642,502.623782
3643,482.055146
3644,449.004451
3645,449.527538
3646,480.453481
3647,462.796389
3648,484.073005
3649,469.475297
3650,468.202474
3651,561.556346
3652,409.252544
3653,483.389194
3654,461.558565
3655,513.462385
3656,494.585823
3657,533.950026
3658,411.852137
3659,518.216432
3660,504.299676
3661,735.964080
3662,487.168677
3663,480.662609
3664,440.834245
3665,498.299911
3666,543.073698
3667,514.030536
3668,538.065816
3669,522.211838
3670,458.992765
3671,724.332099
3672,429.633678
3673,488.278899
3674,477.391860
3675,500.940524
3676,500.478652
3677,440.649704
3678,449.082469
3679,528.044936
3680,496.091583
3681,458.523699
3682,511.862459
3683,462.955337
3684,538.485140
3685,489.049938
3686,547.290249
3687,540.654187
3688,620.981085
3689,462.566261
3690,567.854928
3691,458.956273
3692,512.341209
3693,479.904032
3694,511.749837
3695,722.266329
3696,473.594596
3697,734.084388
3698,434.712831
3699,528.011594
3700,680.678244
3701,452.809585
3702,472.725472
3703,516.130825
3704,534.775859
3705,558.863350
3706,664.042339
3707,529.482409
3708,539.839281
3709,420.413531
3710,476.465761
3711,515.684892
3712,661.896070
3713,843.363541
3714,475.637951
3715,491.874620
3716,456.943120
3717,774.705921
3718,721.434357
3719,504.505840
3720,609.637274
3721,606.314478
3722,511.663279
3723,436.986767
3724,475.785499
3725,509.534115
3726,840.078356
3727,610.002214
3728,489.848279
3729,501.134204
3730,465.557340
3731,531.744183
3732,469.457473
3733,513.878171
3734,470.332643
3735,489.080280
3736,503.417414
3737,505.905621
3738,450.165678
3739,477.494094
3740,467.966239
3741,463.599013
3742,579.535397
3743,580.830539
3744,435.638552
3745,525.519463
3746,467.997618
3747,422.871565
3748,496.683276
3749,480.179265
3750,440.774467
3751,470.509539
3752,502.188363
3753,592.459477
3754,517.080398
3755,530.763580
3756,469.902947
3757,684.296820
3758,565.970343
3759,490.815468
3760,555.668982
3761,496.880467
3762,543.967413
3763,498.485667
3764,535.480166
3765,475.538869
3766,563.770361
3767,484.159020
3768,503.479161
3769,431.520672
3770,806.480771
3771,507.718246
3772,480.245950
3773,527.246705
3774,524.301012
3775,466.678711
3776,491.500385
3777,436.154008
3778,481.739795
3779,471.286642
3780,558.584021
3781,817.750927
3782,470.078776
3783,629.914899
3784,490.418562
3785,613.915725
3786,479.972437
3787,439.909308
3788,560.904357
3789,501.168071
3790,754.777226
3791,470.649338
3792,455.385528
3793,817.316109
3794,489.224062
3795,469.948141
3796,447.842278
3797,473.849788
3798,454.576865
3799,485.674040
3800,611.987211
3801,655.176934
3802,496.428799
3803,563.132263
3804,568.267041
3805,539.291006
3806,467.456423
3807,503.709817
3808,784.404683
3809,479.575406
3810,559.318309
3811,450.543432
3812,459.665595
3813,518.005816
3814,482.564071
3815,748.975815
3816,547.744728
3817,460.732763
3818,452.214583
3819,411.696963
3820,512.171237
3821,505.244811
3822,476.134865
3823,600.003046
3824,519.527112
3825,502.396651
3826,646.432357
3827,538.725324
3828,502.574946
3829,494.167133
3830,757.592886
3831,567.349306
3832,677.857912
3833,452.434246
3834,455.316506
3835,515.020651
3836,537.949704
3837,524.492635
3838,470.360876
3839,473.185862
3840,571.860254
3841,457.910305
3842,546.523218
3843,460.175180
3844,501.918024
3845,494.201513
3846,514.077375
3847,461.450057
3848,520.522989
3849,611.321501
3850,516.593268
3851,458.081500
3852,424.399252
3853,465.155150
3854,452.001956
3855,503.453345
3856,497.868397
3857,580.662594
3858,459.548501
3859,610.460654
3860,440.378955
3861,547.906640
3862,539.186650
3863,466.158090
3864,461.470205
3865,498.609687
3866,475.536486
3867,483.675044
3868,519.382944
3869,406.975685
3870,582.719161
3871,533.856150
3872,547.645889
3873,481.782986
3874,634.869482
3875,1333.560803
3876,540.564920
3877,471.956645
3878,503.547275
3879,533.482777
3880,478.722383
3881,473.862615
3882,752.922689
3883,502.907630
3884,526.725939
3885,469.221333
3886,561.777338
3887,502.827930
3888,429.907485
3889,525.400953
3890,531.093744
3891,529.322598
3892,499.608559
3893,519.339048
3894,475.225304
3895,619.559053
3896,756.786856
3897,592.082720
3898,818.483890
3899,494.199743
3900,452.864641
3901,519.914399
3902,596.103017
3903,463.379436
3904,540.823296
3905,656.427506
3906,1131.804606
3907,565.071294
3908,501.085445
3909,760.520396
3910,577.812929
3911,2105.172447
3912,596.742215
3913,504.693548
3914,711.587919
3915,832.644369
3916,565.588775
3917,526.164863
3918,723.876319
3919,611.462264
3920,569.327754
3921,657.906257
3922,560.347961
3923,573.999969
3924,548.826752
3925,512.746895
3926,505.735704
3927,805.980885
3928,517.995522
3929,522.895708
3930,465.853085
3931,513.597819
3932,448.750894
3933,527.029090
3934,917.164366
3935,836.894122
3936,517.566218
3937,560.301724
3938,554.106227
3939,582.132733
3940,1018.578104
3941,890.354663
3942,653.585473
3943,462.924211
3944,533.094019
3945,626.494293
3946,747.012521
3947,529.594179
3948,566.576422
3949,510.522436
3950,1233.258512
3951,564.714162
3952,646.535962
3953,492.121983
3954,581.501112
3955,843.266022
3956,493.448300
3957,799.896865
3958,498.801222
3959,722.106865
3960,551.570530
3961,460.847893
3962,498.272147
3963,1092.420534
3964,770.432484
3965,831.892690
3966,786.372957
3967,548.726155
3968,571.950790
3969,768.074816
3970,623.601299
3971,522.331349
3972,509.857092
3973,553.951493
3974,858.748966
3975,1312.164119
3976,442.287366
3977,551.320910
3978,535.607836
3979,731.370794
3980,708.134923
3981,579.182519
3982,510.265185
3983,592.678334
3984,782.993936
3985,734.528035
3986,504.394736
3987,527.179446
3988,823.550661
3989,749.301578
3990,712.273107
3991,542.991511
3992,567.431178
3993,1053.958052
3994,471.971474
3995,536.819389
3996,571.211068
3997,511.765956
3998,553.131081
3999,788.860817
4000,994.191803
4001,900.589215
4002,466.507091
4003,459.419044
4004,561.109921
4005,674.458011
4006,466.314059
4007,587.815761
4008,631.212698
4009,522.230077
4010,722.148930
4011,1519.061759
4012,622.594623
4013,1115.368513
4014,480.571940
4015,560.738624
4016,507.043295
4017,634.230181
4018,455.212314
4019,631.098450
4020,555.713686
4021,797.800184
4022,568.189478
4023,537.262314
4024,638.902911
4025,497.293301
4026,545.061264
4027,807.586870
4028,806.329627
4029,577.767871
4030,509.778413
4031,605.967804
4032,525.484207
4033,1121.753761
4034,768.312694
4035,506.969302
4036,763.134512
4037,510.316545
4038,614.164004
4039,530.096119
4040,517.185121
4041,520.574798
4042,557.828882
4043,748.088959
4044,742.415385
4045,576.300330
4046,493.569318
4047,798.848657
4048,752.180415
4049,500.110832
4050,551.304188
4051,521.225948
4052,499.459282
4053,753.313924
4054,829.323873
4055,550.172020
4056,621.243135
4057,1052.261379
4058,850.127691
4059,798.777645
4060,988.528941
4061,681.728613
4062,801.419798
4063,589.199259
4064,842.859272
4065,1982.230265
4066,882.919848
4067,516.894410
4068,801.978724
4069,538.946734
4070,616.567005
4071,1839.710939
4072,482.181649
4073,524.704972
4074,1070.361625
4075,1120.513922
4076,541.502535
4077,708.535220
4078,563.375055
4079,589.673825
4080,971.411703
4081,618.937127
4082,744.504131
4083,1007.176938
4084,512.121471
4085,602.713464
4086,783.523112
4087,679.855362
4088,549.863744
4089,793.622682
4090,795.421722
4091,576.001628
4092,809.548479
4093,533.626565
4094,766.206031
4095,1132.707832
4096,594.500012
4097,586.637239
4098,523.327717
4099,536.229913
4100,510.544758
4101,617.163053
4102,554.154625
4103,772.478711
4104,648.813767
4105,581.643553
4106,888.895775
4107,522.807180
4108,570.633370
4109,1597.699897
4110,610.050131
4111,468.627567
4112,773.025548
4113,625.073887
4114,674.525830
4115,520.299524
4116,704.110609
4117,536.254995
4118,505.863794
4119,566.701156
4120,557.912083
4121,627.200771
4122,819.325507
4123,675.333258
4124,740.858371
4125,753.794710
4126,649.841543
4127,568.665984
4128,722.249205
4129,672.578218
4130,734.123051
4131,546.174112
4132,522.643774
4133,700.616672
4134,534.721157
4135,618.961278
4136,797.255987
4137,597.043525
4138,1552.459263
4139,561.288068
4140,696.800240
4141,775.962982
4142,527.289918
4143,554.343202
4144,542.059902
4145,1985.436866
4146,788.001470
4147,1859.848830
4148,497.830018
4149,808.756039
4150,771.897137
4151,496.719441
4152,855.832600
4153,562.628380
4154,514.983262
4155,623.339463
4156,563.941897
4157,637.259857
4158,1144.156937
4159,1004.413304
4160,515.892676
4161,647.211485
4162,513.579995
4163,775.791760
4164,587.594211
4165,650.526304
4166,1236.866768
4167,800.979099
4168,811.541408
4169,568.394010
4170,711.766144
4171,696.122594
4172,873.390677
4173,464.178153
4174,748.209315
4175,2930.871887
4176,558.573487
4177,540.809244
4178,781.157717
4179,554.408099
4180,529.415301
4181,632.291940
4182,565.021523
4183,1082.359204
4184,534.511808
4185,501.252580
4186,627.954143
4187,1015.906423
4188,825.648145
4189,701.402698
4190,589.664457
4191,718.319533
4192,765.696525
4193,489.053520
4194,1149.821605
4195,635.835731
4196,596.585569
4197,642.931731
4198,827.654251
4199,816.564021
4200,874.180123
4201,584.223333
4202,559.905624
4203,801.995546
4204,719.618275
4205,790.822829
4206,1352.968848
4207,798.805603
4208,615.663179
4209,857.784452
4210,1140.620132
4211,1022.195460
4212,3167.521966
4213,959.185861
4214,577.889362
4215,845.519677
4216,1435.835756
4217,902.278449
4218,1448.835202
4219,1563.227222
4220,813.798784
4221,781.431200
4222,815.732748
4223,856.896287
4224,741.013568
4225,477.702684
4226,517.087064
4227,1174.707601
4228,1284.523688
4229,714.633220
4230,713.044698
4231,727.858583
4232,1704.237548
4233,899.956891
4234,647.047754
4235,796.703343
4236,969.342742
4237,903.501331
4238,586.356993
4239,1105.404488
4240,831.614594
4241,824.123804
4242,511.462497
4243,1441.377472
4244,624.307825
4245,518.414555
4246,516.515836
4247,1081.941851
4248,533.594201
4249,751.652148
4250,1552.710943
4251,809.851220
4252,669.865480
4253,485.837584
4254,675.072548
4255,729.306883
4256,681.162686
4257,1170.162952
4258,936.760805
4259,679.872752
4260,1211.276981
4261,835.017820
4262,556.061543
4263,1235.753309
4264,1416.786612
4265,1552.093681
4266,715.973724
4267,736.461010
4268,766.109131
4269,1091.778194
4270,1480.615594
4271,699.464600
4272,771.569458
4273,732.719799
4274,1701.916254
4275,922.506338
4276,710.617843
4277,624.125108
4278,852.316610
4279,563.660014
4280,532.268127
4281,496.996642
4282,683.323866
4283,847.657823
4284,1497.331486
4285,572.303012
4286,1531.718687
4287,1023.980927
4288,1194.391882
4289,679.099670
4290,777.757666
4291,1943.429660
4292,1224.888612
4293,711.760155
4294,581.212631
4295,945.309592
4296,2661.087664
4297,918.560055
4298,1129.110600
4299,574.750328
4300,1601.736621
4301,990.034262
4302,1022.283428
4303,840.560168
4304,1058.749062
4305,787.386178
4306,708.891670
4307,889.636977
4308,1274.944039
4309,997.554267
4310,673.316795
4311,974.820794
4312,512.950444
4313,1547.072618
4314,787.186416
4315,582.246173
4316,952.263373
4317,670.805811
4318,499.726854
4319,7137.959026
4320,630.134462
4321,1302.108240
4322,838.194224
4323,700.903934
4324,689.661759
4325,595.429531
4326,730.595781
4327,1074.692230
4328,732.734054
4329,1729.113499
4330,1977.485981
4331,930.679370
4332,595.694553
4333,546.108550
4334,817.833469
4335,704.940932
4336,852.336708
4337,828.389560
4338,1267.769700
4339,722.219813
4340,1930.967893
4341,1217.242617
4342,901.627411
4343,1765.859602
4344,1839.440236
4345,782.348831
4346,743.185604
4347,1260.687106
4348,892.672560
4349,1821.352209
4350,851.477822
4351,622.281628
4352,609.182414
4353,584.426311
4354,734.155224
4355,1843.543665
4356,911.151402
4357,934.367133
4358,864.626560
4359,879.594339
4360,908.479836
4361,1105.564495
4362,893.845793
4363,721.483249
4364,1219.286381
4365,599.462726
4366,1172.518627
4367,684.649338
4368,618.642547
4369,1672.031750
4370,1659.826080
4371,806.226986
4372,1028.759078
4373,1081.491926
4374,835.804016
4375,674.411442
4376,1223.252576
4377,789.318793
4378,643.860981
4379,661.963676
4380,1095.155147
4381,893.645580
4382,932.183660
4383,3757.431925
4384,1156.005071
4385,665.282262
4386,949.017519
4387,747.723370
4388,1576.907750
4389,665.563834
4390,859.512333
4391,712.123474
4392,825.633306
4393,595.249299
4394,838.392050
4395,1696.043666
4396,1469.966320
4397,1042.981657
4398,1214.075632
4399,574.865322
4400,488.803578
4401,633.134190
4402,791.234375
4403,844.763744
4404,831.750593
4405,715.760875
4406,884.465562
4407,856.050939
4408,1128.451901
4409,791.446656
4410,1565.020167
4411,795.708136
4412,4336.015367
4413,827.336233
4414,2850.178144
4415,1109.060195
4416,872.608378
4417,1438.069677
4418,1050.643203
4419,720.476425
4420,809.161745
4421,602.177003
4422,665.799794
4423,959.398147
4424,634.754674
4425,826.513572
4426,2117.233929
4427,787.470779
4428,953.864951
4429,504.698513
4430,1300.201499
4431,543.009281
4432,771.043551
4433,2212.468774
4434,1363.886527
4435,1063.393356
4436,808.293293
4437,962.334348
4438,670.340205
4439,1735.437685
4440,1253.745978
4441,1752.644965
4442,1147.299309
4443,836.743888
4444,821.387484
4445,803.207394
4446,1062.497389
4447,1583.714592
4448,1356.077668
4449,788.310434
4450,1608.912309
4451,821.911737
4452,602.553879
4453,1315.626906
4454,3447.973032
4455,1145.393055
4456,844.210627
4457,2057.393213
4458,851.902408
4459,1208.561698
4460,803.860316
4461,1013.229011
4462,627.644929
4463,827.839246
4464,1122.256604
4465,1166.098928
4466,999.005735
4467,943.985189
4468,2641.095357
4469,1269.172852
4470,1048.486271
4471,853.654130
4472,2431.050532
4473,1232.682473
4474,653.817688
4475,1424.196001
4476,1570.850684
4477,1985.323878
4478,906.112759
4479,1193.024154
4480,932.085249
4481,715.536441
4482,1232.620307
4483,847.236229
4484,1764.597432
4485,1986.626932
4486,917.952621
4487,1157.223361
4488,1339.668513
4489,1592.225184
4490,1096.499688
4491,1111.466104
4492,3729.641371
4493,1740.127286
4494,743.947240
4495,947.139722
4496,948.611686
4497,1864.245499
4498,851.552215
4499,1027.224638
4500,1580.476906
4501,821.580073
4502,937.358198
4503,925.790317
4504,842.638964
4505,1377.477999
4506,1271.966062
4507,790.804326
4508,684.813678
4509,1081.130022
4510,1038.694035
4511,1350.496865
4512,773.844334
4513,1134.476233
4514,1247.822097
4515,821.627372
4516,912.176856
4517,559.554555
4518,1907.007022
4519,943.028897
4520,3422.527054
4521,781.879299
4522,2929.119250
4523,887.522051
4524,1715.234282
4525,861.123112
4526,778.918245
4527,936.475801
4528,1034.120694
4529,607.430468
4530,1345.808948
4531,2300.378413
4532,718.195299
4533,715.024952
4534,901.532602
4535,637.237944
4536,1329.868915
4537,1239.275891
4538,859.328145
4539,1180.876023
4540,1136.448412
4541,1049.498506
4542,825.326454
4543,2239.136908
4544,2214.763895
4545,1010.524067
4546,1283.927776
4547,926.338947
4548,1319.987292
4549,869.330137
4550,1645.771252
4551,1838.210856
4552,1282.562990
4553,3144.769421
4554,840.524758
4555,2945.641208
4556,835.863375
4557,908.847292
4558,1984.381188
4559,2823.803172
4560,1313.911523
4561,1162.141748
4562,1158.520065
4563,4777.389211
4564,2256.891200
4565,1213.938112
4566,1372.669788
4567,870.616644
4568,1296.801338
4569,1924.109579
4570,800.597851
4571,912.154118
4572,861.030278
4573,854.819076
4574,787.683985
4575,1646.743801
4576,996.696067
4577,1613.851307
4578,1772.695198
4579,1592.054925
4580,932.576748
4581,1459.106823
4582,1207.047675
4583,1278.192744
4584,1701.087950
4585,1002.067513
4586,1635.886327
4587,990.986826
4588,915.913476
4589,1291.181031
4590,1104.381597
4591,1037.535535
4592,1345.604400
4593,932.652878
4594,1515.618412
4595,1473.254912
4596,1779.831717
4597,2007.449125
4598,1152.462267
4599,1206.435946
4600,667.981268
4601,1063.972778
4602,885.808553
4603,1024.774069
4604,1065.707564
4605,1668.679574
4606,828.112537
4607,1190.425523
4608,1321.552449
4609,1381.793080
4610,8286.545610
4611,1119.973473
4612,1367.992226
4613,1141.921228
4614,945.874506
4615,797.307041
4616,935.835038
4617,1274.954267
4618,1104.091861
4619,1180.131647
4620,863.122591
4621,2119.483887
4622,3678.105688
4623,1669.741044
4624,1056.882598
4625,6882.439958
4626,1165.920454
4627,4758.832898
4628,1161.660482
4629,4553.794401
4630,2118.310844
4631,930.940932
4632,720.529400
4633,1682.483165
4634,1266.678158
4635,1128.338280
4636,375.753929
4637,2791.935783
4638,900.536684
4639,1001.935469
4640,1115.744344
4641,952.041437
4642,923.466809
4643,1780.549131
4644,449.481319
4645,890.985696
4646,788.761562
4647,1801.675859
4648,1748.883958
4649,1560.012033
4650,2272.241355
4651,969.715345
4652,1137.326124
4653,1660.198421
4654,1473.811425
4655,1136.432182
4656,1350.749600
4657,1549.483292
4658,2256.431600
4659,842.590062
4660,1337.576373
4661,1550.034922
4662,1554.945967
4663,963.392945
4664,2779.140230
4665,6975.274006
4666,1150.184920
4667,1202.647712
4668,2043.347295
4669,871.030715
4670,23990.198293
4671,1915.416679
4672,1478.501597
4673,1298.323952
4674,3165.520676
4675,880.847669
4676,922.451964
4677,1331.660377
4678,1548.742709
4679,1177.206726
4680,1183.690761
4681,2397.307037
4682,1572.021546
4683,6378.987478
4684,1049.586930
4685,2158.386213
4686,2421.616615
4687,1515.679661
4688,2030.472631
4689,1180.387748
4690,1293.107843
4691,985.246528
4692,1942.379055
4693,863.243228
4694,949.988155
4695,2309.194556
4696,1467.424125
4697,1776.747795
4698,1917.603376
4699,919.089215
4700,1169.326871
4701,1528.914237
4702,1373.714022
4703,946.066059
4704,1612.369713
4705,910.197211
4706,1831.309725
4707,2067.367633
4708,1369.461326
4709,838.601062
4710,1119.710497
4711,1920.886925
4712,1385.931682
4713,1954.180189
4714,1240.617174
4715,1497.444084
4716,3598.162533
4717,1275.347755
4718,779.368293
4719,1246.269535
4720,6886.572383
4721,1714.911187
4722,1705.280497
4723,3275.948822
4724,1228.371755
4725,980.782172
4726,914.862073
4727,1282.070351
4728,914.414573
4729,8345.231953
4730,1250.571815
4731,850.464408
4732,1572.705248
4733,1312.315575
4734,1297.043257
4735,834.281448
4736,1154.744367
4737,1635.517236
4738,1529.080729
4739,1319.869821
4740,877.203449
4741,3344.371225
4742,1222.457576
4743,1293.264440
4744,2766.436581
4745,4120.814459
4746,2067.227495
4747,1443.470479
4748,38400.621082
4749,2506.810124
4750,830.770848
4751,1116.114127
4752,981.225143
4753,3423.984334
4754,2105.664569
4755,2772.376508
4756,1408.887100
4757,1523.523354
4758,2398.997255
4759,1460.722422
4760,1251.730405
4761,1540.622890
4762,860.404352
4763,682.551942
4764,5029.960142
4765,2508.670678
4766,11836.897212
4767,2808.411378
4768,1585.410636
4769,810.254320
4770,634.039012
4771,25343.702282
4772,3496.298024
4773,1815.456316
4774,1507.584618
4775,4446.954447
4776,2782.967810
4777,1245.945449
4778,2996.277342
4779,1804.326334
4780,1084.898542
4781,827.950995
4782,1182.920277
4783,1620.155033
4784,1447.240062
4785,750.633120
4786,1907.438125
4787,914.814574
4788,2186.815718
4789,918.596052
4790,1418.986181
4791,2982.228677
4792,9346.319230
4793,1862.088306
4794,875.837814
4795,1486.967274
4796,1147.276817
4797,1999.786716
4798,1304.669919
4799,983.023234
4800,1834.140264
4801,855.674354
4802,1762.290643
4803,2357.030578
4804,835.956541
4805,909.362447
4806,1482.229458
4807,899.684546
4808,2310.368543
4809,1349.304546
4810,1305.066199
4811,1307.158079
4812,1431.124097
4813,1740.977653
4814,1263.010748
4815,767.489362
4816,3350.724406
4817,4962.160570
4818,1158.160134
4819,934.458508
4820,1368.646776
4821,903.230686
4822,864.172326
4823,1171.434172
4824,2742.744806
4825,3125.327119
4826,1782.103429
4827,1565.380552
4828,2511.592863
4829,3592.508371
4830,2102.227126
4831,921.101495
4832,1264.312282
4833,1411.522983
4834,995.265024
4835,1023.465310
4836,1601.633299
4837,1010.247368
4838,2884.874479
4839,986.036671
4840,903.045189
4841,1226.166521
4842,1455.809842
4843,1161.828553
4844,686.797220
4845,2118.595668
4846,1867.023241
4847,847.836492
4848,2572.951983
4849,2377.409461
4850,1265.748302
4851,2896.218495
4852,1432.663044
4853,827.590710
4854,1100.444958
4855,1234.343519
4856,950.007167
4857,1786.959895
4858,1437.835379
4859,1164.159251
4860,1245.813855
4861,1560.390418
4862,1460.476924
4863,1739.368484
4864,12855.605513
4865,610.925484
4866,3336.976345
4867,556.824953
4868,821.054297
4869,1728.186070
4870,1350.353662
4871,893.395213
4872,1248.301424
4873,967.530131
4874,1349.646544
4875,1908.403205
4876,806.363877
4877,858.255192
4878,1193.485172
4879,1484.632445
4880,701.668927
4881,852.298410
4882,1963.181284
4883,901.223246
4884,8590.692994
4885,1528.178804
4886,1013.174395
4887,854.428964
4888,1290.272387
4889,1601.776386
4890,1486.693546
4891,1372.502475
4892,921.663829
4893,3425.754890
4894,3205.522259
4895,1373.716442
4896,1502.500139
4897,829.605944
4898,1619.334218
4899,1175.089677
4900,1888.383310
4901,1933.828963
4902,1762.575524
4903,2224.018772
4904,958.923469
4905,1518.847315
4906,2169.668941
4907,935.609082
4908,1688.719006
4909,1351.322022
4910,2624.970084
4911,1060.594455
4912,1181.525015
4913,1241.688678
4914,1152.337910
4915,1199.954743
4916,1113.357674
4917,935.359383
4918,1516.341359
4919,1540.708391
4920,906.369465
4921,4027.089736
4922,1326.461523
4923,1246.296284
4924,1052.491742
4925,2116.933890
4926,888.051173
4927,1103.023180
4928,1825.050183
4929,1880.712654
4930,1137.517036
4931,2099.148909
4932,2573.686978
4933,1686.165330
4934,1634.001334
4935,1300.991231
4936,1926.740962
4937,3445.919540
4938,3982.964918
4939,1214.880037
4940,11000.601146
4941,1601.807607
4942,943.622032
4943,904.085324
4944,1582.030064
4945,1756.404585
4946,4913.344992
4947,1176.337543
4948,1399.217361
4949,1111.492839
4950,785.461812
4951,1508.796731
4952,874.481705
4953,1187.040308
4954,1102.437234
4955,1736.393281
4956,1197.763802
4957,2338.961156
4958,3692.295159
4959,2965.032775
4960,1177.029479
4961,1833.688121
4962,1203.239982
4963,1107.235528
4964,1265.634998
4965,1278.176883
4966,1641.528351
4967,1254.743362
4968,1542.140816
4969,1551.367605
4970,1335.905210
4971,1330.676525
4972,8200.664542
4973,1491.308920
4974,1634.045094
4975,1503.306594
4976,1778.095693
4977,1870.974946
4978,10213.491890
4979,1029.779689
4980,882.666030
4981,1010.298399
4982,844.736287
4983,3750.374064
4984,1826.831030
4985,1053.860944
4986,1261.891062
4987,1607.442794
4988,1144.365484
4989,1606.563989
4990,4404.598025
4991,3482.469472
4992,1089.913110
4993,1889.366898
4994,911.062348
4995,1309.362242
4996,1238.692296
4997,1538.123245
4998,1532.410326
4999,1253.882427
5000,2170.456439
5001,2552.812538
5002,103402.057726
5003,1086.564580
5004,3007.827014
5005,6169.128108
5006,1054.027407
5007,2312.240704
5008,1509.735145
5009,1972.246340
5010,1004.101250
5011,1173.176921
5012,2784.914975
5013,1840.941664
5014,3671.069426
5015,926.501242
5016,1147.830910
5017,1637.218430
5018,1834.143112
5019,1230.620832
5020,1706.781280
5021,1463.673936
5022,1052.451050
5023,1280.139015
5024,1468.432914
5025,1757.042614
5026,2274.593265
5027,1561.337369
5028,1726.792293
5029,1713.286194
5030,1596.856148
5031,1294.677450
5032,1875.879537
5033,1945.592420
5034,46571.806788
5035,1815.930992
5036,1061.181607
5037,1032.588703
5038,1049.056083
5039,5256.402627
5040,852.310299
5041,2660.130125
5042,1332.884573
5043,1156.815997
5044,1469.521113
5045,879.564644
5046,1602.446340
5047,987.148777
5048,1106.311706
5049,1880.873433
5050,890.291959
5051,1213.531225
5052,1301.639248
5053,2081.753521
5054,816.010365
5055,1118.895385
5056,2700.473768
5057,1991.617813
5058,8247.932558
5059,1504.622262
5060,1151.425844
5061,892.876754
5062,1118.750992
5063,2909.611281
5064,53103.097948
5065,1094.749987
5066,1161.130599
5067,1344.455760
5068,1376.266782
5069,941.791460
5070,957.642744
5071,1028.760406
5072,49976.958345
5073,1524.250882
5074,2582.738708
5075,1519.018503
5076,2769.175409
5077,1970.581154
5078,964.121283
5079,831.873685
5080,1338.350881
5081,1680.306673
5082,995.993879
5083,941.813775
5084,1467.406544
5085,1159.188609
5086,2645.596149
5087,806.613361
5088,1579.239739
5089,1195.537538
5090,2098.755083
5091,1563.199747
5092,1366.351012
5093,1528.870752
5094,856.449137
5095,3086.291033
5096,922.883541
5097,2990.443930
5098,918.500080
5099,912.919977
5100,1273.858888
5101,1837.975333
5102,1257.768922
5103,1449.729543
5104,1696.637851
5105,1110.016067
5106,926.608751
5107,993.361738
5108,950.244291
5109,875.822855
5110,1543.650910
5111,903.456719
5112,1123.997824
5113,2150.310747
5114,1507.492337
5115,1064.610453
5116,2247.552458
5117,2141.971407
5118,1132.180947
5119,2036.604812
5120,1197.270867
5121,1440.386665
5122,2049.836640
5123,741.137850
5124,1270.249216
5125,849.756378
5126,7153.303192
5127,813.218236
5128,2502.839522
5129,2246.981978
5130,876.959511
5131,1247.159588
5132,1234.800728
5133,1251.984822
5134,9251.261356
5135,1084.709507
5136,1699.111911
5137,1115.455139
5138,908.171088
5139,1882.075766
5140,1299.702738
5141,955.293117
5142,1676.334544
5143,1094.693064
5144,1691.546681
5145,1043.016469
5146,1631.012705
5147,1027.984890
5148,2008.153194
5149,3250.882996
5150,1193.030692
5151,1269.666236
5152,3505.367487
5153,1626.482090
5154,1032.415929
5155,1202.133001
5156,73591.786964
5157,5232.850812
5158,883.929450
5159,896.286735
5160,1040.040217
5161,933.705822
5162,1020.317582
5163,1132.213704
5164,910.373994
5165,2692.796897
5166,853.453187
5167,1473.219776
5168,1181.800276
5169,972.683551
5170,1001.990988
5171,824.528682
5172,1345.753730
5173,1136.414338
5174,1270.457840
5175,936.784416
5176,1632.392084
5177,1044.496074
5178,682.476560
5179,1096.453823
5180,1387.331672
5181,1254.775204
5182,3916.363181
5183,1107.513160
5184,2446.077214
5185,2801.852830
5186,2366.760558
5187,1677.689616
5188,1025.359549
5189,5165.078230
5190,1259.846383
5191,1100.875214
5192,1139.741655
5193,1422.488553
5194,1563.255188
5195,1108.019233
5196,981.576873
5197,1390.506834
5198,1369.100998
5199,1397.142660
5200,780.557934
5201,1187.015587
5202,819.130871
5203,2661.440674
5204,1366.529206
5205,2491.524018
5206,1221.355788
5207,1011.918725
5208,1153.363177
5209,2860.213341
5210,773.033214
5211,1697.725356
5212,1287.628363
5213,1387.028933
5214,1529.683224
5215,1183.711553
5216,937.726116
5217,1430.596142
5218,967.986772
5219,930.982327
5220,2452.105236
5221,2992.932526
5222,1695.577571
5223,2142.274164
5224,948.801883
5225,1077.194250
5226,1171.787657
5227,3033.702060
5228,1143.853994
5229,1459.635951
5230,1138.997647
5231,864.191463
5232,2345.243637
5233,1098.595517
5234,2130.873667
5235,802.994677
5236,1418.235922
5237,1072.791194
5238,1599.479253
5239,878.399069
5240,1943.321434
5241,1008.516392
5242,1751.103009
5243,1207.444100
5244,879.003449
5245,1425.700746
5246,882.337225
5247,1107.847704
5248,1373.516279
5249,2581.350067
5250,988.047174
5251,1103.889509
5252,1350.858588
5253,1122.014859
5254,1220.467358
5255,2148.028380
5256,955.115691
5257,1029.926531
5258,2907.329777
5259,1563.868201
5260,1771.383678
5261,1051.032801
5262,1032.135977
5263,1386.728126
5264,3133.428944
5265,2208.522350
5266,957.060410
5267,2226.629898
5268,1499.577068
5269,1540.041974
5270,1193.095911
5271,1155.128985
5272,1663.235161
5273,947.503032
5274,1575.745925
5275,1127.604815
5276,1238.178715
5277,1880.108452
5278,864.457802
5279,2745.979291
5280,1912.327738
5281,2165.588873
5282,1234.200366
5283,1151.881604
5284,1186.576627
5285,1021.343818
5286,1292.514769
5287,1743.540270
5288,1144.536396
5289,975.490031
5290,1491.781350
5291,1231.643983
5292,698.200251
5293,1137.911893
5294,1837.323087
5295,883.404317
5296,1289.626485
5297,3000.005032
5298,873.191217
5299,1735.816289
5300,2909.355986
5301,909.280974
5302,1351.067088
5303,986.652339
5304,936.637728
5305,2579.011521
5306,1441.351661
5307,1545.354492
5308,957.677953
5309,2557.781209
5310,1117.652215
5311,2228.058108
5312,1845.173197
5313,1446.420661
5314,906.518196
5315,794.127912
5316,1108.686045
5317,978.806286
5318,1489.492904
5319,1615.616792
5320,883.949872
5321,1129.652230
5322,1144.399875
5323,1946.300281
5324,1853.707584
5325,2172.630517
5326,3012.303635
5327,1925.301387
5328,1038.391606
5329,1177.041216
5330,848.361057
5331,1590.068103
5332,1146.725232
5333,1712.607922
5334,1040.612466
5335,6973.003702
5336,969.411922
5337,1615.042879
5338,1064.916749
5339,1456.146080
5340,1562.149125
5341,1266.439833
5342,933.207687
5343,1238.365915
5344,1552.710009
5345,1427.579876
5346,1244.373868
5347,1787.144659
5348,2097.382900
5349,1507.608151
5350,1829.113406
5351,968.149811
5352,1059.677563
5353,1197.212756
5354,4375.992215
5355,1123.105706
5356,1297.330624
5357,1439.153744
5358,924.075903
5359,4861.985834
5360,1098.350735
5361,1127.056272
5362,1123.699171
5363,1052.658367
5364,900.619315
5365,1554.699328
5366,1009.015080
5367,1886.050950
5368,2038.671686
5369,1095.969013
5370,1614.284087
5371,902.605131
5372,1145.823821
5373,1646.133518
5374,1164.570598
5375,2118.491411
5376,1402.693276
5377,1739.624917
5378,1467.523571
5379,1563.838990
5380,1968.892062
5381,1287.440439
5382,1755.952948
5383,1458.196308
5384,976.628889
5385,1113.242540
5386,1307.002748
5387,5881.832769
5388,1283.787611
5389,1902.201364
5390,1273.557851
5391,1209.256025
5392,1010.843840
5393,1747.503958
5394,1462.182398
5395,1657.573997
5396,2553.254952
5397,1641.159204
5398,1609.337191
5399,5520.695426
5400,1520.953631
5401,2708.112227
5402,6088.568928
5403,1089.469085
5404,1629.181605
5405,1565.515608
5406,13276.888963
5407,4552.648061
5408,1941.283094
5409,1068.209915
5410,1610.123114
5411,2967.765224
5412,1430.392236
5413,835.723991
5414,1384.438799
5415,1901.428665
5416,3144.069439
5417,9281.119985
5418,1099.253406
5419,3469.398730
5420,1488.811826
5421,1487.362868
5422,1258.597864
5423,971.408835
5424,1038.719763
5425,7390.618822
5426,1835.811285
5427,1109.408931
5428,960.103430
5429,2818.747057
5430,1382.002430
5431,5581.357515
5432,2299.679947
5433,3710.340158
5434,1182.435364
5435,2951.562488
5436,2218.730140
5437,1240.436369
5438,950.501200
5439,9772.492503
5440,1087.870709
5441,1235.670377
5442,1546.759605
5443,1619.612332
5444,1636.264408
5445,1674.719819
5446,1631.723218
5447,1153.782931
5448,1529.541542
5449,996.150397
5450,1819.941103
5451,1675.209840
5452,1633.708749
5453,963.791120
5454,2560.498943
5455,1204.556772
5456,1828.502513
5457,1052.816951
5458,916.979317
5459,2836.620722
5460,1671.551890
5461,2396.570933
5462,1866.958566
5463,896.372513
5464,1095.628434
5465,8211.791392
5466,1323.194590
5467,1382.241015
5468,1892.024156
5469,1308.277872
5470,3195.669040
5471,5274.861556
5472,1363.382421
5473,5426.945894
5474,1609.521039
5475,1149.891184
5476,1084.599493
5477,1789.284463
5478,2374.802325
5479,1646.504557
5480,1538.332111
5481,1368.038348
5482,4491.149283
5483,823.090408
5484,1572.629066
5485,4443.792451
5486,1555.048369
5487,1338.679137
5488,1435.790063
5489,1784.260541
5490,1265.660082
5491,2420.432321
5492,1745.909142
5493,3868.595484
5494,1365.088185
5495,988.993083
5496,1353.110372
5497,2033.961139
5498,992.319883
5499,1012.922122
5500,1066.123841
5501,1249.072901
5502,1317.403715
5503,2034.200198
5504,4474.278030
5505,992.100883
5506,1585.106444
5507,1571.970924
5508,4592.222811
5509,4451.230937
5510,2596.751114
5511,1291.738135
5512,1537.076840
5513,966.856956
5514,2769.427649
5515,1484.422789
5516,1007.218014
5517,2726.013560
5518,1947.157252
5519,1059.018832
5520,2665.126187
5521,2199.616673
5522,1019.373291
5523,2261.941503
5524,2163.011224
5525,1608.258896
5526,4928.744144
5527,1842.304648
5528,2760.933485
5529,9445.802747
5530,1150.532599
5531,1578.913799
5532,1244.585218
5533,1305.554203
5534,3417.813546
5535,2511.133021
5536,1356.445822
5537,1827.840841
5538,1953.247134
5539,1624.053236
5540,987.332494
5541,1153.751424
5542,2776.638665
5543,3423.993743
5544,1958.861491
5545,1670.432161
5546,1208.835074
5547,6741.789715
5548,2273.103698
5549,1234.764439
5550,944.493614
5551,1295.080907
5552,8727.128197
5553,1765.556674
5554,1686.676873
5555,1423.635668
5556,1993.377355
5557,2849.277367
5558,1926.911053
5559,2444.246992
5560,57935.575303
5561,2551.865795
5562,1984.845068
5563,1786.004928
5564,2301.037258
5565,33364.119080
5566,3173.531368
5567,2008.460036
5568,10745.734466
5569,2530.924522
5570,1463.240161
5571,15903.936035
5572,43005.733924
5573,1225.929368
5574,1304.141347
5575,886.298996
5576,5697.820870
5577,2042.992441
5578,4046.851061
5579,1892.452095
5580,2667.979060
5581,1507.245367
5582,1514.686977
5583,1791.976409
5584,1245.110384
5585,9695.545695
5586,1014.308840
5587,1441.436860
5588,1544.659900
5589,1863.253621
5590,1538.176889
5591,16295.962390
5592,1981.219274
5593,3065.769140
5594,4776.867115
5595,1457.572566
5596,1414.661217
5597,2114.009960
5598,1885.803027
5599,1576.756813
5600,1159.430389
5601,10755.888776
5602,13535.773721
5603,1092.461075
5604,3106.521147
5605,2489.224708
5606,1692.174897
5607,1752.168330
5608,1886.876482
5609,12738.652975
5610,2226.608290
5611,7143.361031
5612,2779.375259
5613,2642.924568
5614,11698.865580
5615,10080.681965
5616,2915.992169
5617,1590.122271
5618,1741.263278
5619,1327.323255
5620,1290.320692
5621,5319.591165
5622,1777.110671
5623,4356.192499
5624,8555.201462
5625,1342.358031
5626,1473.763220
5627,1398.486659
5628,2373.733531
5629,3388.172321
5630,2148.074022
5631,1303.671423
5632,1319.580082
5633,1362.912859
5634,1610.821135
5635,5246.930208
5636,3003.926242
5637,5945.253525
5638,2009.336237
5639,2210.935839
5640,1992.879904
5641,20349.701704
5642,8422.872297
5643,14051.138797
5644,5539.131091
5645,2422.476717
5646,3044.791405
5647,1320.370080
5648,2339.179329
5649,1681.980406
5650,1440.951969
5651,1394.703571
5652,2019.092954
5653,2459.187112
5654,2058.280808
5655,2995.433680
5656,1231.513509
5657,4050.372553
5658,18650.231457
5659,2037.502238
5660,1274.881126
5661,3942.842601
5662,10178.690493
5663,4325.978927
5664,3682.027031
5665,1193.027754
5666,1440.992675
5667,2554.751467
5668,1538.034714
5669,6191.207509
5670,2115.619819
5671,6717.687430
5672,2736.949643
5673,3914.732818
5674,1227.429397
5675,1341.961387
5676,8373.790529
5677,3982.455373
5678,3329.000716
5679,1340.609464
5680,7548.967756
5681,7915.922759
5682,1629.114813
5683,2280.673011
5684,1225.726188
5685,1491.309358
5686,4653.715440
5687,1471.954850
5688,1188.323221
5689,6690.004813
5690,1268.400923
5691,1621.750496
5692,88866.606343
5693,1207.698028
5694,4238.354986
5695,13527.487948
5696,8667.997506
5697,6517.902887
5698,23034.369808
5699,1442.604132
5700,1295.468957
5701,8330.405063
5702,1683.929840
5703,2429.317640
5704,2200.921352
5705,1761.320418
5706,1179.868216
5707,16343.719163
5708,23183.523039
5709,2611.034015
5710,6090.735165
5711,1844.936978
5712,22989.317677
5713,1709.563157
5714,16508.546368
5715,3685.604029
5716,4158.695155
5717,1364.821775
5718,2306.534076
5719,1920.024352
5720,2035.063611
5721,7785.505975
5722,4490.654493
5723,5210.012129
5724,1345.133952
5725,1318.204186
5726,1782.744113
5727,2902.582792
5728,1513.501382
5729,3448.551121
5730,2524.806091
5731,2064.851787
5732,35860.027279
5733,874.311872
5734,21455.523874
5735,3146.174292
5736,12920.406169
5737,6503.243126
5738,1469.861532
5739,1732.057223
5740,1348.432732
5741,58622.446311
5742,1555.078117
5743,6608.285312
5744,1371.550694
5745,3879.815832
5746,12763.530480
5747,2509.813142
5748,2995.762869
5749,2389.545304
5750,4273.810290
5751,1299.021722
5752,2427.544897
5753,876.815845
5754,1099.878643
5755,1346.414098
5756,2078.441211
5757,1169.205759
5758,2071.287641
5759,1236.122641
5760,1368.474199
5761,1062.648776
5762,1701.176747
5763,1593.125660
5764,1253.653696
5765,2211.464911
5766,8127.832871
5767,5379.260754
5768,1350.075918
5769,1366.494238
5770,1805.642318
5771,2597.895071
5772,3935.945050
5773,5532.953629
5774,1651.169507
5775,1483.015569
5776,5129.235508
5777,1443.464333
5778,3245.695478
5779,14610.540574
5780,1826.192427
5781,1242.562903
5782,5132.959972
5783,7507.879990
5784,4169.231597
5785,3915.330385
5786,1501.979280
5787,4510.784905
5788,1851.375236
5789,996.688254
5790,1565.982415
5791,1510.568613
5792,2728.750278
5793,1412.283412
5794,2876.642864
5795,7506.010637
5796,1650.697512
5797,1915.384581
5798,1345.626522
5799,10828.832504
5800,1703.144677
5801,2295.953955
5802,3367.843601
5803,934.638115
5804,5104.919610
5805,18670.123168
5806,6321.355002
5807,1896.300877
5808,1578.169558
5809,1636.550629
5810,3349.979704
5811,1282.317514
5812,4258.680615
5813,20108.954961
5814,1642.993468
5815,4588.170136
5816,1183.837815
5817,996.336069
5818,3242.280914
5819,1228.737551
5820,1141.770772
5821,3421.549924
5822,1423.326641
5823,1821.583351
5824,1116.989971
5825,2179.518250
5826,1248.318611
5827,1717.151774
5828,1377.422278
5829,3944.040457
5830,1446.611166
5831,12948.097486
5832,979.213900
5833,1191.584622
5834,1133.097246
5835,8423.934193
5836,930.934248
5837,3725.624534
5838,2139.357852
5839,1253.981062
5840,1192.095624
5841,1924.327419
5842,1404.890072
5843,6220.087946
5844,9375.202612
5845,4098.636283
5846,5442.687528
5847,2203.105539
5848,2569.809065
5849,1494.370529
5850,953.459404
5851,1212.562811
5852,5182.043706
5853,1162.892446
5854,1406.043554
5855,1243.440042
5856,6872.495532
5857,1550.273545
5858,1498.433679
5859,2122.327014
5860,1902.069119
5861,1213.776920
5862,1158.358837
5863,1218.463917
5864,3201.188788
5865,29178.422058
5866,9183.249449
5867,1411.353459
5868,1263.715027
5869,2003.663373
5870,2241.710433
5871,1892.498305
5872,1789.351883
5873,1174.963791
5874,941.778609
5875,2178.097353
5876,1227.493355
5877,2334.056016
5878,1845.780110
5879,2489.317406
5880,979.088797
5881,4208.787678
5882,1858.586711
5883,1936.725027
5884,1299.327931
5885,1186.690424
5886,53801.622141
5887,1419.364310
5888,954.869337
5889,4066.148238
5890,1392.583937
5891,862.865563
5892,6909.263710
5893,3466.268619
5894,6391.190397
5895,30296.040288
5896,1237.572832
5897,1464.278889
5898,1643.329207
5899,4844.644520
5900,2065.222752
5901,5171.064002
5902,1851.890729
5903,1181.084052
5904,10005.452211
5905,1798.493055
5906,1955.573867
5907,2433.356512
5908,1767.760094
5909,3066.043515
5910,1615.613740
5911,1713.411942
5912,950.179835
5913,2581.025016
5914,23785.508941
5915,7848.407538
5916,1514.645702
5917,15592.421962
5918,1155.981981
5919,5635.854733
5920,1331.170522
5921,22128.384508
5922,924.588170
5923,1354.128144
5924,9834.984955
5925,1268.985161
5926,2593.793371
5927,11340.422889
5928,1252.888203
5929,8987.914984
5930,2038.571685
5931,3780.758789
5932,3396.818956
5933,1532.511806
5934,900.894072
5935,1007.636422
5936,1765.682184
5937,2110.408312
5938,3406.833008
5939,4059.814993
5940,4385.818956
5941,10728.952797
5942,5711.472204
5943,8271.467342
5944,2226.877471
5945,1625.888761
5946,950.136122
5947,1640.062328
5948,3080.131837
5949,1188.314467
5950,639.012906
5951,5293.625476
5952,2235.196071
5953,1724.163569
5954,1415.459217
5955,1363.597002
5956,21346.523474
5957,7524.259859
5958,2810.490262
5959,2351.298486
5960,17093.488422
5961,15264.380797
5962,1773.563295
5963,5846.070870
5964,4267.880715
5965,2918.984246
5966,1755.081151
5967,2706.792024
5968,1875.675296
5969,2842.843402
5970,15959.040989
5971,1928.555805
5972,6607.720547
5973,1800.570161
5974,1581.984360
5975,10953.127417
5976,1455.716250
5977,1471.764445
5978,35524.277180
5979,7038.505029
5980,6718.819104
5981,918.800328
5982,3634.755850
5983,846.889207
5984,2253.393606
5985,4110.551618
5986,6673.271029
5987,1290.429363
5988,3255.375673
5989,1161.697676
5990,6976.728950
5991,1229.592641
5992,1184.682615
5993,9009.548000
5994,869.195173
5995,2699.965119
5996,2227.206627
5997,5820.980738
5998,14151.366007
5999,2596.684667
6000,864.488873
6001,2545.473114
6002,5629.205089
6003,1688.684339
6004,1214.817220
6005,2317.509010
6006,24790.027107
6007,4159.850005
6008,6917.095812
6009,1757.445512
6010,1734.651517
6011,1209.077281
6012,1817.083305
6013,2046.716713
6014,1339.167914
6015,1544.983279
6016,10968.025389
6017,4334.246939
6018,1937.789901
6019,798.567622
6020,5648.447267
6021,17910.052163
6022,21167.888302
6023,4614.050167
6024,964.850788
6025,852.357841
6026,2059.560874
6027,1655.997448
6028,3353.522294
6029,1733.211237
6030,1452.443040
6031,2939.490162
6032,6295.611604
6033,1821.253866
6034,880.041782
6035,1277.942307
6036,903.465339
6037,1544.290738
6038,3063.468498
6039,1314.781444
6040,1932.309353
6041,1280.590795
6042,5964.618548
6043,2230.864493
6044,1231.375937
6045,16896.166482
6046,55575.614636
6047,1287.524602
6048,3075.447444
6049,2340.970754
6050,2050.747737
6051,1631.005924
6052,1199.722285
6053,3492.665128
6054,9604.337427
6055,9121.289544
6056,2177.566747
6057,2424.665189
6058,2143.150701
6059,1212.197009
6060,2955.404873
6061,4516.541290
6062,1695.378890
6063,1306.369215
6064,1357.837424
6065,1016.076563
6066,2362.024546
6067,1912.611599
6068,38995.166438
6069,5545.214333
6070,1902.804440
6071,1070.026526
6072,5160.272599
6073,1201.755126
6074,1616.934782
6075,1345.925903
6076,2674.960293
6077,1349.760399
6078,4396.007233
6079,1759.440170
6080,2236.946895
6081,1182.242104
6082,50595.384228
6083,6090.013276
6084,23222.275995
6085,1784.251609
6086,2431.698741
6087,1471.072470
6088,3328.931907
6089,1867.591968
6090,1305.155796
6091,7080.954291
6092,1437.161993
6093,1787.380408
6094,11966.179757
6095,2372.651179
6096,1084.750220
6097,852.993512
6098,15132.292859
6099,1846.870477
6100,48795.312466
6101,2043.442380
6102,1415.382776
6103,1460.509836
6104,27321.627778
6105,2378.951029
6106,1405.424253
6107,2788.619562
6108,7177.276929
6109,2409.295164
6110,1033.710437
6111,1722.299534
6112,2404.002548
6113,1721.715039
6114,1332.156063
6115,2333.821090
6116,1841.134745
6117,3616.365657
6118,2365.661641
6119,3358.619153
6120,1836.238205
6121,2709.574395
6122,13375.375443
6123,1207.379669
6124,1556.370900
6125,2333.427941
6126,1868.501345
6127,2242.455460
6128,1416.679790
6129,970.559001
6130,5891.963602
6131,3209.765921
6132,2021.224022
6133,2055.984509
6134,1470.662624
6135,1895.154629
6136,114289.215157
6137,1802.456076
6138,2147.476557
6139,4239.206288
6140,7904.658743
6141,1519.917205
6142,1784.570337
6143,2192.847199
6144,7183.007458
6145,2750.056496
6146,1032.062121
6147,4663.229071
6148,6613.397749
6149,21052.368526
6150,15090.023288
6151,1429.955839
6152,1908.991548
6153,4311.405043
6154,72367.380563
6155,12011.533489
6156,1392.924374
6157,1828.392931
6158,2882.847198
6159,6171.863040
6160,4585.961961
6161,2635.827085
6162,1105.269482
6163,1417.859986
6164,3136.661192
6165,9716.048417
6166,33039.944465
6167,41872.708756
6168,1640.526053
6169,5991.361428
6170,17781.475581
6171,1235.249664
6172,2411.162478
6173,2067.861569
6174,2563.389002
6175,1452.033192
6176,66992.812745
6177,17227.147614
6178,1342.599756
6179,3000.290118
6180,3226.698384
6181,9168.703566
6182,2082.677643
6183,2210.280044
6184,1135.819972
6185,7551.018539
6186,5359.013250
6187,1961.892795
6188,1159.901966
6189,4703.156334
6190,2640.491347
6191,3797.745414
6192,1392.516426
6193,1074.188723
6194,14859.796015
6195,72534.583181
6196,1424.602624
6197,2785.978942
6198,1588.318173
6199,1973.318833
6200,1482.723230
6201,2834.109079
6202,1412.863522
6203,1093.651691
6204,8788.160680
6205,1262.589950
6206,5801.074459
6207,1659.375151
6208,13043.805839
6209,1250.987299
6210,1941.960038
6211,1763.770232
6212,1216.078205
6213,22793.058345
6214,876.531907
6215,912.419804
6216,1745.751304
6217,30609.515799
6218,1603.682597
6219,2828.442133
6220,1777.285527
6221,962.737627
6222,1024.449192
6223,2085.721880
6224,3252.803091
6225,1098.093567
6226,2498.147493
6227,1567.516982
6228,1883.004900
6229,7842.936914
6230,1914.401967
6231,1803.405656
6232,2199.852569
6233,1225.872634
6234,10199.714889
6235,5616.551603
6236,4423.192404
6237,1875.440588
6238,25797.368017
6239,1428.423820
6240,2182.748765
6241,1181.746666
6242,1226.798861
6243,2057.773757
6244,2620.666670
6245,3792.307051
6246,2468.589793
6247,1338.467128
6248,1135.613254
6249,16605.610467
6250,1133.449970
6251,1777.450137
6252,2379.629965
6253,1915.092442
6254,1179.566383
6255,2088.134579
6256,1554.741823
6257,968.573601
6258,1289.852899
6259,1503.346015
6260,914.080165
6261,34241.470648
6262,1404.172348
6263,11444.192319
6264,2190.696148
6265,1986.867203
6266,2111.969628
6267,3739.727016
6268,1903.527064
6269,1702.147800
6270,3342.184939
6271,1221.394024
6272,4326.631607
6273,1221.734766
6274,41907.428629
6275,1325.582380
6276,1454.712787
6277,3245.024025
6278,23495.887036
6279,1601.679154
6280,1706.995638
6281,4297.688968
6282,1946.586627
6283,1461.816042
6284,14913.419990
6285,4162.390848
6286,936.061434
6287,1146.795382
6288,6143.403986
6289,1219.192374
6290,1298.333805
6291,7361.581398
6292,6645.805435
6293,1016.163000
6294,980.018934
6295,2118.407054
6296,1821.908240
6297,1400.268435
6298,19047.190046
6299,1233.386913
6300,4788.191647
6301,1241.180923
6302,1364.804491
6303,3347.613832
6304,4786.362515
6305,1208.297963
6306,13433.294012
6307,1067.509470
6308,1222.980092
6309,2483.057012
6310,1803.794282
6311,11550.329632
6312,1020.457734
6313,1540.024528
6314,1707.338232
6315,5970.404189
6316,1995.891083
6317,919.640940
6318,1109.136238
6319,1425.648877
6320,1661.742159
6321,1033.723186
6322,1429.988682
6323,1627.559500
6324,915.182297
6325,2287.149932
6326,2402.259920
6327,1720.109002
6328,22086.920978
6329,3416.556958
6330,1328.326189
6331,1425.687290
6332,2211.991374
6333,2378.893208
6334,2113.516501
6335,8741.545312
6336,1151.891280
6337,1927.775072
6338,1878.773981
6339,1930.093961
6340,22591.430692
6341,1428.327530
6342,2275.990082
6343,15104.278302
6344,5708.507753
6345,1947.384182
6346,40602.000126
6347,1302.960474
6348,32617.365258
6349,13064.024787
6350,1041.182754
6351,3066.055918
6352,1231.264743
6353,2072.972935
6354,1589.909291
6355,1185.542830
6356,22924.997882
6357,1707.188808
6358,1899.398214
6359,1204.614190
6360,1006.616619
6361,2110.616079
6362,1458.177830
6363,3729.756995
6364,1139.304894
6365,1210.474180
6366,2218.032588
6367,2029.762185
6368,3146.382455
6369,1093.871802
6370,1437.559416
6371,4103.683145
6372,1171.707984
6373,1202.739321
6374,3632.877880
6375,1598.958844
6376,1914.230296
6377,2795.607460
6378,3870.357769
6379,1423.255234
6380,2252.617964
6381,4829.229666
6382,1448.591640
6383,1171.757663
6384,11900.987061
6385,14821.033303
6386,1876.207267
6387,12601.599636
6388,3586.691082
6389,6055.117025
6390,216486.529751
6391,1635.017201
6392,2043.990349
6393,470.756412
6394,130487.700463
6395,251155.406346
6396,1543.514623
6397,1150.624045
6398,438.683295
6399,1697.016554
6400,332.748135
6401,4051.033573
6402,2299.919680
6403,1869.516264
6404,28379.106929
6405,4187.073661
6406,2523.689576
6407,2219.426579
6408,16703.602720
6409,1790.311917
6410,2549.716967
6411,1979.745080
6412,1359.766745
6413,1516.378134
6414,4815.807544
6415,1334.264083
6416,1700.951280
6417,338.516843
6418,3824.712728
6419,3686.604368
6420,473.473952
6421,23304.308266
6422,515.155500
6423,1514.107821
6424,4050.662978
6425,1331.402198
6426,37264.677925
6427,2243.503965
6428,4427.981622
6429,1106.168656
6430,877.183912
6431,1244.800654
6432,1771.396204
6433,350.433615
6434,1815.986768
6435,57089.374477
6436,3758.325411
6437,13035.862991
6438,9586.654930
6439,6190.251081
6440,4744.724339
6441,538.932633
6442,3353.736952
6443,1909.395440
6444,24728.919909
6445,1400.078996
6446,1864.293166
6447,1865.508955
6448,435.252386
6449,1261.129063
6450,3144.615079
6451,1396.147893
6452,2476.413576
6453,1205.043156
6454,1697.411993
6455,1240.121406
6456,12620.619109
6457,410.143367
6458,1700.928706
6459,4644.394038
6460,3326.271865
6461,1272.067504
6462,1209.897276
6463,1743.594014
6464,13935.370765
6465,2149.298007
6466,1632.390054
6467,4800.122599
6468,2651.660822
6469,1252.503524
6470,2103.121993
6471,6260.627090
6472,503.587184
6473,122799.887644
6474,2254.006437
6475,1739.300075
6476,1284.584066
6477,1775.375493
6478,1140.691204
6479,6021.750305
6480,2391.739836
6481,2170.587339
6482,1845.922121
6483,2277.865285
6484,1956.999450
6485,3889.292544
6486,6003.629512
6487,1655.448211
6488,2813.258473
6489,1913.939625
6490,366.476643
6491,3483.022327
6492,3585.097625
6493,2413.169863
6494,1161.389127
6495,1829.926470
6496,3346.860346
6497,1731.308714
6498,1621.106551
6499,30007.038699
6500,2629.612983
6501,2214.047232
6502,2509.630418
6503,1264.380661
6504,855.201458
6505,2077.254734
6506,6268.206794
6507,1594.003224
6508,1019.109440
6509,935.758687
6510,1822.983039
6511,1155.051420
6512,2035.639674
6513,18113.574991
6514,5217.781171
6515,2681.889490
6516,8302.542843
6517,525.297306
6518,1728.893730
6519,432.063540
6520,2105.469264
6521,2775.195660
6522,19893.131065
6523,1219.407834
6524,507.518385
6525,1689.019915
6526,3359.691143
6527,1395.591701
6528,4163.952603
6529,23641.506414
6530,2528.296814
6531,3199.639942
6532,2974.292766
6533,2093.025702
6534,1382.239757
6535,5807.271821
6536,4264.637806
6537,415.158267
6538,3679.496522
6539,1179.472639
6540,1650.737654
6541,7310.990031
6542,24985.954420
6543,1036.302668
6544,3653.817939
6545,335.772015
6546,4621.027861
6547,1806.775843
6548,1328.261509
6549,511.093921
6550,14595.428982
6551,2625.478424
6552,7648.087796
6553,1390.221033
6554,3173.992622
6555,5331.216430
6556,1856.094047
6557,1774.859272
6558,1740.588290
6559,954.586701
6560,3397.647021
6561,1432.348664
6562,3810.670714
6563,3621.935909
6564,6555.982365
6565,2129.297675
6566,6950.927239
6567,2956.586702
6568,1204.147088
6569,2203.522790
6570,20683.910474
6571,3521.351467
6572,1747.496545
6573,6640.129887
6574,1502.331453
6575,1421.815813
6576,1415.005801
6577,4445.786049
6578,2995.230166
6579,2160.011554
6580,1914.276141
6581,18497.137063
6582,26956.582935
6583,6338.994637
6584,2122.635580
6585,5045.728775
6586,1488.832306
6587,17029.175447
6588,779.880327
6589,4005.463251
6590,6181.411867
6591,1461.772699
6592,19345.096487
6593,6187.280492
6594,1278.899177
6595,1009.526059
6596,3964.765881
6597,33191.124251
6598,835.164285
6599,10484.458095
6600,1563.972068
6601,31660.279383
6602,2648.941785
6603,1324.012769
6604,1991.249012
6605,12612.468269
6606,2823.607508
6607,2059.469123
6608,1977.579892
6609,6808.859709
6610,3032.670959
6611,5956.921988
6612,15522.202520
6613,1181.131475
6614,1847.697186
6615,2422.519089
6616,4077.782911
6617,1664.386747
6618,1186.653932
6619,8613.138225
6620,11765.733445
6621,411.280407
6622,1215.404722
6623,8118.772879
6624,5614.345371
6625,1272.461550
6626,2170.273515
6627,13720.975108
6628,1357.507292
6629,4469.959513
6630,1215.322411
6631,3231.690118
6632,837.623022
6633,1397.081647
6634,44388.126693
6635,25424.780099
6636,1092.570453
6637,2648.619867
6638,2220.139202
6639,6600.972493
6640,1553.772460
6641,5610.074421
6642,915.930302
6643,7483.566554
6644,1808.151045
6645,945.118861
6646,1697.474600
6647,1406.068276
6648,922.974456
6649,397.591966
6650,2124.537172
6651,474.203052
6652,974.500903
6653,3323.672127
6654,1365.507568
6655,3734.722966
6656,1186.756061
6657,3475.792318
6658,1257.657299
6659,99755.761194
6660,5049.669925
6661,549.195188
6662,1074.705190
6663,1275.985971
6664,1302.296770
6665,118990.323474
6666,2261.992841
6667,5433.708839
6668,1533.072912
6669,1291.030389
6670,3903.725338
6671,1232.614602
6672,521.984115
6673,1219.140184
6674,2188.281271
6675,29553.376713
6676,1300.993232
6677,1101.648055
6678,13066.096959
6679,3970.020260
6680,10866.498617
6681,9681.888509
6682,3117.116883
6683,1157.521103
6684,1084.632357
6685,3307.315131
6686,2292.552416
6687,2331.943018
6688,1963.321666
6689,938.228997
6690,3611.846643
6691,4097.706116
6692,2575.299093
6693,6749.187562
6694,1352.922087
6695,758.644381
6696,692.359188
6697,2520.159162
6698,774.190709
6699,1204.456471
6700,16718.715648
6701,2221.660972
6702,1356.200244
6703,5143.371837
6704,925.818452
6705,1280.693085
6706,7000.704089
6707,970.206836
6708,1879.940731
6709,2466.901257
6710,3721.838398
6711,4088.566134
6712,889.726588
6713,3806.047215
6714,2244.287197
6715,3428.748568
6716,1996.456353
6717,21254.584164
6718,945.611123
6719,942.013421
6720,1212.774972
6721,10728.694879
6722,1432.739438
6723,944.090179
6724,11708.614102
6725,1414.667045
6726,3608.159545
6727,778.283998
6728,8960.727211
6729,7361.867791
6730,1961.495957
6731,1588.390264
6732,10644.585314
6733,1149.944551
6734,1474.379124
6735,2000.593651
6736,1823.513121
6737,7720.410725
6738,1739.083722
6739,4221.911912
6740,2196.974321
6741,3162.602811
6742,2592.938563
6743,791.934964
6744,8022.811123
6745,1617.293963
6746,3458.671013
6747,2571.185095
6748,14322.378598
6749,1344.913253
6750,1910.967353
6751,2909.895716
6752,1243.208201
6753,3683.419764
6754,1871.670490
6755,5057.246598
6756,1872.420152
6757,5048.077551
6758,8301.226937
6759,953.182393
6760,1715.431361
6761,4995.142390
6762,917.161289
6763,2388.101551
6764,3815.934829
6765,1699.702117
6766,1054.100855
6767,1961.650643
6768,2714.344059
6769,1838.808443
6770,1058.630232
6771,1344.416767
6772,1280.430975
6773,2547.330539
6774,2038.759457
6775,5820.972401
6776,1860.776661
6777,2751.258951
6778,837.827972
6779,18341.707445
6780,2189.476925
6781,1628.708242
6782,2215.482263
6783,2416.827985
6784,2833.889727
6785,5427.106069
6786,8431.336403
6787,2279.173173
6788,1456.759693
6789,1140.891688
6790,1636.309282
6791,2690.739639
6792,1839.982619
6793,11168.705404
6794,875.343557
6795,950.345608
6796,3725.696351
6797,38150.507135
6798,5510.541107
6799,1014.216142
6800,649.034979
6801,2830.143254
6802,1772.669478
6803,2399.234393
6804,10962.808784
6805,1495.821773
6806,1133.124318
6807,786.462329
6808,1410.971171
6809,16624.864761
6810,909.795218
6811,11651.093920
6812,1389.977997
6813,1163.378422
6814,1533.374468
6815,1031.852630
6816,4572.535819
6817,4296.173976
6818,1211.635932
6819,1540.922762
6820,2549.140766
6821,7014.522819
6822,29465.059159
6823,1637.826116
6824,841.393031
6825,798.780834
6826,2575.081939
6827,1836.703389
6828,3426.506980
6829,1801.176621
6830,1238.612455
6831,2339.210189
6832,219898.037390
6833,7737.449017
6834,928.615606
6835,1250.864955
6836,1007.567790
6837,38873.986612
6838,3990.629958
6839,1483.645175
6840,2070.696251
6841,853.001560
6842,1061.186048
6843,1824.496647
6844,21844.442687
6845,886.999420
6846,13785.221309
6847,1522.237471
6848,1168.501276
6849,5094.395559
6850,1004.110043
6851,2001.692279
6852,1058.944361
6853,1092.368777
6854,3069.956199
6855,2094.809900
6856,934.094070
6857,4077.054158
6858,1295.603382
6859,7357.394338
6860,1414.619867
6861,1400.149370
6862,4341.850006
6863,4070.906897
6864,5704.555519
6865,703.184578
6866,23546.570227
6867,965.210267
6868,35849.812602
6869,2496.923182
6870,8555.182533
6871,2196.272069
6872,821.538419
6873,1835.198182
6874,1205.360913
6875,7742.747385
6876,901.984390
6877,1449.345487
6878,882.933461
6879,2391.072355
6880,1517.108588
6881,3179.464059
6882,1706.781442
6883,2442.070004
6884,1303.341181
6885,831.080987
6886,5286.071764
6887,1100.763866
6888,17994.906349
6889,2562.493294
6890,2578.540012
6891,1477.973037
6892,3764.069868
6893,1173.605550
6894,1676.907899
6895,851.146896
6896,29499.855548
6897,1170.763453
6898,67326.634750
6899,1805.365521
6900,21059.436841
6901,1319.225422
6902,1014.628663
6903,1442.897278
6904,1426.380133
6905,1366.086465
6906,5019.752934
6907,2709.225596
6908,22142.493637
6909,19361.192580
6910,2455.480234
6911,15007.712404
6912,1273.242170
6913,25107.048882
6914,23681.929705
6915,1301.109141
6916,1911.356208
6917,2893.249722
6918,1306.521261
6919,2193.469127
6920,2573.783061
6921,1327.248614
6922,1232.799216
6923,3181.570794
6924,1831.007387
6925,3852.367852
6926,1871.039148
6927,2481.498607
6928,3031.807760
6929,3382.908975
6930,1941.757627
6931,2085.251072
6932,1646.380446
6933,1632.656145
6934,1183.004701
6935,1736.502558
6936,3027.040860
6937,3652.186073
6938,6200.997672
6939,1264.090824
6940,1562.238186
6941,1219.892756
6942,8876.724811
6943,1610.271261
6944,1206.451053
6945,1670.149401
6946,1016.489816
6947,1665.571410
6948,866.125219
6949,917.984133
6950,1608.669743
6951,2022.972624
6952,2323.949885
6953,1350.052346
6954,1779.314020
6955,1222.083477
6956,1270.479993
6957,1634.377996
6958,1367.166702
6959,1865.451754
6960,63745.892276
6961,1327.571340
6962,1237.991017
6963,1850.460456
6964,2147.274831
6965,816.648421
6966,1272.118846
6967,2002.157183
6968,1218.800128
6969,1229.979377
6970,929.767763
6971,1319.110898
6972,28920.677170
6973,1203.212202
6974,1228.503567
6975,1071.543943
6976,1186.474608
6977,7520.264089
6978,4021.158586
6979,2682.896321
6980,1456.878935
6981,964.675140
6982,3548.960150
6983,1035.428243
6984,1286.782991
6985,2174.815250
6986,1713.891275
6987,1680.611693
6988,1466.840838
6989,698.847811
6990,933.448549
6991,1324.506395
6992,2091.313252
6993,2007.754486
6994,1183.712806
6995,1666.160418
6996,1620.736358
6997,1437.699081
6998,438.422326
6999,1754.115148
7000,1201.327945
7001,1016.714180
7002,9183.396419
7003,11660.751119
7004,1517.314616
7005,867.455415
7006,1279.192835
7007,4262.163701
7008,2183.636527
7009,1428.348751
7010,1113.916765
7011,1466.681891
7012,1898.933830
7013,2444.530684
7014,1053.073082
7015,1812.378707
7016,3777.862397
7017,1368.066216
7018,3736.176018
7019,1035.586660
7020,4260.834157
7021,2746.126810
7022,18358.571598
7023,1310.597184
7024,2263.643088
7025,1066.760467
7026,1284.459870
7027,1070.543129
7028,1203.651138
7029,18786.171198
7030,1342.857976
7031,3633.401267
7032,1354.853453
7033,1329.631329
7034,2815.278898
7035,1950.616488
7036,22895.440142
7037,2793.294416
7038,13094.843631
7039,12332.250955
7040,5847.637356
7041,1206.938660
7042,1204.815797
7043,1307.909194
7044,19997.033837
7045,1665.023972
7046,5992.746715
7047,1249.117651
7048,2648.313951
7049,1849.348693
7050,1005.292569
7051,1820.278051
7052,7408.647160
7053,932.730212
7054,1880.510421
7055,1493.475552
7056,895.463518
7057,3455.329217
7058,1457.755513
7059,1757.088793
7060,22635.555774
7061,8224.063926
7062,2598.904915
7063,1690.034393
7064,6849.492364
7065,1703.045536
7066,2164.688714
7067,4449.362421
7068,5080.805962
7069,8156.170808
7070,3079.438774
7071,1009.003572
7072,1720.215864
7073,1804.608761
7074,11109.039000
7075,13053.974842
7076,18773.016388
7077,2385.265733
7078,1010.975178
7079,11534.400458
7080,7149.006781
7081,7046.858846
7082,1067.102323
7083,1908.877612
7084,2722.827808
7085,2434.365495
7086,2765.673409
7087,3114.378521
7088,10184.835243
7089,2430.356867
7090,3094.707997
7091,31455.099415
7092,34083.808803
7093,1261.850709
7094,1884.970011
7095,2727.232805
7096,1519.951075
7097,2608.954584
7098,4399.972862
7099,14308.549493
7100,9593.788199
7101,3640.794315
7102,2270.651436
7103,1488.485514
7104,4571.916034
7105,4491.399822
7106,522.171764
7107,1355.224512
7108,1300.471335
7109,1508.192611
7110,653.924436
7111,476.513659
7112,1149.018792
7113,1721.099090
7114,4557.463745
7115,1357.681603
7116,2915.691883
7117,2354.873508
7118,2242.411963
7119,9476.301878
7120,4551.212426
7121,1702.332194
7122,1649.516340
7123,16458.163319
7124,1324.158327
7125,57524.598190
7126,4751.470427
7127,5024.381768
7128,1526.818345
7129,898.905426
7130,3362.377292
7131,2060.729904
7132,8797.693704
7133,954.093312
7134,10010.737461
7135,1695.043734
7136,1976.063852
7137,7521.907109
7138,5216.009599
7139,326.914273
7140,16721.782044
7141,3808.388142
7142,1804.115879
7143,2806.409615
7144,1277.242580
7145,4704.317362
7146,1076.606868
7147,2049.295903
7148,3622.107063
7149,1202.926005
7150,5297.859548
7151,2865.733107
7152,3697.089561
7153,2426.098260
7154,1879.141503
7155,1496.922153
7156,63725.406127
7157,1411.757261
7158,1250.375896
7159,1179.677011
7160,16020.486425
7161,3776.775429
7162,1291.849429
7163,2033.799158
7164,1209.391293
7165,2105.782804
7166,1745.318303
7167,2799.404603
7168,1003.698790
7169,1252.209536
7170,1771.477655
7171,2323.452926
7172,3482.913225
7173,1263.448461
7174,1103.983101
7175,1370.352096
7176,1499.035037
7177,1883.134587
7178,44288.618086
7179,1361.431333
7180,4078.373328
7181,2596.769918
7182,31071.486787
7183,1926.371376
7184,3070.289704
7185,1371.624416
7186,2053.582822
7187,2137.209847
7188,4949.109122
7189,1994.981279
7190,939.682268
7191,887.208240
7192,1026.829945
7193,1205.822152
7194,1534.264749
7195,2099.650149
7196,4482.594932
7197,3337.987037
7198,1015.997399
7199,3499.652150
7200,2737.183163
7201,2537.745694
7202,1750.246899
7203,1761.967980
7204,2479.375351
7205,2070.944670
7206,1166.925359
7207,3247.484442
7208,1635.340208
7209,1250.451925
7210,4893.007023
7211,1352.903422
7212,820.634518
7213,19024.888863
7214,863.009348
7215,935.173439
7216,1612.136059
7217,141227.053882
7218,1250.841919
7219,1807.296764
7220,1003.007059
7221,1521.835346
7222,1103.117804
7223,2990.024098
7224,4370.743983
7225,10180.595193
7226,1948.413382
7227,2930.398842
7228,1497.506642
7229,1545.812369
7230,4871.355920
7231,2674.111051
7232,9701.213407
7233,1935.516357
7234,2290.169295
7235,1141.011971
7236,23288.240522
7237,1313.209337
7238,1622.987778
7239,1193.346661
7240,1063.482043
7241,981.376083
7242,1399.861017
7243,2137.748424
7244,4720.352838
7245,6614.964506
7246,2614.402630
7247,1685.191472
7248,2026.315602
7249,2954.252687
7250,1340.141393
7251,1756.070409
7252,1076.449170
7253,4012.303279
7254,1407.590713
7255,1187.497841
7256,6934.822226
7257,2109.907365
7258,8734.203379
7259,1214.685983
7260,833.202458
7261,3051.886850
7262,1457.322920
7263,8331.933125
7264,2350.868346
7265,3366.920176
7266,1436.990948
7267,5476.517651
7268,3245.343171
7269,21949.062022
7270,1969.970187
7271,15553.007969
7272,1985.921224
7273,1546.742935
7274,3917.122411
7275,1882.896967
7276,18489.878623
7277,338.931449
7278,7256.043681
7279,727.356149
7280,2967.454661
7281,888.497910
7282,1948.242457
7283,323.075616
7284,4448.722241
7285,4285.452511
7286,3824.103435
7287,1352.085462
7288,2332.344398
7289,5128.252455
7290,2561.169505
7291,2627.843828
7292,24272.048836
7293,2314.332827
7294,4671.309592
7295,2475.841985
7296,2149.556129
7297,1288.579131
7298,33805.619099
7299,1783.868476
7300,16451.203405
7301,3070.162700
7302,1225.808083
7303,1172.999993
7304,1271.480600
7305,2362.339901
7306,7949.292279
7307,2656.195738
7308,2248.072843
7309,2877.393451
7310,4844.645377
7311,26537.391636
7312,10589.400555
7313,1840.221724
7314,1048.978613
7315,7203.018527
7316,1255.451088
7317,6200.627545
7318,2660.819290
7319,1598.338003
7320,1207.163325
7321,2133.929336
7322,3614.726164
7323,4509.858543
7324,1216.959853
7325,1292.953616
7326,1175.546327
7327,2773.914080
7328,3640.901501
7329,11279.740368
7330,1358.672321
7331,1352.612531
7332,1604.220316
7333,4042.911195
7334,895.535795
7335,5314.492454
7336,1661.511584
7337,43066.019434
7338,3988.948085
7339,2280.240209
7340,1348.835038
7341,12456.088244
7342,2346.357408
7343,858.933776
7344,3144.811252
7345,980.685929
7346,3568.038049
7347,2375.899817
7348,2587.618754
7349,2054.915129
7350,5268.758638
7351,1372.495570
7352,11833.531975
7353,937.921107
7354,2048.139812
7355,1767.284591
7356,2724.482252
7357,2871.996436
7358,2629.569303
7359,3246.928077
7360,5972.203227
7361,9827.428803
7362,928.097674
7363,2415.272673
7364,14864.387988
7365,30236.222358
7366,5684.361824
7367,1631.467239
7368,1184.220750
7369,1618.774621
7370,1965.958790
7371,2487.879256
7372,1936.075264
7373,2215.106249
7374,12364.059036
7375,1320.286623
7376,2433.064523
7377,1079.788021
7378,1344.328791
7379,979.845091
7380,2041.004841
7381,926.903551
7382,2578.156123
7383,746.137305
7384,1598.503864
7385,1772.385522
7386,10138.606660
7387,3414.438598
7388,1778.269520
7389,1011.199568
7390,1205.141085
7391,11602.950372
7392,1556.525676
7393,2157.693155
7394,1231.222471
7395,1240.852578
7396,6588.920886
7397,2414.746495
7398,1948.322049
7399,1629.301023
7400,21159.877685
7401,3012.096905
7402,1443.380439
7403,8655.460347
7404,2660.402567
7405,4460.777209
7406,1296.811693
7407,1658.350194
7408,582.840271
7409,1252.569981
7410,1131.623305
7411,1287.398300
7412,1329.120415
7413,1158.936533
7414,2961.390157
7415,1100.799508
7416,1698.946290
7417,1120.408243
7418,1950.381084
7419,16735.338375
7420,1193.271940
7421,6202.958258
7422,1126.484362
7423,17277.849612
7424,2111.405481
7425,1268.696692
7426,844.285540
7427,9130.967873
7428,1363.926780
7429,3223.184705
7430,2260.236579
7431,1202.332805
7432,12447.586459
7433,1568.168555
7434,5507.452378
7435,3119.976072
7436,7055.195946
7437,2542.526577
7438,937.910623
7439,1183.285483
7440,1526.710083
7441,1294.231453
7442,2245.862431
7443,8866.452473
7444,2216.026209
7445,3082.126208
7446,1254.537559
7447,1216.298578
7448,2515.191219
7449,1209.843314
7450,134184.937084
7451,2249.406548
7452,1267.993203
7453,1291.333955
7454,6154.921842
7455,7544.987535
7456,1003.227270
7457,2990.896854
7458,1285.614133
7459,407.768191
7460,1831.488633
7461,1270.353759
7462,1138.380112
7463,1785.811513
7464,1643.755165
7465,8351.160782
7466,1435.359015
7467,2299.157138
7468,1021.395376
7469,1385.469279
7470,2922.425591
7471,1370.434005
7472,2675.785111
7473,14756.364148
7474,1146.805390
7475,908.576036
7476,13016.125982
7477,36756.393324
7478,2689.870327
7479,4445.500964
7480,93684.741862
7481,8984.105957
7482,1634.469376
7483,2472.327630
7484,4350.655581
7485,1178.105964
7486,1740.767398
7487,3052.928470
7488,2445.670206
7489,1992.651057
7490,1556.456102
7491,1341.475933
7492,1892.735202
7493,1365.477020
7494,4133.400695
7495,1391.088942
7496,51464.093125
7497,1431.958968
7498,3101.925804
7499,1318.528615
7500,5418.006932
7501,2981.973411
7502,1349.102756
7503,4981.668208
7504,1455.557034
7505,1240.591758
7506,31197.028644
7507,4818.357871
7508,1301.501663
7509,4465.776404
7510,1095.698199
7511,2303.626577
7512,1667.948105
7513,1125.977262
7514,2753.417858
7515,3175.884284
7516,2388.263677
7517,1330.120033
7518,6486.179475
7519,2132.167160
7520,2328.919488
7521,4226.657456
7522,1590.016758
7523,23845.793087
7524,956.486152
7525,2553.618362
7526,10745.075534
7527,3250.302362
7528,2141.950557
7529,1385.969991
7530,2295.668681
7531,1825.721832
7532,3773.109268
7533,1464.644802
7534,1303.793567
7535,6010.391858
7536,1737.981454
7537,4824.863605
7538,1739.667830
7539,45664.683009
7540,2735.157784
7541,1680.682242
7542,1116.413956
7543,2487.772752
7544,45704.849019
7545,8856.828189
7546,1437.451808
7547,1690.109743
7548,3374.596865
7549,1187.905220
7550,5149.328036
7551,25176.084155
7552,7738.519134
7553,1230.923809
7554,16735.544469
7555,2218.399565
7556,3406.209719
7557,1098.489313
7558,33809.765977
7559,1019.450768
7560,4421.193210
7561,1983.939717
7562,2063.001713
7563,1830.342749
7564,1204.569214
7565,1941.311528
7566,4241.279911
7567,13227.323636
7568,23561.859001
7569,9855.262508
7570,1115.298765
7571,12415.125445
7572,1490.455876
7573,1003.164825
7574,1191.086149
7575,983.654697
7576,2815.298275
7577,3627.962822
7578,1237.268369
7579,7301.459467
7580,1206.992698
7581,3009.841363
7582,4360.912821
7583,1873.835976
7584,1043.616035
7585,1213.462904
7586,2826.776385
7587,1623.270876
7588,2148.131809
7589,19006.766692
7590,4567.109945
7591,1218.012309
7592,15294.691247
7593,29814.064102
7594,2378.161662
7595,1367.548150
7596,2413.607414
7597,974.907339
7598,2633.616472
7599,1449.688360
7600,1209.225892
7601,1291.788980
7602,1224.979397
7603,1481.851443
7604,2159.602841
7605,20657.214792
7606,1316.835426
7607,2004.928628
7608,2670.168999
7609,3235.057927
7610,59313.873908
7611,11101.723315
7612,3170.351653
7613,1636.656017
7614,1950.066363
7615,1103.511683
7616,3142.510025
7617,1146.963217
7618,1477.119086
7619,1278.587394
7620,2762.883553
7621,4348.312321
7622,1535.679198
7623,1503.334783
7624,896.670332
7625,2098.334515
7626,1728.390084
7627,1299.878417
7628,1995.575466
7629,23411.263685
7630,2282.799036
7631,1585.631174
7632,5152.488979
7633,12569.703859
7634,1195.141848
7635,2105.513242
7636,3410.254170
7637,4010.400118
7638,8682.317176
7639,1519.241567
7640,3974.845841
7641,2579.883626
7642,1535.011065
7643,4619.601041
7644,1469.220529
7645,1248.159530
7646,4637.907744
7647,1128.951392
7648,1937.121576
7649,1085.012269
7650,18983.529280
7651,4072.139561
7652,2525.799325
7653,1197.299516
7654,956.694589
7655,4467.894329
7656,1404.762476
7657,3389.613011
7658,3066.330626
7659,1945.352794
7660,3394.131380
7661,1530.402195
7662,2294.307047
7663,2720.234007
7664,1915.481113
7665,1715.285406
7666,2899.198676
7667,1959.197359
7668,3219.540804
7669,2589.998202
7670,1467.579496
7671,2960.738361
7672,1896.150221
7673,1241.212631
7674,3153.358302
7675,1080.421323
7676,3400.678318
7677,1380.117842
7678,1205.053385
7679,6538.560342
7680,3029.253619
7681,3222.890035
7682,2373.879527
7683,7850.733433
7684,2386.957095
7685,1056.946449
7686,137273.890221
7687,1547.483689
7688,1966.983874
7689,2005.605825
7690,9338.324931
7691,2341.027050
7692,1740.202189
7693,2481.454610
7694,3052.922475
7695,2073.781798
7696,2988.179282
7697,1275.660913
7698,2598.927642
7699,1314.564222
7700,2053.073109
7701,1972.462918
7702,3929.804796
7703,18072.132404
7704,5418.304866
7705,1644.681203
7706,1926.799600
7707,45689.761487
7708,3111.216476
7709,2607.088507
7710,910.750348
7711,1706.526299
7712,2118.214373
7713,2852.988265
7714,1257.213737
7715,5480.918035
7716,428.193565
7717,7831.915238
7718,3379.352619
7719,9473.148919
7720,1207.068232
7721,1592.862029
7722,2716.231555
7723,1414.761962
7724,3603.638857
7725,2257.776182
7726,1436.168105
7727,2787.647197
7728,3283.180025
7729,1667.892063
7730,1448.932526
7731,2151.315273
7732,4927.430170
7733,6008.703076
7734,3021.841014
7735,2624.619493
7736,22067.012380
7737,2227.438291
7738,84936.675049
7739,6931.676697
7740,4306.006910
7741,1141.213090
7742,976.349781
7743,8409.892774
7744,1205.262721
7745,5120.679781
7746,1225.562151
7747,1621.370301
7748,40496.293147
7749,16091.246974
7750,8422.739348
7751,1385.972846
7752,5994.253596
7753,4908.852611
7754,2919.426478
7755,3042.388746
7756,11449.174453
7757,6998.822597
7758,1225.884373
7759,1541.076060
7760,1356.308222
7761,2133.743889
7762,2428.184807
7763,2076.269346
7764,97991.848905
7765,2165.882704
7766,1419.841233
7767,39313.657240
7768,1593.766115
7769,1911.453761
7770,1325.762381
7771,1263.480719
7772,1221.848243
7773,5152.119332
7774,13643.117311
7775,3665.753916
7776,1597.074072
7777,43395.516655
7778,1376.425604
7779,2252.785364
7780,5093.658167
7781,2079.776308
7782,1157.300324
7783,6104.968798
7784,2499.838316
7785,1522.902112
7786,5456.681365
7787,21745.528999
7788,1787.745028
7789,5775.505992
7790,1039.586970
7791,1360.150651
7792,1563.073375
7793,1225.165469
7794,3606.056643
7795,1801.580593
7796,12247.580112
7797,2151.464140
7798,2791.018131
7799,1195.318216
7800,35140.208037
7801,2557.184847
7802,19816.326235
7803,13454.854038
7804,3731.086076
7805,1468.930053
7806,2997.045247
7807,2068.154327
7808,2159.386640
7809,1185.671471
7810,8093.685134
7811,31591.391983
7812,3080.192459
7813,1965.637230
7814,3246.614005
7815,2991.276757
7816,3188.297655
7817,2236.107601
7818,2384.165219
7819,1782.909370
7820,9183.255308
7821,3883.829339
7822,94269.946527
7823,6102.252884
7824,228501.665145
7825,43698.090756
7826,1310.954696
7827,2588.571587
7828,4294.423239
7829,1273.029233
7830,1832.666201
7831,81380.132506
7832,1927.205479
7833,1293.183185
7834,2848.206002
7835,10748.198771
7836,2981.251755
7837,8125.191764
7838,2540.673010
7839,1716.329695
7840,9962.321209
7841,1378.523228
7842,8968.561246
7843,5545.526185
7844,1516.557381
7845,3610.265519
7846,247345.380688
7847,3065.469381
7848,6123.407737
7849,10699.172143
7850,2635.816180
7851,11387.883269
7852,2376.901800
7853,4116.472247
7854,19608.393483
7855,11600.003079
7856,44074.758730
7857,7945.683370
7858,11066.597350
7859,8500.721322
7860,21019.545176
7861,2795.095658
7862,1718.352347
7863,1278.403410
7864,2606.407063
7865,2758.621230
7866,3903.235382
7867,6042.023767
7868,2992.594610
7869,1374.577444
7870,21493.568804
7871,2894.916352
7872,2090.005593
7873,1019.313174
7874,1613.375256
7875,3155.778981
7876,4654.103078
7877,1021.226718
7878,1418.944650
7879,13630.135626
7880,13904.241680
7881,1538.407421
7882,7757.545054
7883,1409.590565
7884,15904.123477
7885,5148.914567
7886,1481.263497
7887,2835.457711
7888,23017.045753
7889,1470.864086
7890,1710.072604
7891,1951.566685
7892,3453.077534
7893,24297.684704
7894,3425.043385
7895,2885.015514
7896,1663.151291
7897,2000.462599
7898,1426.466004
7899,1964.328537
7900,2856.439880
7901,1802.411498
7902,943.445634
7903,2279.191327
7904,2620.229743
7905,2350.888291
7906,2188.522257
7907,1716.598150
7908,4973.865267
7909,1302.450013
7910,1642.510855
7911,2381.722358
7912,2896.378926
7913,11890.332014
7914,309.499631
7915,4332.468493
7916,23482.468688
7917,2257.583723
7918,2218.734337
7919,4407.777976
7920,2894.127200
7921,220839.615262
7922,2073.786466
7923,785.115324
7924,1291.059632
7925,2238.926109
7926,1938.814279
7927,6711.009014
7928,14400.890102
7929,913.617000
7930,1098.506575
7931,5621.781243
7932,2666.487082
7933,1959.377446
7934,1251.825379
7935,2995.631023
7936,1189.589202
7937,2033.940382
7938,1114.862658
7939,7922.508377
7940,7844.878027
7941,3028.894804
7942,1041.310103
7943,2011.212432
7944,3311.509678
7945,10724.448857
7946,5235.013895
7947,4030.310069
7948,1826.447888
7949,1785.278937
7950,39400.109119
7951,3279.928752
7952,1055.024814
7953,2760.972925
7954,5440.060599
7955,17846.672952
7956,1056.566812
7957,2233.699305
7958,2524.077597
7959,6604.820120
7960,3716.161539
7961,1186.743044
7962,1479.322312
7963,2036.992920
7964,9808.765804
7965,874.553602
7966,10794.059951
7967,2772.158417
7968,10828.879702
7969,2086.092598
7970,2506.472239
7971,1862.591754
7972,3105.505531
7973,1348.061117
7974,8636.258073
7975,3144.960318
7976,1423.093854
7977,2617.109520
7978,3685.453185
7979,4372.799730
7980,58891.728729
7981,1360.980098
7982,2208.730941
7983,33198.468285
7984,1586.597437
7985,1113.215160
7986,1581.981393
7987,2767.203625
7988,3016.701758
7989,9515.230251
7990,2065.552800
7991,3882.992452
7992,2998.065851
7993,24030.687027
7994,3405.217495
7995,106458.792894
7996,3765.102887
7997,1696.916132
7998,4277.510498
7999,8198.623793
8000,1496.869999
8001,3641.385695
8002,2045.076452
8003,3592.007598
8004,8777.513065
8005,28502.738812
8006,1939.023941
8007,2467.388377
8008,15818.424527
8009,53556.289718
8010,2282.349733
8011,4726.654900
8012,290.464309
8013,4519.027099
8014,37354.472552
8015,1210.685529
8016,2983.095527
8017,10130.628561
8018,2034.570863
8019,1634.350545
8020,3075.507112
8021,63748.346190
8022,943.229853
8023,2182.432937
8024,3273.666713
8025,3747.545322
8026,2156.134134
8027,1393.653390
8028,2253.178084
8029,10193.232764
8030,4837.659285
8031,1625.783776
8032,2081.001316
8033,17330.278676
8034,3731.615441
8035,26972.481070
8036,2407.767002
8037,2586.199473
8038,3096.665582
8039,6856.672243
8040,4438.029648
8041,9692.614862
8042,1099.917223
8043,2202.052512
8044,2090.885780
8045,10583.773533
8046,2012.957066
8047,2833.057495
8048,1826.732364
8049,1401.928536
8050,1262.592847
8051,2159.945107
8052,3009.988601
8053,2790.803340
8054,13632.928424
8055,2700.678293
8056,10866.555498
8057,8113.274209
8058,9421.402293
8059,1530.166678
8060,2930.189353
8061,1131.164456
8062,2939.120800
8063,32895.647392
8064,1216.241179
8065,6343.399929
8066,2907.629515
8067,53394.263144
8068,197414.523740
8069,34827.356903
8070,17412.884550
8071,4749.184046
8072,10542.999929
8073,3538.229175
8074,15949.189390
8075,68203.215416
8076,11639.196716
8077,25223.328814
8078,2492.038084
8079,30419.555979
8080,17561.788711
8081,10667.890382
8082,1276.977384
8083,19021.707070
8084,5652.854620
8085,82728.229105
8086,108386.261341
8087,8205.840416
8088,30409.829086
8089,4757.481406
8090,37185.342247
8091,2287.867684
8092,2325.090717
8093,1215.603163
8094,6414.278607
8095,2023.037197
8096,2579.558535
8097,6158.568387
8098,68758.579939
8099,1501.426376
8100,2841.352715
8101,3077.012253
8102,3224.742231
8103,73573.172280
8104,126814.669560
8105,9698.147203
8106,3145.620839
8107,11820.527846
8108,3318.834529
8109,49183.755564
8110,5594.039545
8111,48110.634145
8112,11641.747050
8113,20500.463498
8114,21468.864207
8115,23650.754334
8116,1480.609702
8117,4793.179124
8118,7913.504549
8119,8617.608291
8120,2586.216565
8121,13945.769073
8122,11681.857379
8123,16651.709312
8124,7164.090651
8125,627.331490
8126,10574.953386
8127,4136.442239
8128,2014.057805
8129,12215.585216
8130,1837.106779
8131,7137.910984
8132,3959.367846
8133,93907.211737
8134,28608.084204
8135,18074.496632
8136,10864.480190
8137,85847.679685
8138,3831.971702
8139,3794.256491
8140,2725.135427
8141,34796.041901
8142,2760.210098
8143,5221.498782
8144,2221.316696
8145,1265.069275
8146,52254.637084
8147,2311.412179
8148,9379.131859
8149,3180.370457
8150,1858.545296
8151,2249.812706
8152,4473.246079
8153,3392.716709
8154,6063.806662
8155,2824.812054
8156,1953.187964
8157,3523.739631
8158,152784.756537
8159,3407.936885
8160,4480.819468
8161,4577.605758
8162,3957.229307
8163,15136.583539
8164,2118.164519
8165,1938.654216
8166,2548.915782
8167,21514.011746
8168,3315.556880
8169,1767.473598
8170,1731.565844
8171,3568.932707
8172,5376.845240
8173,1926.591785
8174,2747.024083
8175,13365.896259
8176,1747.601868
8177,2502.187666
8178,1572.173296
8179,1239.905235
8180,2886.090921
8181,5510.278402
8182,2031.974005
8183,1354.922308
8184,19038.918594
8185,3050.031763
8186,2700.681360
8187,1180.608611
8188,1824.205588
8189,3593.789508
8190,1909.549115
8191,5231.585193
8192,2889.304097
8193,2069.092100
8194,3930.431644
8195,2830.301688
8196,3304.625337
8197,2943.305000
8198,3190.027905
8199,3527.316671
8200,2237.656298
8201,4819.296654
8202,3234.413361
8203,1776.787595
8204,4148.740201
8205,2539.372493
8206,25054.415051
8207,4347.677960
8208,2046.557567
8209,13730.523256
8210,82081.164535
8211,1573.071489
8212,1734.968663
8213,3004.459625
8214,1671.579116
8215,2662.034344
8216,4443.815341
8217,2513.295478
8218,8002.520818
8219,4983.267050
8220,10012.150070
8221,2119.049262
8222,7501.915812
8223,1395.014491
8224,13449.007761
8225,36359.774388
8226,2532.887079
8227,2311.553828
8228,1777.711262
8229,1981.956924
8230,1551.473012
8231,4078.807401
8232,19834.277975
8233,3106.185253
8234,5992.086760
8235,1423.486794
8236,6791.729312
8237,8058.503337
8238,3553.783591
8239,2127.937729
8240,20590.429181
8241,1850.236001
8242,2309.097709
8243,1775.594713
8244,5792.810140
8245,3869.374414
8246,3057.915419
8247,2659.907857
8248,8373.911128
8249,2105.451962
8250,3008.835815
8251,2327.604756
8252,1525.885093
8253,1741.961448
8254,10164.518767
8255,1832.028390
8256,1188.977172
8257,5243.837590
8258,6588.191734
8259,14596.117048
8260,1787.679419
8261,10029.206757
8262,3450.098076
8263,1861.983090
8264,2632.611224
8265,2282.293747
8266,1237.471136
8267,2877.374448
8268,3247.744580
8269,72942.591043
8270,21736.715169
8271,1517.761337
8272,1555.359799
8273,11127.122362
8274,2628.714096
8275,1895.179476
8276,4849.713442
8277,1255.711405
8278,1851.377123
8279,3510.519927
8280,7509.252935
8281,3153.788956
8282,11535.778259
8283,2003.525774
8284,1496.947977
8285,1901.259556
8286,7372.385782
8287,2884.429015
8288,6953.953009
8289,1876.225465
8290,1107.809500
8291,2561.939810
8292,5637.623937
8293,7152.703611
8294,2105.552119
8295,5442.697725
8296,3593.495536
8297,6155.554337
8298,2275.766827
8299,1790.504782
8300,2578.810824
8301,1818.974571
8302,2343.953984
8303,10518.571108
8304,3324.848427
8305,3311.864680
8306,12436.677167
8307,6080.509483
8308,2018.950729
8309,18456.386949
8310,18708.974641
8311,2516.557619
8312,1528.177823
8313,1710.387842
8314,8435.408992
8315,3532.644506
8316,2673.553589
8317,2366.079080
8318,5300.547437
8319,1997.902308
8320,6351.357064
8321,3233.391150
8322,1173.617268
8323,1985.853983
8324,2466.475037
8325,3530.297446
8326,10664.144424
8327,3630.834307
8328,2058.283252
8329,1961.461952
8330,5595.818160
8331,3367.828807
8332,1150.515834
8333,3645.871638
8334,1794.519911
8335,4917.057901
8336,2120.958360
8337,5940.645954
8338,29081.937506
8339,2135.933880
8340,2583.072982
8341,2702.658398
8342,1202.581450
8343,2904.288344
8344,2908.269572
8345,11006.297827
8346,15339.929532
8347,6880.598324
8348,1904.368643
8349,2217.557113
8350,10513.097641
8351,25094.879943
8352,3504.533739
8353,3164.908467
8354,155028.691095
8355,2179.238203
8356,18903.666845
8357,1819.735640
8358,1928.455612
8359,3744.121677
8360,2752.381633
8361,4106.324147
8362,29950.529814
8363,198151.297902
8364,2546.241797
8365,1683.509818
8366,17046.891804
8367,70192.125684
8368,9168.889693
8369,4111.516465
8370,21260.739947
8371,1743.945542
8372,20939.439562
8373,1753.751552
8374,5729.307718
8375,3462.490621
8376,4821.256370
8377,16800.024872
8378,3580.157362
8379,7462.699995
8380,11658.903736
8381,5328.977146
8382,22516.313079
8383,2347.337907
8384,4568.043948
8385,2486.666405
8386,2108.495520
8387,16481.774706
8388,20629.554585
8389,1702.045926
8390,10398.913708
8391,11453.450812
8392,2430.439929
8393,98464.325395
8394,25228.485211
8395,1101.159352
8396,2104.626843
8397,8552.863969
8398,200403.319689
8399,5845.086797
8400,6476.378230
8401,4842.773342
