episode,reward
1,6.099399
2,-0.128258
3,15.747075
4,-60.215817
5,-38.956000
6,-3.918879
7,35.151847
8,-10.864938
9,136.595649
10,-33.689739
11,78.164716
12,21.440764
13,-17.920253
14,-37.691853
15,71.520022
16,-17.964445
17,33.378780
18,52.808656
19,-13.168960
20,-0.162965
21,-16.770301
22,3.748791
23,47.792592
24,-75.384741
25,-55.179512
26,59.177261
27,29.914679
28,-3.351470
29,30.105352
30,-50.768080
31,-101.892745
32,38.153635
33,-98.585075
34,41.186661
35,11.992418
36,48.757179
37,21.745995
38,-70.745944
39,-52.431246
40,-66.528387
41,-171.810658
42,-89.600530
43,185.062374
44,33.802881
45,19.978715
46,-33.412584
47,263.302439
48,53.270329
49,70.410654
50,-0.166757
51,67.807977
52,-35.278775
53,-3.218395
54,-77.283574
55,-3.097601
56,-40.227474
57,-5.806482
58,116.817231
59,89.706207
60,-56.720072
61,274.626665
62,36.839962
63,-12.718143
64,-92.361722
65,-5.032958
66,85.399575
67,103.694024
68,-44.120976
69,-30.047388
70,32.837501
71,81.895233
72,-13.165652
73,16.805248
74,-36.636846
75,98.821698
76,45.320025
77,-3.451493
78,6.807624
79,13.981063
80,7.964838
81,-50.183461
82,-13.413580
83,-80.898395
84,-14.451782
85,-15.444648
86,265.482216
87,-18.504244
88,52.762597
89,-36.116316
90,-31.706850
91,63.873799
92,-24.405323
93,33.750441
94,-7.875007
95,109.753433
96,-40.614136
97,7.633813
98,-0.773075
99,34.995141
100,-49.833339
101,58.366551
102,-47.970414
103,-12.392361
104,52.987984
105,45.618160
106,-62.849721
107,11.242421
108,179.376762
109,3.373040
110,69.178316
111,23.047462
112,-70.917113
113,57.972658
114,-54.931490
115,102.474933
116,23.381794
117,-16.765311
118,29.559753
119,-51.979590
120,-45.936733
121,-66.147033
122,-54.779587
123,-9.055257
124,30.947513
125,20.822548
126,-33.875176
127,-133.393547
128,26.822731
129,243.985519
130,-7.527264
131,-34.772511
132,5.592794
133,39.119907
134,58.415815
135,27.447977
136,286.968467
137,-36.164502
138,57.368304
139,2.257757
140,-10.037614
141,-45.710826
142,-3.601968
143,-48.079298
144,13.286883
145,267.619020
146,-52.561579
147,6.465215
148,15.779735
149,-21.587373
150,-131.819820
151,-152.853442
152,207.567493
153,84.498036
154,64.822055
155,-102.134015
156,-56.007618
157,-21.670679
158,0.633812
159,112.870776
160,-23.426169
161,17.668631
162,16.337534
163,-34.935523
164,217.481828
165,-61.735425
166,127.964756
167,50.882873
168,10.376078
169,122.876369
170,-30.352484
171,20.626904
172,20.841908
173,13.268323
174,66.630814
175,5.343803
176,42.210045
177,-85.309075
178,24.440969
179,157.721152
180,27.453721
181,-2.978291
182,23.772992
183,-22.498131
184,-9.063478
185,-102.735799
186,-3.715938
187,38.116446
188,-62.884422
189,-89.694229
190,65.863787
191,68.309011
192,26.945518
193,-106.744698
194,21.791297
195,-73.146488
196,-1.093382
197,45.853156
198,-10.465220
199,-145.785691
200,130.952721
201,-40.575138
202,129.020057
203,-29.393967
204,18.355213
205,63.056264
206,-55.870251
207,-52.079523
208,16.128708
209,-17.529900
210,34.817548
211,47.058750
212,49.893588
213,5.259362
214,40.946271
215,55.111042
216,-63.896065
217,120.811380
218,63.911152
219,-65.122354
220,-21.032714
221,61.738557
222,-7.228874
223,53.990579
224,4.612389
225,22.143444
226,-65.868503
227,-6.237334
228,76.596132
229,-68.082717
230,-0.019439
231,-15.229316
232,168.660206
233,6.812427
234,-121.292990
235,-9.096533
236,-50.664899
237,-42.620310
238,18.700680
239,-122.539346
240,-23.442910
241,110.644354
242,52.059702
243,-37.059411
244,-159.382999
245,-60.233097
246,-1.416655
247,-96.235068
248,-7.301036
249,25.498269
250,180.045531
251,-5.716841
252,48.029151
253,-115.257260
254,-20.797977
255,23.230035
256,28.209062
257,147.627932
258,-38.019063
259,-127.938075
260,47.314723
261,-59.915344
262,35.026171
263,147.331693
264,21.314602
265,-9.313376
266,-54.971794
267,24.138392
268,18.683374
269,15.975834
270,-20.866289
271,8.506408
272,-39.588655
273,-11.468091
274,49.578200
275,-54.239492
276,94.894316
277,-42.290952
278,78.114684
279,-44.006617
280,20.626075
281,-178.030717
282,-2.936661
283,-71.941121
284,-10.333509
285,-11.663298
286,25.592384
287,-93.205047
288,-32.596743
289,-23.374768
290,-124.084477
291,90.501331
292,-24.744408
293,30.612254
294,149.187872
295,13.976571
296,97.873611
297,45.434513
298,194.371054
299,-45.877064
300,41.082842
301,-14.673301
302,-8.714207
303,-46.049709
304,-57.156418
305,-60.585107
306,-36.025829
307,97.919469
308,-10.326968
309,17.283173
310,-104.080777
311,-96.155853
312,215.795799
313,-69.947985
314,109.380973
315,-13.090192
316,-62.285009
317,-111.256849
318,-5.637523
319,-43.307646
320,33.796890
321,-10.674461
322,80.791173
323,74.707259
324,38.589906
325,-0.581826
326,-51.598006
327,9.157961
328,139.193903
329,59.316950
330,60.335707
331,-66.073468
332,16.392628
333,-94.490839
334,1.497735
335,-9.832278
336,18.058921
337,385.706610
338,68.234119
339,21.928079
340,88.198257
341,-30.694459
342,1.696596
343,-60.403909
344,273.697218
345,28.709661
346,-130.151458
347,-62.416985
348,44.192899
349,-22.771501
350,-171.808028
351,3.479879
352,-57.937346
353,42.935548
354,-75.217394
355,-52.075734
356,25.229783
357,41.432028
358,-16.573095
359,-66.599349
360,8.406294
361,-10.847353
362,-138.740772
363,18.375105
364,44.410414
365,93.648406
366,32.214255
367,-44.704982
368,4.592700
369,30.173541
370,29.089185
371,122.339603
372,-18.229987
373,-40.058645
374,19.376473
375,47.227601
376,-55.745177
377,27.291445
378,35.935494
379,-35.064664
380,8.463980
381,61.016902
382,45.204486
383,-77.178447
384,-22.387110
385,-133.480313
386,229.326447
387,-34.684351
388,27.205256
389,-112.518973
390,-43.145487
391,73.044443
392,34.471308
393,-5.172077
394,-27.914651
395,-61.054373
396,76.965081
397,250.776124
398,-28.606969
399,4.329017
400,75.971134
401,-55.461650
402,4.092346
403,56.344310
404,18.143703
405,188.281704
406,89.493548
407,-26.177078
408,-26.051904
409,8.350556
410,64.036190
411,-5.486284
412,-60.478215
413,67.992615
414,-39.349492
415,-20.604646
416,29.854251
417,-140.330565
418,64.317200
419,-19.815114
420,56.763716
421,-109.771129
422,50.736269
423,30.252063
424,-63.040789
425,-0.268670
426,-47.248980
427,26.914911
428,2.495338
429,29.719620
430,19.711683
431,156.684804
432,-47.001832
433,45.806460
434,16.961080
435,23.367049
436,-172.586146
437,48.844751
438,-7.554981
439,-74.044043
440,-15.885438
441,60.491602
442,-22.038441
443,-65.195317
444,-142.215783
445,0.530584
446,36.332884
447,7.524417
448,44.252689
449,-122.476317
450,2.929881
451,-4.218910
452,26.039410
453,68.324627
454,16.666253
455,11.701595
456,-0.308958
457,-95.945454
458,43.816321
459,-97.545385
460,-66.605107
461,-48.557034
462,-55.248682
463,43.798639
464,22.400637
465,61.027099
466,10.967506
467,-65.430296
468,-26.382604
469,-6.806200
470,-8.988719
471,38.187372
472,394.510281
473,93.885468
474,-44.033153
475,7.143694
476,-42.309303
477,21.049812
478,250.184225
479,-1.926665
480,60.999323
481,-72.619662
482,23.041401
483,337.219586
484,-19.247970
485,-26.273268
486,233.282428
487,61.671649
488,-81.971535
489,63.904011
490,-114.295938
491,80.785402
492,25.853587
493,12.689615
494,27.914635
495,-74.790845
496,-1.011751
497,48.841912
498,60.803441
499,-72.055824
500,-40.385303
501,37.026179
502,-15.495163
503,-61.660205
504,37.899634
505,118.181007
506,96.564093
507,31.944902
508,-36.960814
509,60.166564
510,42.611883
511,7.994009
512,32.208339
513,-112.254140
514,-20.544586
515,41.860874
516,143.589325
517,70.600063
518,2.656303
519,-3.664852
520,-211.160862
521,-72.614821
522,26.371246
523,33.728683
524,17.830061
525,-1.866028
526,54.357008
527,26.612617
528,21.806437
529,-41.742641
530,50.156923
531,-2.836625
532,-1.589913
533,-8.669302
534,-26.750357
535,-95.048015
536,-109.205677
537,-166.816781
538,81.277898
539,33.608774
540,34.181530
541,-30.439193
542,-17.232578
543,206.813711
544,25.249510
545,-3.452686
546,14.677521
547,-7.787479
548,-1.699397
549,14.281380
550,10.493394
551,-49.500010
552,-77.344959
553,105.980055
554,4.568219
555,-30.003212
556,39.135267
557,-4.824275
558,64.538325
559,73.697148
560,-47.733412
561,224.788673
562,-27.802456
563,-54.120261
564,-11.609342
565,40.897852
566,-29.736821
567,-12.528146
568,0.427426
569,-10.519316
570,11.294173
571,-97.035195
572,131.683640
573,-4.052956
574,58.741333
575,-171.777671
576,54.280895
577,128.632924
578,39.849560
579,130.314285
580,20.030100
581,33.174202
582,36.874798
583,87.712524
584,27.462512
585,-70.624228
586,43.382522
587,40.836691
588,-42.885955
589,57.304531
590,5.927672
591,-61.329217
592,94.441366
593,74.585751
594,-86.583363
595,-1.104038
596,-59.751524
597,92.782917
598,-24.092850
599,-1.530022
600,12.444134
601,12.188769
602,70.283405
603,443.012621
604,50.612789
605,73.840667
606,63.671639
607,112.330692
608,-45.968146
609,238.485157
610,22.155913
611,26.192635
612,39.543048
613,0.807109
614,19.259422
615,84.187631
616,44.410082
617,29.724791
618,-17.735723
619,48.305193
620,195.331271
621,385.409422
622,10.319480
623,153.122219
624,108.193186
625,318.039796
626,-1.491914
627,260.877857
628,298.557689
629,105.876270
630,56.876326
631,106.873544
632,-13.315567
633,276.793392
634,312.288966
635,-1.958409
636,396.210202
637,53.044197
638,108.288586
639,-44.572714
640,238.274693
641,22.299189
642,151.888527
643,51.220691
644,38.309664
645,-33.611837
646,-146.792790
647,397.892924
648,51.272133
649,42.191267
650,44.135049
651,25.763224
652,-35.006706
653,29.201604
654,346.033525
655,126.266970
656,-5.344638
657,64.695675
658,303.380009
659,225.340497
660,-24.628870
661,-85.929074
662,51.666193
663,223.933941
664,-25.947663
665,97.151327
666,102.108212
667,15.207631
668,72.588609
669,11.541134
670,302.551844
671,97.778560
672,299.031917
673,324.700010
674,62.203490
675,-39.912456
676,231.386029
677,295.178843
678,75.262753
679,54.159996
680,-76.134024
681,98.112599
682,37.339012
683,3.491008
684,18.901046
685,4.454875
686,304.749498
687,69.974860
688,172.318272
689,20.876325
690,-25.476057
691,100.503910
692,62.143405
693,222.500779
694,207.904210
695,172.447518
696,-45.436833
697,251.127063
698,-84.895703
699,-14.734371
700,66.355402
701,-119.063428
702,275.819320
703,353.267008
704,419.604884
705,184.442758
706,42.355134
707,201.707063
708,-31.484430
709,283.265004
710,61.926459
711,-11.858705
712,96.627076
713,-51.787128
714,28.303776
715,157.584044
716,322.600510
717,-132.275703
718,-20.220152
719,31.396608
720,15.248433
721,58.537608
722,94.990128
723,-18.918101
724,130.932838
725,208.268903
726,368.362852
727,60.252555
728,47.330018
729,-55.528295
730,31.336477
731,51.032848
732,82.148942
733,129.863376
734,359.351552
735,-9.032538
736,313.662867
737,250.091287
738,43.965228
739,308.558423
740,22.738173
741,75.087061
742,-39.943393
743,-42.514446
744,-67.447545
745,50.337962
746,213.584260
747,307.088782
748,481.858431
749,18.795954
750,70.650104
751,191.678523
752,331.269226
753,303.530817
754,-132.834622
755,123.450720
756,-36.520096
757,139.527550
758,38.169560
759,3.547192
760,360.782259
761,372.144986
762,96.637821
763,235.828323
764,323.245733
765,176.369581
766,97.694246
767,-25.731655
768,79.966584
769,275.478573
770,325.681046
771,78.753982
772,18.333742
773,178.464832
774,248.366463
775,523.459255
776,179.386308
777,72.130461
778,38.690012
779,-166.628948
780,-25.001184
781,-103.324787
782,357.833792
783,25.423400
784,27.190325
785,249.515476
786,217.768385
787,157.880580
788,38.610791
789,196.404247
790,39.666989
791,28.385016
792,41.619470
793,66.393476
794,326.790191
795,26.065711
796,449.033555
797,30.977324
798,389.427044
799,159.238047
800,175.450212
801,19.116998
802,33.301894
803,297.226241
804,-1.648066
805,214.079667
806,51.021027
807,-101.326372
808,45.871389
809,28.521714
810,118.281523
811,13.488918
812,38.128226
813,30.659112
814,42.553706
815,-40.880562
816,318.512347
817,-59.235431
818,96.254746
819,85.170055
820,88.771024
821,74.409262
822,38.837218
823,195.258163
824,184.323213
825,77.896629
826,8.671275
827,258.840050
828,-26.561035
829,373.762459
830,151.252300
831,4.481148
832,94.727370
833,-61.978953
834,289.635613
835,68.369353
836,45.280886
837,85.159964
838,-1.737996
839,310.532635
840,9.614069
841,-115.041613
842,16.866425
843,126.794146
844,17.030737
845,30.387604
846,25.842476
847,-23.482486
848,114.498603
849,27.417022
850,51.709046
851,28.894868
852,57.334110
853,146.745051
854,-56.594863
855,77.980340
856,105.576247
857,-28.860464
858,384.928117
859,10.314670
860,51.875615
861,11.547082
862,83.138144
863,27.468325
864,73.339424
865,44.592855
866,86.838130
867,-34.626017
868,291.749771
869,-44.387747
870,60.738324
871,153.785412
872,-15.108884
873,74.399704
874,77.484591
875,181.733855
876,-4.752297
877,204.205378
878,272.308938
879,-9.659471
880,-42.214649
881,-30.788559
882,97.944352
883,57.441726
884,290.854864
885,67.545193
886,190.797425
887,24.880501
888,4.311560
889,20.551458
890,33.745615
891,92.947237
892,138.687235
893,215.502897
894,28.536507
895,170.392432
896,321.386793
897,54.639274
898,123.704284
899,41.794352
900,-5.628208
901,160.903787
902,52.077130
903,15.296454
904,93.149481
905,-204.278025
906,257.720149
907,322.903777
908,170.458034
909,237.672064
910,-6.160046
911,156.082532
912,25.304232
913,233.757288
914,301.787032
915,31.540271
916,101.891653
917,4.867596
918,-14.735743
919,306.271921
920,89.214793
921,88.638447
922,182.134579
923,-80.193344
924,152.853485
925,294.224757
926,59.630338
927,63.428312
928,260.031937
929,208.085516
930,322.043633
931,254.569328
932,-32.658689
933,263.887014
934,-50.201671
935,-93.592820
936,2.946592
937,341.457931
938,297.692214
939,125.982210
940,-4.940649
941,-11.116187
942,2.687078
943,79.008786
944,-5.812723
945,171.328448
946,286.066889
947,343.778450
948,-2.871508
949,-43.686486
950,27.183924
951,26.156143
952,40.871010
953,98.013397
954,21.136491
955,-6.532788
956,44.950069
957,179.385416
958,25.732250
959,37.563614
960,305.590915
961,18.671497
962,305.281459
963,117.059289
964,-43.614403
965,385.824615
966,320.072377
967,0.041258
968,37.437001
969,-34.263636
970,11.599158
971,-2.964894
972,61.061389
973,107.393606
974,97.157665
975,156.072190
976,111.939639
977,-16.672262
978,-93.675249
979,48.454906
980,45.834284
981,-11.027943
982,-89.307341
983,-66.050531
984,7.384791
985,405.510308
986,39.654683
987,17.512712
988,67.362852
989,50.111933
990,360.262648
991,11.625820
992,-43.791884
993,252.748726
994,367.785827
995,35.329741
996,-177.527137
997,266.057745
998,162.824952
999,30.054734
1000,266.719722
1001,47.368009
1002,225.282003
1003,233.475228
1004,66.036640
1005,33.055134
1006,15.712639
1007,-5.990144
1008,333.657647
1009,127.629600
1010,162.071050
1011,126.436499
1012,-7.333884
1013,42.347791
1014,-22.814225
1015,265.839445
1016,-82.900209
1017,-11.599862
1018,-65.740685
1019,67.106632
1020,-1.204618
1021,103.073537
1022,-22.904891
1023,32.028697
1024,212.904284
1025,295.783731
1026,41.694307
1027,265.840068
1028,108.169835
1029,323.685798
1030,293.461298
1031,319.188638
1032,292.621162
1033,385.483585
1034,254.128715
1035,401.361870
1036,353.762975
1037,301.951118
1038,333.718446
1039,298.801736
1040,306.585755
1041,14.368311
1042,93.900526
1043,346.398341
1044,286.013682
1045,363.602335
1046,304.817893
1047,46.356711
1048,338.710290
1049,313.102233
1050,286.205080
1051,284.793951
1052,362.571187
1053,294.685365
1054,284.903245
1055,49.405423
1056,86.560693
1057,297.912987
1058,331.809658
1059,331.381159
1060,291.419563
1061,57.612775
1062,320.194802
1063,339.807645
1064,394.433007
1065,257.093034
1066,297.441474
1067,334.142669
1068,-17.918089
1069,366.854795
1070,317.966418
1071,62.217735
1072,359.522605
1073,56.032677
1074,469.383970
1075,93.050625
1076,117.343525
1077,43.649720
1078,342.684704
1079,-11.871410
1080,142.847073
1081,79.079379
1082,280.640826
1083,352.136530
1084,347.243469
1085,279.088191
1086,286.431185
1087,378.534523
1088,341.926568
1089,302.228742
1090,317.479905
1091,296.193065
1092,346.010902
1093,258.189529
1094,314.492163
1095,245.437850
1096,404.149836
1097,-19.185066
1098,300.579954
1099,46.483962
1100,310.968210
1101,29.814497
1102,289.434037
1103,126.710738
1104,325.151554
1105,317.828950
1106,341.351335
1107,339.896057
1108,75.898549
1109,332.433215
1110,77.427672
1111,126.350656
1112,350.580435
1113,116.637812
1114,318.618419
1115,340.800827
1116,404.754659
1117,39.864466
1118,-25.677533
1119,40.383934
1120,7.765484
1121,265.672936
1122,322.994012
1123,113.316796
1124,308.546757
1125,163.999639
1126,318.956572
1127,262.588816
1128,225.404306
1129,249.383315
1130,331.456758
1131,57.697843
1132,260.819335
1133,391.747263
1134,300.197777
1135,328.692558
1136,303.078096
1137,28.372600
1138,306.590331
1139,7.210114
1140,127.773150
1141,446.327712
1142,300.276595
1143,285.679966
1144,217.136892
1145,96.517639
1146,32.595708
1147,58.518311
1148,332.275636
1149,361.418351
1150,295.842526
1151,179.314059
1152,-2.911455
1153,24.626312
1154,255.600625
1155,39.952599
1156,316.467165
1157,287.627880
1158,198.418867
1159,388.651249
1160,280.934912
1161,132.394590
1162,146.336751
1163,360.051188
1164,321.150527
1165,326.170274
1166,365.086518
1167,58.549115
1168,312.172097
1169,295.603642
1170,291.962921
1171,347.069290
1172,253.182166
1173,263.473602
1174,294.690113
1175,382.291384
1176,280.962676
1177,275.784579
1178,24.906876
1179,195.644993
1180,309.482732
1181,296.438702
1182,586.674658
1183,281.142417
1184,428.672171
1185,102.620796
1186,256.002960
1187,391.107269
1188,80.365048
1189,327.708262
1190,329.090271
1191,357.788233
1192,367.630846
1193,47.382090
1194,273.246266
1195,351.039219
1196,24.162933
1197,314.539202
1198,77.824439
1199,324.512824
1200,262.052361
1201,374.666147
1202,292.020176
1203,12.002290
1204,66.127763
1205,359.657775
1206,69.379144
1207,11.041078
1208,246.697261
1209,238.496230
1210,275.610926
1211,311.864863
1212,218.274424
1213,254.780915
1214,54.211188
1215,430.088947
1216,525.749311
1217,322.290890
1218,128.927872
1219,482.373164
1220,345.067919
1221,402.442073
1222,354.838511
1223,315.199784
1224,350.433599
1225,153.732437
1226,155.282234
1227,377.038766
1228,302.581976
1229,279.953356
1230,298.992307
1231,307.454091
1232,335.007891
1233,334.354466
1234,275.274218
1235,408.340752
1236,365.507951
1237,71.389718
1238,272.722141
1239,81.600198
1240,318.413649
1241,81.488832
1242,270.492266
1243,67.103993
1244,476.223051
1245,280.126983
1246,88.966030
1247,310.295625
1248,423.672145
1249,344.292107
1250,48.029346
1251,377.057056
1252,116.385855
1253,435.547515
1254,315.443788
1255,305.131923
1256,305.664570
1257,150.355595
1258,292.856166
1259,276.762920
1260,304.148088
1261,322.670179
1262,18.988038
1263,42.495203
1264,15.381691
1265,339.277313
1266,-24.756401
1267,108.778548
1268,314.795343
1269,224.381419
1270,316.646663
1271,333.628025
1272,131.826597
1273,313.470308
1274,287.811467
1275,308.132298
1276,92.107809
1277,291.626391
1278,295.478626
1279,303.082305
1280,143.826604
1281,285.108281
1282,326.737880
1283,293.691560
1284,325.140394
1285,74.327228
1286,280.996996
1287,49.253067
1288,315.770016
1289,198.881154
1290,324.163889
1291,273.796922
1292,-24.475087
1293,294.796888
1294,311.898952
1295,81.636831
1296,274.048662
1297,348.683817
1298,25.753781
1299,386.461197
1300,425.101280
1301,304.528876
1302,296.499212
1303,327.722316
1304,288.712894
1305,135.151162
1306,66.333068
1307,345.441304
1308,270.337719
1309,312.870623
1310,88.107886
1311,244.576349
1312,362.678234
1313,309.588083
1314,466.674233
1315,346.183287
1316,383.773984
1317,259.577680
1318,307.947857
1319,318.564522
1320,90.114543
1321,292.352389
1322,305.567233
1323,232.967052
1324,356.734155
1325,378.710902
1326,265.927474
1327,356.982478
1328,382.580070
1329,290.695651
1330,467.463790
1331,283.111397
1332,318.742943
1333,322.527464
1334,414.528059
1335,245.701854
1336,268.505555
1337,303.112856
1338,62.520638
1339,263.319986
1340,280.752638
1341,285.641088
1342,133.795014
1343,297.102670
1344,335.378496
1345,278.834012
1346,291.163006
1347,284.980552
1348,286.010500
1349,310.704622
1350,262.864157
1351,2.197153
1352,482.078709
1353,367.726101
1354,281.180500
1355,335.460410
1356,275.788139
1357,297.296258
1358,282.656093
1359,401.557887
1360,349.013838
1361,317.097340
1362,260.396947
1363,262.012126
1364,299.662208
1365,327.366641
1366,312.914420
1367,304.983421
1368,300.498340
1369,234.759144
1370,291.667271
1371,355.436701
1372,282.223644
1373,321.337008
1374,318.037399
1375,303.894529
1376,259.443725
1377,259.203148
1378,362.698121
1379,313.745406
1380,265.737475
1381,362.297628
1382,284.101815
1383,282.300284
1384,283.387751
1385,302.224116
1386,301.230054
1387,261.309567
1388,337.459058
1389,378.332905
1390,355.757621
1391,313.783760
1392,315.082845
1393,288.441064
1394,417.388531
1395,281.585567
1396,327.431943
1397,352.479518
1398,289.071383
1399,337.698621
1400,302.259439
1401,285.820976
1402,303.535578
1403,364.444150
1404,307.366834
1405,317.590330
1406,320.318010
1407,310.103388
1408,268.133304
1409,302.242297
1410,54.206668
1411,243.421924
1412,262.366534
1413,323.122120
1414,374.822680
1415,290.648934
1416,295.872827
1417,317.357423
1418,340.661982
1419,306.819729
1420,241.029506
1421,324.563713
1422,345.496310
1423,297.317752
1424,266.299232
1425,283.441996
1426,259.545804
1427,389.137517
1428,186.640612
1429,303.796642
1430,162.495652
1431,283.790395
1432,272.531031
1433,414.492448
1434,287.130992
1435,20.854270
1436,292.507108
1437,273.622868
1438,342.990882
1439,273.896516
1440,328.359782
1441,298.881578
1442,283.793692
1443,326.965804
1444,288.324110
1445,272.873847
1446,315.329197
1447,272.834040
1448,262.573691
1449,372.000308
1450,303.671549
1451,265.530004
1452,274.903781
1453,314.506167
1454,274.072800
1455,297.264974
1456,263.294953
1457,361.275521
1458,291.956985
1459,251.865575
1460,316.378358
1461,342.689341
1462,318.993851
1463,339.430892
1464,310.856211
1465,369.279318
1466,258.008616
1467,290.375281
1468,308.967200
1469,325.932783
1470,286.441070
1471,291.386833
1472,289.759540
1473,291.775131
1474,270.912520
1475,248.991820
1476,307.939135
1477,307.098688
1478,288.889752
1479,316.453759
1480,297.406537
1481,323.023605
1482,292.722662
1483,289.264304
1484,272.520300
1485,333.210356
1486,234.828910
1487,306.522455
1488,276.021294
1489,248.305315
1490,254.471879
1491,333.320673
1492,275.297967
1493,271.337654
1494,324.739547
1495,304.910585
1496,73.971521
1497,271.825039
1498,306.553896
1499,324.043355
1500,302.299278
1501,313.473307
1502,299.850771
1503,334.224096
1504,310.794186
1505,267.510852
1506,314.946549
1507,287.643415
1508,282.911968
1509,300.839263
1510,299.926573
1511,261.222811
1512,266.916642
1513,293.511689
1514,283.194515
1515,242.713874
1516,305.427557
1517,310.975597
1518,332.133217
1519,97.567808
1520,298.593767
1521,241.106586
1522,300.120361
1523,253.003027
1524,292.710372
1525,303.562474
1526,320.979093
1527,298.397359
1528,322.074990
1529,295.967857
1530,287.708915
1531,298.014011
1532,291.683340
1533,299.479373
1534,327.566555
1535,275.628904
1536,365.729921
1537,329.195222
1538,290.637355
1539,319.695973
1540,279.073040
1541,275.975040
1542,267.609268
1543,295.362374
1544,296.584712
1545,408.185290
1546,274.900392
1547,322.547976
1548,311.145512
1549,292.417084
1550,318.261327
1551,291.955280
1552,387.908998
1553,319.728016
1554,363.515119
1555,302.169715
1556,357.282366
1557,404.394291
1558,283.771813
1559,277.206595
1560,321.355573
1561,295.799694
1562,306.028625
1563,310.194829
1564,281.777378
1565,294.139247
1566,349.664123
1567,284.684417
1568,317.428358
1569,293.433997
1570,89.192659
1571,286.607241
1572,302.602952
1573,329.938258
1574,355.944728
1575,314.170611
1576,286.961769
1577,330.937959
1578,302.997500
1579,268.943225
1580,283.425316
1581,87.220103
1582,308.938010
1583,378.173665
1584,276.419031
1585,287.956697
1586,300.121919
1587,243.462240
1588,306.077433
1589,291.856140
1590,267.583706
1591,269.351763
1592,291.766409
1593,330.017795
1594,275.128971
1595,280.785543
1596,286.693417
1597,300.767290
1598,252.254771
1599,297.426451
1600,253.833586
1601,253.787834
1602,323.496709
1603,302.454388
1604,255.273396
1605,312.775054
1606,342.536378
1607,367.278751
1608,323.544503
1609,329.299945
1610,269.308165
1611,339.171452
1612,236.073825
1613,295.971758
1614,275.528053
1615,257.587415
1616,313.135189
1617,264.623572
1618,309.889702
1619,274.489747
1620,312.714616
1621,278.479982
1622,380.425851
1623,326.464137
1624,241.805200
1625,279.425014
1626,254.007627
1627,289.462614
1628,272.539318
1629,299.173103
1630,318.539352
1631,271.248750
1632,316.662049
1633,346.685554
1634,319.992431
1635,281.348684
1636,295.394027
1637,273.017437
1638,273.671355
1639,313.124302
1640,352.669710
1641,313.546119
1642,304.727568
1643,422.487434
1644,302.141620
1645,418.359940
1646,322.767506
1647,248.315701
1648,326.378401
1649,325.713385
1650,249.598012
1651,273.152920
1652,322.666734
1653,297.019647
1654,275.489387
1655,370.145752
1656,306.466096
1657,277.098380
1658,395.867211
1659,367.949709
1660,286.575889
1661,404.435489
1662,298.045895
1663,310.327599
1664,306.714336
1665,284.717973
1666,316.246105
1667,273.712674
1668,432.192163
1669,239.731664
1670,331.739248
1671,266.087903
1672,295.250586
1673,317.470717
1674,331.066168
1675,343.182453
1676,277.570126
1677,286.001638
1678,254.421357
1679,354.073858
1680,291.733360
1681,394.217359
1682,285.252772
1683,359.774310
1684,291.602410
1685,414.329373
1686,295.268954
1687,295.753626
1688,401.901799
1689,396.701829
1690,384.137822
1691,294.186728
1692,344.265412
1693,337.970553
1694,289.601903
1695,283.102698
1696,400.017382
1697,290.575218
1698,270.124608
1699,338.514566
1700,315.756949
1701,372.944769
1702,265.207341
1703,273.478551
1704,432.568063
1705,280.833214
1706,307.943756
1707,369.565189
1708,291.967057
1709,403.129785
1710,234.499770
1711,258.424457
1712,423.282651
1713,295.756494
1714,286.249209
1715,357.313060
1716,370.407136
1717,302.147840
1718,350.233840
1719,333.711039
1720,329.786859
1721,366.823492
1722,354.230728
1723,219.131252
1724,259.676859
1725,243.248133
1726,355.798159
1727,318.649442
1728,286.076993
1729,269.542471
1730,244.475688
1731,252.884850
1732,284.961767
1733,415.360223
1734,379.904272
1735,343.894866
1736,250.591322
1737,362.868629
1738,297.085514
1739,376.667461
1740,301.919257
1741,276.195275
1742,343.422973
1743,293.571407
1744,265.385723
1745,391.388874
1746,269.574725
1747,270.368868
1748,289.944062
1749,382.631430
1750,320.185704
1751,375.187873
1752,250.360116
1753,271.838720
1754,274.714758
1755,383.360779
1756,247.385781
1757,299.468865
1758,297.634339
1759,282.390407
1760,323.550141
1761,314.051832
1762,461.049948
1763,284.737295
1764,349.800952
1765,282.832243
1766,301.547952
1767,264.895672
1768,329.371571
1769,379.625049
1770,350.606449
1771,268.832345
1772,276.160685
1773,314.002148
1774,302.318422
1775,441.191471
1776,296.038236
1777,325.195055
1778,371.070193
1779,384.338098
1780,286.365805
1781,303.341441
1782,258.142412
1783,349.919296
1784,308.530646
1785,341.809722
1786,294.530262
1787,281.331794
1788,344.590572
1789,236.491578
1790,267.490901
1791,292.345235
1792,341.548030
1793,373.392145
1794,433.085844
1795,280.688491
1796,342.614124
1797,308.462002
1798,338.978831
1799,326.456750
1800,309.070209
1801,288.319751
1802,274.469764
1803,285.733603
1804,346.381305
1805,293.600383
1806,269.885112
1807,381.726939
1808,293.663336
1809,322.743683
1810,318.717889
1811,343.788498
1812,282.422003
1813,405.141657
1814,277.902497
1815,465.238427
1816,272.996032
1817,290.958106
1818,333.524602
1819,526.638466
1820,336.117833
1821,287.655802
1822,373.126118
1823,327.745580
1824,306.367776
1825,380.613391
1826,314.067713
1827,324.814804
1828,315.972222
1829,294.984636
1830,263.239556
1831,287.240028
1832,346.139446
1833,269.156247
1834,324.439771
1835,293.066326
1836,272.500636
1837,326.075512
1838,279.669003
1839,291.849283
1840,277.663167
1841,316.550174
1842,271.500848
1843,317.327706
1844,437.368710
1845,300.214043
1846,277.815562
1847,266.448334
1848,299.569433
1849,404.183684
1850,257.710049
1851,374.665714
1852,286.043926
1853,276.364589
1854,339.540387
1855,277.404222
1856,322.379606
1857,377.740018
1858,319.000654
1859,296.498326
1860,494.787098
1861,303.042271
1862,307.308276
1863,314.201371
1864,416.881000
1865,275.141596
1866,305.283928
1867,268.284299
1868,296.978228
1869,265.194010
1870,330.023393
1871,362.344952
1872,248.882282
1873,307.201322
1874,298.380153
1875,298.098105
1876,270.558769
1877,335.224005
1878,284.369144
1879,313.475261
1880,303.994360
1881,327.104687
1882,308.876847
1883,420.465387
1884,262.451016
1885,266.156054
1886,407.776300
1887,271.744169
1888,289.153556
1889,305.726098
1890,362.798825
1891,314.944235
1892,387.116875
1893,440.787468
1894,378.760715
1895,370.156489
1896,283.402743
1897,364.217765
1898,327.884843
1899,495.967095
1900,276.042616
1901,295.222983
1902,304.460359
1903,321.687426
1904,343.762089
1905,265.914839
1906,284.943470
1907,363.530765
1908,286.294519
1909,296.998470
1910,312.474825
1911,282.773462
1912,336.690426
1913,306.395999
1914,332.632803
1915,349.852035
1916,362.316726
1917,324.651324
1918,267.315306
1919,307.899406
1920,395.603336
1921,291.615332
1922,312.748196
1923,323.527546
1924,404.285449
1925,288.475172
1926,303.032708
1927,275.084235
1928,253.179276
1929,316.678312
1930,392.132837
1931,327.976551
1932,341.616640
1933,300.416778
1934,376.744173
1935,298.443069
1936,302.845991
1937,389.302172
1938,371.757570
1939,256.737009
1940,368.339708
1941,290.237575
1942,258.855381
1943,414.999794
1944,293.101876
1945,418.362124
1946,420.299197
1947,308.984188
1948,349.905557
1949,346.375966
1950,372.437930
1951,339.875152
1952,431.246109
1953,297.690169
1954,284.637892
1955,354.628141
1956,368.373465
1957,406.252113
1958,464.151155
1959,282.551563
1960,252.062053
1961,377.095079
1962,322.943844
1963,327.828731
1964,294.988458
1965,390.189323
1966,362.806498
1967,374.516212
1968,306.102833
1969,370.396256
1970,252.195532
1971,289.139296
1972,265.765877
1973,398.396242
1974,394.182054
1975,273.425756
1976,374.324192
1977,355.054555
1978,321.123479
1979,282.868830
1980,273.247851
1981,304.706408
1982,285.262725
1983,277.483979
1984,331.562958
1985,282.779878
1986,315.182952
1987,310.757871
1988,431.041309
1989,340.226931
1990,296.174142
1991,389.891331
1992,293.395699
1993,348.312884
1994,366.234509
1995,344.561755
1996,367.946193
1997,337.929469
1998,436.940235
1999,304.843077
2000,284.198814
2001,305.508254
2002,386.710879
2003,444.105790
2004,317.534955
2005,331.909197
2006,324.644604
2007,324.732195
2008,335.876677
2009,353.602637
2010,313.447357
2011,317.057295
2012,472.014916
2013,402.968089
2014,350.707909
2015,274.675791
2016,253.942184
2017,274.622976
2018,411.525445
2019,377.859489
2020,411.955539
2021,287.283162
2022,361.791225
2023,429.698651
2024,327.883820
2025,426.115280
2026,311.741174
2027,306.339822
2028,293.150059
2029,386.136653
2030,388.400617
2031,386.815337
2032,260.818356
2033,296.452056
2034,356.228132
2035,251.229744
2036,313.281624
2037,294.681528
2038,428.779330
2039,381.576195
2040,242.748618
2041,315.413850
2042,346.337843
2043,283.010828
2044,382.775390
2045,447.144286
2046,307.819358
2047,267.562201
2048,297.844676
2049,311.135013
2050,321.284037
2051,404.547695
2052,305.388131
2053,358.696082
2054,356.563576
2055,420.639394
2056,297.582851
2057,418.356366
2058,307.763077
2059,417.852178
2060,278.062584
2061,280.114376
2062,339.445160
2063,373.794092
2064,451.414676
2065,267.171107
2066,437.402864
2067,318.495096
2068,357.309155
2069,289.881381
2070,382.432963
2071,352.530719
2072,285.392417
2073,331.627700
2074,297.561789
2075,412.727703
2076,319.372705
2077,431.263210
2078,382.223475
2079,305.107501
2080,357.497654
2081,308.229103
2082,297.312025
2083,409.251522
2084,294.322406
2085,441.973017
2086,390.370623
2087,299.470293
2088,325.076729
2089,342.513264
2090,301.575431
2091,297.353997
2092,385.449814
2093,276.286015
2094,312.852879
2095,295.704161
2096,387.664149
2097,279.961475
2098,405.539613
2099,437.053349
2100,289.957355
2101,295.294880
2102,268.133063
2103,313.042608
2104,311.768962
2105,344.166626
2106,287.786505
2107,323.343407
2108,404.669783
2109,312.801768
2110,406.370850
2111,428.759550
2112,382.664933
2113,288.523515
2114,383.869735
2115,297.116921
2116,318.401002
2117,358.100105
2118,408.463160
2119,383.635592
2120,407.734840
2121,350.669484
2122,379.772154
2123,294.813558
2124,267.035504
2125,279.122497
2126,368.849695
2127,466.697681
2128,293.953239
2129,248.318502
2130,337.915884
2131,409.998176
2132,463.231955
2133,330.175570
2134,367.776970
2135,341.358332
2136,311.122843
2137,416.119629
2138,316.301650
2139,371.058109
2140,304.363678
2141,421.576297
2142,307.556986
2143,396.597440
2144,315.333925
2145,398.497156
2146,305.501227
2147,328.551114
2148,357.247496
2149,319.008166
2150,414.011142
2151,302.632795
2152,390.652107
2153,363.989341
2154,414.426194
2155,327.627090
2156,342.411098
2157,352.092798
2158,301.377411
2159,491.254270
2160,291.438068
2161,334.313017
2162,316.169523
2163,329.778216
2164,291.753575
2165,364.280917
2166,302.900281
2167,299.602491
2168,275.654290
2169,262.831846
2170,373.669334
2171,407.669654
2172,395.301231
2173,254.545238
2174,406.801786
2175,314.914489
2176,332.464698
2177,306.088860
2178,351.823609
2179,283.469102
2180,450.069075
2181,255.341554
2182,305.157884
2183,371.058954
2184,382.005572
2185,304.474467
2186,298.293655
2187,333.147614
2188,311.046526
2189,303.248626
2190,414.095544
2191,378.051191
2192,290.056076
2193,405.029691
2194,322.951808
2195,419.031739
2196,361.945377
2197,301.821251
2198,448.614116
2199,277.565932
2200,452.401503
2201,436.600614
2202,351.873022
2203,437.929478
2204,306.960671
2205,424.673416
2206,470.400748
2207,459.359208
2208,446.004452
2209,415.545375
2210,432.680581
2211,440.907478
2212,397.249611
2213,430.441640
2214,403.335045
2215,362.895354
2216,461.283788
2217,416.174733
2218,425.074884
2219,441.115338
2220,391.983520
2221,411.347638
2222,673.585535
2223,453.571594
2224,389.834907
2225,308.355048
2226,424.392545
2227,437.816755
2228,283.990075
2229,414.476930
2230,421.516956
2231,299.816713
2232,445.408015
2233,464.746128
2234,280.690890
2235,341.161613
2236,383.543854
2237,426.025897
2238,436.457802
2239,482.238332
2240,475.693533
2241,454.988389
2242,407.819286
2243,588.685813
2244,393.578996
2245,338.557873
2246,394.406536
2247,388.596556
2248,386.024199
2249,409.036194
2250,269.585118
2251,424.283830
2252,428.094504
2253,334.733618
2254,416.782798
2255,354.292820
2256,321.457370
2257,355.288912
2258,284.736351
2259,398.098659
2260,421.787956
2261,394.202550
2262,395.295633
2263,258.748582
2264,426.699098
2265,363.867680
2266,344.174242
2267,401.209075
2268,467.168822
2269,454.974644
2270,444.601588
2271,445.643659
2272,407.621349
2273,463.605734
2274,458.748684
2275,300.422673
2276,333.037214
2277,432.447892
2278,573.040655
2279,371.941379
2280,457.538239
2281,283.754981
2282,388.415318
2283,327.213147
2284,473.890710
2285,454.183209
2286,420.240286
2287,287.460912
2288,283.090934
2289,337.031598
2290,370.862755
2291,402.092855
2292,406.623072
2293,458.518607
2294,442.486519
2295,394.876659
2296,437.838513
2297,407.537685
2298,338.614223
2299,313.273543
2300,433.124051
2301,423.899820
2302,413.283801
2303,465.986067
2304,457.117130
2305,432.717259
2306,431.371819
2307,431.100555
2308,451.885070
2309,403.932714
2310,362.293193
2311,425.673030
2312,372.197042
2313,426.815955
2314,319.285917
2315,273.606646
2316,274.259459
2317,465.047898
2318,436.332887
2319,418.592324
2320,289.688240
2321,380.780017
2322,449.278561
2323,298.089846
2324,391.090219
2325,462.009555
2326,453.867168
2327,408.520773
2328,367.653390
2329,500.977524
2330,448.405609
2331,372.138209
2332,353.649957
2333,396.841704
2334,458.724715
2335,430.532051
2336,461.895251
2337,431.705037
2338,415.353496
2339,400.144936
2340,452.626113
2341,458.031216
2342,414.020164
2343,333.228201
2344,430.894459
2345,420.053484
2346,363.290695
2347,297.669375
2348,435.491958
2349,365.765974
2350,465.304636
2351,371.015788
2352,362.640031
2353,464.473127
2354,419.248291
2355,330.911706
2356,314.837991
2357,370.614870
2358,418.379316
2359,450.208929
2360,409.559287
2361,362.333413
2362,456.927670
2363,418.411154
2364,461.621852
2365,417.589635
2366,365.791638
2367,393.098216
2368,415.547036
2369,393.885150
2370,476.294229
2371,421.776465
2372,450.294805
2373,402.118391
2374,444.136035
2375,461.913694
2376,354.249131
2377,318.867537
2378,438.297510
2379,411.787077
2380,555.557415
2381,399.820038
2382,283.387384
2383,425.267497
2384,420.564271
2385,381.525690
2386,466.515607
2387,418.446503
2388,374.328140
2389,433.935173
2390,356.295692
2391,290.865984
2392,275.767238
2393,521.673847
2394,257.221084
2395,472.048998
2396,287.818222
2397,446.614807
2398,490.239900
2399,294.197580
2400,431.780462
2401,424.243318
2402,440.795723
2403,467.119325
2404,403.292373
2405,488.431952
2406,427.483400
2407,276.885039
2408,419.438769
2409,446.441218
2410,298.190383
2411,423.285723
2412,457.369654
2413,300.206166
2414,427.926722
2415,432.951621
2416,463.416743
2417,302.820881
2418,384.311652
2419,444.430207
2420,465.737996
2421,386.060093
2422,440.902803
2423,431.181981
2424,411.304905
2425,342.073863
2426,276.289930
2427,465.772253
2428,321.611629
2429,410.172953
2430,411.473432
2431,401.371316
2432,470.577393
2433,301.289510
2434,366.733890
2435,428.636596
2436,372.256808
2437,313.735972
2438,451.585732
2439,382.652783
2440,479.335276
2441,384.087914
2442,436.357202
2443,389.551782
2444,528.895785
2445,438.795291
2446,480.523254
2447,433.956508
2448,443.558910
2449,323.789246
2450,425.080376
2451,439.392840
2452,382.878717
2453,436.305873
2454,327.259026
2455,442.274754
2456,401.617139
2457,466.824338
2458,487.084149
2459,324.486807
2460,400.371784
2461,456.542964
2462,463.682843
2463,497.485532
2464,416.058381
2465,396.303381
2466,442.962471
2467,537.377381
2468,425.274314
2469,429.833268
2470,415.506455
2471,341.806223
2472,419.743304
2473,544.087642
2474,485.597026
2475,414.563467
2476,458.374026
2477,413.262184
2478,498.381179
2479,434.052421
2480,478.832550
2481,484.520084
2482,461.307703
2483,432.802395
2484,570.949138
2485,443.446461
2486,436.257687
2487,515.127258
2488,442.712215
2489,398.586227
2490,379.661586
2491,485.999363
2492,454.779399
2493,426.630122
2494,419.997723
2495,491.609081
2496,385.800710
2497,620.660174
2498,393.569152
2499,411.075141
2500,465.270265
2501,345.907422
2502,432.865105
2503,437.680833
2504,479.548358
2505,438.347976
2506,460.391444
2507,388.873675
2508,463.234301
2509,455.146024
2510,452.055377
2511,439.724360
2512,397.735610
2513,441.508144
2514,407.041207
2515,466.905153
2516,414.596058
2517,508.940994
2518,543.048007
2519,372.610746
2520,526.295290
2521,385.072389
2522,469.594369
2523,412.757379
2524,485.980736
2525,451.952891
2526,530.066845
2527,536.334436
2528,412.155617
2529,408.561601
2530,451.354335
2531,439.998165
2532,435.730224
2533,536.196129
2534,417.433085
2535,546.301166
2536,405.135788
2537,404.870168
2538,411.261951
2539,434.054355
2540,454.366686
2541,459.985279
2542,454.590601
2543,517.174561
2544,467.050880
2545,527.685094
2546,434.446088
2547,441.088334
2548,444.022490
2549,411.437280
2550,423.138719
2551,479.473328
2552,389.747225
2553,481.442499
2554,426.970431
2555,426.472267
2556,413.829948
2557,430.883382
2558,461.655717
2559,295.000478
2560,416.602011
2561,425.334672
2562,395.527419
2563,470.677427
2564,398.165736
2565,439.234044
2566,400.024786
2567,478.865388
2568,575.373016
2569,433.362637
2570,474.628028
2571,456.544396
2572,485.903407
2573,550.918181
2574,393.600179
2575,581.040714
2576,416.819092
2577,490.339910
2578,382.217176
2579,424.451932
2580,425.845121
2581,433.934376
2582,693.265003
2583,466.892946
2584,434.803766
2585,408.533194
2586,437.326301
2587,468.147306
2588,784.270414
2589,433.933809
2590,392.532041
2591,601.389769
2592,403.232548
2593,429.768983
2594,406.324770
2595,441.921551
2596,432.491413
2597,434.657923
2598,311.042200
2599,420.691458
2600,449.755442
2601,468.671026
2602,595.884833
2603,386.862564
2604,447.452678
2605,470.174176
2606,438.525820
2607,402.314168
2608,420.551616
2609,378.090062
2610,467.527311
2611,447.410548
2612,403.679562
2613,426.958207
2614,436.572479
2615,416.631411
2616,395.789390
2617,420.076176
2618,440.242561
2619,427.761075
2620,477.576379
2621,425.558125
2622,398.525403
2623,443.973155
2624,461.435269
2625,486.477770
2626,464.634463
2627,451.461613
2628,456.048172
2629,458.231679
2630,429.995834
2631,430.831926
2632,683.823253
2633,459.299149
2634,450.579514
2635,460.450568
2636,489.055176
2637,425.140444
2638,411.103297
2639,455.706668
2640,472.023926
2641,401.179279
2642,329.162608
2643,288.709416
2644,441.056735
2645,481.127884
2646,682.967437
2647,577.001605
2648,380.882886
2649,584.308624
2650,511.495239
2651,494.568682
2652,361.830693
2653,398.445954
2654,302.006873
2655,444.404008
2656,458.269916
2657,377.276723
2658,648.100114
2659,460.047004
2660,405.922730
2661,429.368894
2662,475.568849
2663,485.221094
2664,427.881462
2665,631.887523
2666,503.033490
2667,485.764439
2668,479.709934
2669,445.785711
2670,419.466696
2671,501.913771
2672,657.477860
2673,401.034219
2674,488.352387
2675,448.424498
2676,510.118189
2677,415.045189
2678,698.458508
2679,534.406107
2680,454.272196
2681,459.295924
2682,487.943990
2683,557.368764
2684,459.945970
2685,663.988678
2686,420.738805
2687,491.699662
2688,451.584246
2689,705.216031
2690,409.503188
2691,414.696915
2692,429.381219
2693,432.048193
2694,483.528114
2695,480.028802
2696,441.662253
2697,468.889789
2698,457.527448
2699,439.951631
2700,407.414171
2701,470.210270
2702,523.129346
2703,450.189272
2704,437.232669
2705,422.697445
2706,436.017221
2707,411.821362
2708,482.380015
2709,446.214370
2710,415.097089
2711,549.913298
2712,416.376395
2713,430.985243
2714,424.915118
2715,448.295725
2716,487.404049
2717,491.711898
2718,457.405798
2719,416.364886
2720,685.996597
2721,505.043356
2722,498.151381
2723,436.939696
2724,435.415514
2725,516.180585
2726,476.117176
2727,431.102858
2728,334.126217
2729,541.755175
2730,440.443154
2731,426.924832
2732,496.302593
2733,508.214715
2734,460.909947
2735,478.221740
2736,469.770968
2737,482.319106
2738,462.478422
2739,453.990583
2740,568.890863
2741,790.124931
2742,419.117641
2743,415.012729
2744,471.902224
2745,489.067950
2746,485.765865
2747,466.187461
2748,412.837349
2749,937.769285
2750,550.412166
2751,738.049963
2752,665.154257
2753,637.432496
2754,657.250156
2755,484.708510
2756,461.324551
2757,461.635320
2758,387.932491
2759,570.708438
2760,570.018014
2761,446.218693
2762,480.429340
2763,419.165512
2764,467.982279
2765,412.576591
2766,337.063423
2767,458.937747
2768,446.962407
2769,451.431213
2770,466.915434
2771,451.194054
2772,406.788715
2773,652.298583
2774,464.237147
2775,478.546684
2776,446.601212
2777,484.034433
2778,719.738467
2779,478.834905
2780,479.343340
2781,467.272625
2782,457.746690
2783,486.671855
2784,671.059690
2785,482.740740
2786,463.353062
2787,576.463333
2788,422.639738
2789,430.118191
2790,718.349138
2791,460.492587
2792,436.719557
2793,465.691263
2794,451.491212
2795,500.232388
2796,421.707680
2797,462.941319
2798,453.216938
2799,456.485792
2800,388.275717
2801,459.300836
2802,474.596331
2803,460.905759
2804,485.011344
2805,420.930257
2806,543.523824
2807,463.306758
2808,500.853136
2809,428.499059
2810,433.932445
2811,427.708197
2812,439.940668
2813,470.548045
2814,419.232940
2815,494.204623
2816,442.503485
2817,370.104015
2818,420.109822
2819,459.128198
2820,429.857257
2821,454.096364
2822,653.707716
2823,451.933617
2824,475.479284
2825,512.661237
2826,433.068145
2827,452.796142
2828,454.050556
2829,422.025437
2830,458.214792
2831,529.472981
2832,562.131017
2833,463.374066
2834,474.205770
2835,414.497360
2836,420.443625
2837,670.890996
2838,462.466501
2839,432.894868
2840,457.496741
2841,703.022448
2842,442.002777
2843,498.212335
2844,475.085179
2845,411.992268
2846,439.654784
2847,632.281171
2848,369.108214
2849,555.994675
2850,493.481790
2851,429.709067
2852,499.662389
2853,442.116168
2854,474.230667
2855,473.192592
2856,450.660100
2857,451.188887
2858,476.845419
2859,429.645878
2860,456.090675
2861,434.180164
2862,470.575985
2863,437.704797
2864,443.031275
2865,473.651030
2866,412.560043
2867,495.963244
2868,655.012877
2869,540.388619
2870,536.930343
2871,447.495662
2872,442.251849
2873,480.062774
2874,726.511418
2875,417.209247
2876,453.481275
2877,447.667824
2878,538.822642
2879,451.643328
2880,503.005423
2881,754.263259
2882,422.851759
2883,485.010735
2884,690.733626
2885,882.277884
2886,1087.901743
2887,424.281833
2888,758.022586
2889,452.943385
2890,641.440660
2891,480.248233
2892,415.901815
2893,494.048548
2894,405.410061
2895,502.464411
2896,561.487875
2897,484.333410
2898,474.109386
2899,500.555037
2900,789.526010
2901,307.256741
2902,460.176259
2903,437.630316
2904,477.336084
2905,623.041061
2906,705.300231
2907,484.041729
2908,441.779956
2909,475.051291
2910,974.106596
2911,530.561653
2912,721.458691
2913,459.434851
2914,435.930905
2915,465.788877
2916,471.529557
2917,458.917741
2918,452.828677
2919,585.965867
2920,431.780892
2921,500.719612
2922,442.818457
2923,458.975564
2924,488.035301
2925,471.201670
2926,475.628937
2927,490.140669
2928,598.306892
2929,1321.850355
2930,497.194781
2931,441.983198
2932,493.528215
2933,494.179663
2934,713.386002
2935,560.631520
2936,472.977266
2937,782.346626
2938,527.792355
2939,483.795321
2940,484.372460
2941,436.571460
2942,695.408733
2943,437.957075
2944,465.024517
2945,489.220674
2946,465.557998
2947,436.467681
2948,472.648742
2949,467.101118
2950,677.443531
2951,554.735299
2952,433.443822
2953,460.796318
2954,457.959003
2955,641.686669
2956,430.807760
2957,436.810897
2958,436.761914
2959,428.035103
2960,486.368099
2961,413.880603
2962,448.291670
2963,467.525660
2964,419.702971
2965,462.835162
2966,415.025332
2967,478.219526
2968,467.952452
2969,689.319757
2970,545.642825
2971,410.566647
2972,686.159972
2973,427.319035
2974,433.589511
2975,471.047677
2976,744.243760
2977,640.345404
2978,494.845743
2979,459.155229
2980,484.549226
2981,531.448639
2982,517.669441
2983,632.289511
2984,476.138532
2985,957.420340
2986,680.848597
2987,774.878196
2988,505.372245
2989,427.009091
2990,447.927568
2991,513.864347
2992,426.551625
2993,547.009106
2994,661.510903
2995,532.981364
2996,684.529945
2997,429.861166
2998,702.983052
2999,492.279479
3000,874.942538
3001,611.826559
3002,849.313721
3003,546.409263
3004,475.795748
3005,593.267263
3006,439.320511
3007,510.845096
3008,475.971966
3009,720.783612
3010,495.766176
3011,398.179916
3012,444.278901
3013,365.976462
3014,719.460120
3015,773.545195
3016,491.905460
3017,704.045595
3018,501.026699
3019,512.092072
3020,453.517854
3021,485.807033
3022,424.533432
3023,528.812080
3024,458.600530
3025,693.180770
3026,462.625087
3027,684.813486
3028,762.970462
3029,687.022297
3030,452.350243
3031,462.097440
3032,758.582943
3033,478.485133
3034,713.626656
3035,499.758491
3036,512.964055
3037,418.321072
3038,464.325483
3039,438.301334
3040,439.949853
3041,454.508025
3042,507.275369
3043,444.994540
3044,427.322288
3045,448.461503
3046,483.195820
3047,623.785239
3048,468.464683
3049,629.677575
3050,495.055670
3051,424.174357
3052,642.300444
3053,492.260002
3054,660.856952
3055,486.689438
3056,484.524924
3057,462.028540
3058,498.493385
3059,614.089533
3060,399.498722
3061,440.684992
3062,723.137291
3063,574.644069
3064,630.459548
3065,517.233482
3066,562.760826
3067,806.608960
3068,460.521003
3069,456.275861
3070,761.528825
3071,463.693966
3072,614.486162
3073,642.567350
3074,477.824366
3075,626.706319
3076,808.141781
3077,561.038855
3078,589.080140
3079,485.367400
3080,493.449455
3081,452.828967
3082,746.146626
3083,659.471082
3084,734.739551
3085,518.162695
3086,483.836436
3087,915.890765
3088,740.521699
3089,448.523368
3090,702.535207
3091,444.671730
3092,475.278646
3093,460.627516
3094,714.469020
3095,521.135979
3096,1654.457023
3097,458.923986
3098,776.504873
3099,786.550048
3100,611.784849
3101,667.457575
3102,638.099661
3103,617.431075
3104,525.853477
3105,784.645249
3106,658.664910
3107,788.711148
3108,718.836596
3109,492.057376
3110,589.218260
3111,656.079494
3112,549.264947
3113,537.164615
3114,587.080554
3115,521.826224
3116,631.574400
3117,742.263475
3118,493.931115
3119,481.737550
3120,1023.341856
3121,755.133726
3122,1191.069136
3123,468.992825
3124,613.834376
3125,455.949842
3126,695.820612
3127,720.023854
3128,704.648846
3129,639.339728
3130,497.415649
3131,516.461844
3132,482.771250
3133,1319.268189
3134,712.135356
3135,497.108732
3136,667.272555
3137,531.214378
3138,703.176624
3139,692.046283
3140,982.037114
3141,1072.000380
3142,538.502902
3143,688.385166
3144,673.569341
3145,449.850923
3146,1220.822811
3147,809.052851
3148,728.859937
3149,1456.136556
3150,532.653674
3151,532.444563
3152,701.116437
3153,1768.766166
3154,483.348433
3155,429.311640
3156,782.144612
3157,681.838919
3158,749.861479
3159,1003.492329
3160,786.148865
3161,838.696298
3162,636.106436
3163,452.337671
3164,675.514424
3165,513.714054
3166,504.074024
3167,845.539790
3168,458.770719
3169,814.921738
3170,752.257456
3171,731.061786
3172,680.934023
3173,588.474973
3174,445.699163
3175,468.385080
3176,676.371888
3177,632.132659
3178,521.646572
3179,740.221162
3180,694.283019
3181,465.937148
3182,502.204031
3183,723.026780
3184,415.377758
3185,1591.551260
3186,477.466246
3187,788.462940
3188,754.645349
3189,491.722235
3190,487.552115
3191,826.292398
3192,576.109717
3193,1217.356526
3194,729.785047
3195,497.024877
3196,446.846105
3197,657.844077
3198,1546.196262
3199,471.066163
3200,632.076364
3201,658.984237
3202,598.115871
3203,682.955029
3204,530.650451
3205,1227.081798
3206,712.755699
3207,710.207182
3208,567.580460
3209,633.095788
3210,474.428444
3211,535.142544
3212,741.701231
3213,608.603782
3214,572.965905
3215,476.279841
3216,773.196339
3217,1058.054773
3218,493.267447
3219,529.038747
3220,512.187884
3221,478.666878
3222,509.723554
3223,775.898396
3224,560.970887
3225,530.416429
3226,994.401095
3227,787.251919
3228,514.376493
3229,631.926523
3230,997.271547
3231,1292.980912
3232,967.190568
3233,536.762485
3234,776.244104
3235,818.763076
3236,705.824060
3237,715.589373
3238,521.331028
3239,495.122970
3240,463.101597
3241,698.723015
3242,854.334101
3243,1061.006625
3244,721.037597
3245,592.792682
3246,504.428539
3247,788.849394
3248,487.354359
3249,767.503495
3250,986.053245
3251,593.315746
3252,1515.628445
3253,831.113241
3254,1058.780662
3255,699.408458
3256,508.167834
3257,706.987178
3258,532.535534
3259,778.354626
3260,860.446221
3261,796.823986
3262,894.594139
3263,543.704890
3264,477.650722
3265,635.569999
3266,1234.002307
3267,759.093514
3268,1488.351004
3269,703.024509
3270,676.959157
3271,759.755516
3272,725.528895
3273,567.829254
3274,827.739305
3275,759.320084
3276,819.390328
3277,743.477527
3278,544.762773
3279,741.394879
3280,514.068021
3281,939.427059
3282,520.069251
3283,1223.409627
3284,796.166036
3285,804.426274
3286,1026.069022
3287,484.236693
3288,819.639049
3289,517.934847
3290,489.959460
3291,577.771928
3292,1213.947221
3293,699.133683
3294,688.475929
3295,923.623794
3296,627.974409
3297,733.818185
3298,525.901774
3299,1159.265229
3300,1627.012495
3301,752.772826
3302,457.743023
3303,1097.458129
3304,696.191178
3305,817.126289
3306,769.687716
3307,985.684369
3308,475.879065
3309,1150.357278
3310,1140.762203
3311,434.577702
3312,750.001092
3313,440.322319
3314,735.637696
3315,540.889878
3316,780.225861
3317,673.881526
3318,861.500621
3319,971.107327
3320,1292.877647
3321,763.929720
3322,1830.443886
3323,775.088877
3324,888.158087
3325,816.531423
3326,687.416155
3327,482.790476
3328,841.446229
3329,1724.658936
3330,707.195205
3331,869.039238
3332,707.337831
3333,883.718132
3334,781.565897
3335,490.064809
3336,1414.290250
3337,534.018610
3338,2570.023139
3339,991.045219
3340,1113.346839
3341,984.244094
3342,797.074169
3343,740.972613
3344,1273.186716
3345,520.697740
3346,2656.510927
3347,973.385409
3348,809.455228
3349,690.705693
3350,2261.385914
3351,1011.715600
3352,689.803752
3353,702.427022
3354,665.812540
3355,479.882369
3356,711.714416
3357,731.878960
3358,851.439002
3359,746.271046
3360,517.165790
3361,1793.570901
3362,787.325450
3363,986.157197
3364,725.859717
3365,704.822241
3366,1987.578077
3367,1052.300760
3368,1049.955906
3369,732.679835
3370,808.003603
3371,1390.607674
3372,2184.243785
3373,788.452471
3374,1866.546606
3375,1069.702769
3376,3004.334661
3377,531.430913
3378,497.366196
3379,1115.395430
3380,2232.730210
3381,946.306172
3382,832.082069
3383,824.229759
3384,489.800351
3385,910.099672
3386,750.088089
3387,736.531875
3388,1091.745455
3389,752.762087
3390,837.256059
3391,1011.876900
3392,1422.677688
3393,823.678198
3394,757.862584
3395,1229.425323
3396,826.805461
3397,1118.271227
3398,801.341927
3399,2370.290193
3400,1207.319354
3401,1882.233676
3402,1236.056071
3403,763.966332
3404,748.841102
3405,713.759443
3406,1014.181743
3407,691.162295
3408,2278.856773
3409,508.930922
3410,1357.992674
3411,721.875885
3412,956.154192
3413,1065.166946
3414,873.647634
3415,1266.989191
3416,1671.385352
3417,812.433335
3418,665.250163
3419,828.829607
3420,695.501789
3421,666.256333
3422,984.553120
3423,1446.564952
3424,997.788110
3425,1441.517324
3426,460.994486
3427,759.957978
3428,692.524924
3429,624.606129
3430,758.643861
3431,735.845727
3432,795.955761
3433,721.792596
3434,1245.801647
3435,738.302581
3436,1475.417159
3437,1058.071866
3438,1266.563801
3439,744.732902
3440,745.037350
3441,759.012288
3442,747.390972
3443,551.173996
3444,1571.206679
3445,3998.449899
3446,1003.467121
3447,3586.700383
3448,1373.582988
3449,711.662239
3450,1226.775294
3451,851.107759
3452,724.145369
3453,1328.675200
3454,493.786243
3455,784.482602
3456,1728.558978
3457,1031.255691
3458,798.763908
3459,1082.796436
3460,1101.995218
3461,811.782302
3462,821.933484
3463,888.960895
3464,721.281766
3465,735.166451
3466,979.757539
3467,749.302442
3468,1069.916875
3469,756.406854
3470,1055.391382
3471,793.949466
3472,737.890291
3473,711.912964
3474,1066.180688
3475,754.804285
3476,1136.286717
3477,1358.154024
3478,2028.810149
3479,1232.880453
3480,888.994106
3481,1083.110590
3482,968.925540
3483,957.867181
3484,506.603690
3485,1174.373464
3486,2463.971652
3487,1688.468264
3488,725.326862
3489,2668.255694
3490,607.577225
3491,948.533379
3492,605.461622
3493,1450.575875
3494,830.899810
3495,1272.003687
3496,738.686398
3497,1073.963888
3498,1059.878596
3499,797.430692
3500,1486.664209
3501,1677.716118
3502,721.495353
3503,1161.558006
3504,803.147059
3505,790.120111
3506,984.557577
3507,1402.802235
3508,1058.245764
3509,819.791148
3510,739.072116
3511,925.102760
3512,792.775829
3513,2168.908397
3514,1992.486022
3515,642.456918
3516,1755.439591
3517,2206.393298
3518,939.446095
3519,1260.085489
3520,1533.206348
3521,4505.618907
3522,973.385488
3523,3027.623811
3524,824.375428
3525,1038.070765
3526,1587.233242
3527,1581.461783
3528,689.085385
3529,1309.837912
3530,790.190651
3531,1218.387669
3532,794.031720
3533,1317.012023
3534,954.107220
3535,765.042132
3536,1377.426781
3537,1518.437730
3538,984.549139
3539,1026.021687
3540,711.384147
3541,910.123585
3542,733.709902
3543,1066.442613
3544,652.360001
3545,800.655121
3546,1288.790412
3547,757.580361
3548,919.693576
3549,1306.838960
3550,784.787961
3551,727.634993
3552,1043.113860
3553,1207.515373
3554,821.417172
3555,756.350673
3556,921.021061
3557,599.978763
3558,1931.207741
3559,980.625875
3560,817.497759
3561,2614.877048
3562,776.127766
3563,1058.637379
3564,1146.088428
3565,1053.174115
3566,688.874508
3567,685.983431
3568,1058.932140
3569,889.839933
3570,1057.571327
3571,959.060848
3572,745.709401
3573,1052.433436
3574,742.122944
3575,839.000692
3576,864.655690
3577,771.131554
3578,819.862842
3579,1232.271280
3580,2454.759572
3581,1059.945390
3582,866.716398
3583,914.191759
3584,833.675428
3585,880.773279
3586,1027.951515
3587,1004.541942
3588,981.202105
3589,1843.439882
3590,1097.104339
3591,1943.510089
3592,1517.904338
3593,4023.640626
3594,979.554302
3595,1589.161230
3596,1404.717754
3597,803.190876
3598,992.892727
3599,1227.970687
3600,1147.895705
3601,1743.920463
3602,1476.383920
3603,1093.330233
3604,2206.380674
3605,878.205630
3606,1733.980702
3607,734.275402
3608,1472.080103
3609,1222.886949
3610,1086.173771
3611,4192.486507
3612,2709.080315
3613,1508.093236
3614,1009.789995
3615,1218.155502
3616,1018.665408
3617,880.149271
3618,835.146816
3619,898.938313
3620,807.442419
3621,1757.991347
3622,1580.291171
3623,1289.118056
3624,730.148390
3625,1634.461904
3626,1344.904896
3627,2373.170198
3628,1054.691917
3629,2183.999083
3630,789.537206
3631,1448.175098
3632,974.265799
3633,860.211461
3634,719.923755
3635,550.174441
3636,9441.511048
3637,1336.779601
3638,1456.603678
3639,830.698253
3640,783.726556
3641,1015.231719
3642,827.579938
3643,1116.084911
3644,1031.421750
3645,934.043318
3646,4206.997081
3647,1053.460443
3648,1830.460051
3649,3003.255964
3650,938.642069
3651,1245.478279
3652,1021.840914
3653,1386.146305
3654,1150.066648
3655,748.154435
3656,890.769609
3657,882.738045
3658,1038.343943
3659,1622.538072
3660,1479.498924
3661,896.647780
3662,1424.825958
3663,2409.447722
3664,1534.462395
3665,703.756689
3666,1638.104594
3667,1861.338518
3668,2389.058037
3669,2356.483204
3670,2244.407437
3671,1410.606928
3672,1782.022249
3673,5050.052546
3674,1152.148679
3675,1176.249961
3676,4368.376342
3677,1254.514907
3678,1678.262164
3679,14724.044287
3680,814.692047
3681,1573.134965
3682,1275.258260
3683,1516.749773
3684,1533.781674
3685,921.046837
3686,894.831453
3687,1082.876466
3688,1951.306269
3689,908.918289
3690,1171.039984
3691,974.203565
3692,2791.222886
3693,624.105665
3694,5272.455122
3695,1105.669394
3696,903.704624
3697,1436.772694
3698,4143.248990
3699,1525.128209
3700,795.869488
3701,757.069816
3702,941.424236
3703,914.335188
3704,872.012693
3705,793.622680
3706,753.481109
3707,1561.186198
3708,897.753914
3709,1910.520145
3710,790.551642
3711,1231.889443
3712,1641.254419
3713,1164.483583
3714,765.467875
3715,1930.263957
3716,1093.922757
3717,3621.651028
3718,938.851345
3719,1959.945231
3720,778.353682
3721,934.979658
3722,19256.230202
3723,1100.582418
3724,1476.410536
3725,1487.537530
3726,807.243115
3727,931.864013
3728,683.790393
3729,754.291382
3730,1386.546343
3731,787.667069
3732,1068.180381
3733,541.724496
3734,1300.649994
3735,1027.875908
3736,1140.428050
3737,1081.065061
3738,790.594076
3739,823.242279
3740,1868.697592
3741,1152.648243
3742,889.192943
3743,843.802716
3744,2018.743905
3745,1624.835577
3746,1074.732664
3747,1253.193703
3748,835.708879
3749,907.004838
3750,1090.534596
3751,1652.078730
3752,2132.144183
3753,888.375482
3754,992.450985
3755,857.343767
3756,2048.806467
3757,1810.201352
3758,1013.145251
3759,970.964346
3760,2073.360927
3761,855.425163
3762,1085.191175
3763,798.963677
3764,874.365752
3765,918.113930
3766,793.845069
3767,1844.015100
3768,1023.652350
3769,814.126919
3770,706.501520
3771,811.922005
3772,754.266541
3773,6188.150964
3774,1792.311374
3775,991.549316
3776,1060.901506
3777,2168.713366
3778,2237.922477
3779,891.269124
3780,2622.966124
3781,1292.286524
3782,902.058302
3783,769.568396
3784,1531.400034
3785,731.869138
3786,971.758102
3787,1286.073635
3788,846.882979
3789,3245.631639
3790,688.476153
3791,909.259270
3792,1032.804187
3793,3538.508847
3794,1370.099151
3795,846.759072
3796,840.880073
3797,933.350744
3798,1348.780486
3799,898.844767
3800,1487.082916
3801,815.021757
3802,1084.687378
3803,960.295793
3804,1037.433998
3805,777.106297
3806,1026.241006
3807,644.475400
3808,1710.905616
3809,1116.594532
3810,985.885313
3811,1451.607136
3812,823.164356
3813,1028.964709
3814,836.251130
3815,942.353684
3816,1996.836978
3817,3418.499191
3818,939.122660
3819,863.740999
3820,1608.335474
3821,597.714897
3822,1070.978445
3823,855.750471
3824,900.337443
3825,1233.778260
3826,882.275825
3827,1708.988239
3828,1853.642024
3829,814.691688
3830,1707.222050
3831,1535.610249
3832,1670.295966
3833,805.910534
3834,1714.697814
3835,1989.263337
3836,912.830720
3837,838.568564
3838,1363.765015
3839,1558.921832
3840,1322.728222
3841,896.076915
3842,1433.804810
3843,5250.345153
3844,1241.814069
3845,725.926661
3846,884.149773
3847,2370.326260
3848,1332.957226
3849,799.433941
3850,1163.570929
3851,1022.643878
3852,5350.066159
3853,1805.722387
3854,1048.349517
3855,1527.066178
3856,817.004310
3857,1598.795828
3858,988.301005
3859,908.371423
3860,1037.744996
3861,1309.595751
3862,882.160906
3863,1133.138486
3864,2959.954175
3865,2184.488629
3866,900.819940
3867,1597.130609
3868,1142.292632
3869,1302.967622
3870,1215.754002
3871,862.524821
3872,1074.450980
3873,2409.215198
3874,1740.247180
3875,5980.686661
3876,1990.792701
3877,1145.180751
3878,1483.048188
3879,1063.953973
3880,1935.731629
3881,743.150135
3882,859.286767
3883,3061.539238
3884,816.580721
3885,1486.625937
3886,1024.455242
3887,1368.024498
3888,802.670076
3889,919.208087
3890,1355.449400
3891,1072.208517
3892,984.794154
3893,1617.724507
3894,1190.840379
3895,871.700398
3896,890.723415
3897,790.795719
3898,3103.603334
3899,858.872438
3900,797.202005
3901,943.324048
3902,755.205990
3903,990.716894
3904,1701.410756
3905,912.435808
3906,850.611462
3907,990.650865
3908,2781.727860
3909,1191.726364
3910,1325.380850
3911,815.606045
3912,1505.402848
3913,999.671487
3914,951.931545
3915,1407.130003
3916,1271.045342
3917,1096.098109
3918,839.248787
3919,1308.291024
3920,705.792304
3921,941.856584
3922,1163.584401
3923,1035.079516
3924,819.221808
3925,1942.684558
3926,967.468576
3927,1917.780154
3928,1636.117013
3929,1323.300040
3930,1296.762678
3931,1147.502934
3932,962.039882
3933,890.993164
3934,1548.092385
3935,1047.355645
3936,827.415814
3937,1236.080353
3938,1525.451761
3939,1747.010349
3940,993.287173
3941,1334.169427
3942,1993.953001
3943,1275.624805
3944,2962.104614
3945,1076.601172
3946,4755.535098
3947,1560.908533
3948,1284.302348
3949,1048.853918
3950,840.812703
3951,6532.175694
3952,721.140703
3953,1223.693799
3954,1492.947923
3955,1596.767019
3956,1074.642678
3957,884.157277
3958,1218.386118
3959,666.093312
3960,1853.317402
3961,694.964668
3962,1212.801112
3963,1160.955874
3964,932.940831
3965,1239.110582
3966,932.844675
3967,1101.625830
3968,1495.482247
3969,871.727269
3970,1234.866626
3971,881.412221
3972,739.965209
3973,754.803241
3974,937.645753
3975,870.154031
3976,739.398041
3977,1820.760475
3978,1688.683437
3979,888.905667
3980,855.617117
3981,1404.483409
3982,859.029488
3983,1103.717541
3984,1100.323265
3985,1007.700270
3986,1311.974183
3987,2429.334691
3988,2354.425654
3989,2019.757000
3990,1868.755130
3991,1017.402428
3992,1766.183924
3993,1744.389689
3994,2362.526725
3995,2037.211846
3996,2984.444235
3997,1414.736152
3998,993.738020
3999,1381.007774
4000,878.516680
4001,973.585061
4002,939.155673
4003,990.207572
4004,3424.078789
4005,1173.472401
4006,1241.125698
4007,1835.204481
4008,811.865612
4009,937.818111
4010,1072.536885
4011,959.770988
4012,1837.967627
4013,1905.786026
4014,2020.748498
4015,3054.860275
4016,982.028995
4017,894.947607
4018,2041.002169
4019,4424.855991
4020,1762.481599
4021,1199.904192
4022,1102.103695
4023,2498.219119
4024,1247.959045
4025,904.910353
4026,1234.129555
4027,1798.100924
4028,1924.328360
4029,1038.376786
4030,1421.279884
4031,1955.605176
4032,1089.256109
4033,1523.022785
4034,3067.664477
4035,2828.839830
4036,2819.828621
4037,1123.630653
4038,1060.397588
4039,1924.886703
4040,1073.176230
4041,1776.475700
4042,1139.880562
4043,1333.151766
4044,961.484798
4045,1200.617343
4046,2452.190509
4047,1915.930493
4048,1505.058982
4049,936.140784
4050,968.810316
4051,2650.565761
4052,980.924431
4053,860.291516
4054,934.948576
4055,1704.600391
4056,1622.774973
4057,1595.361941
4058,981.611276
4059,1028.045633
4060,8080.039330
4061,1644.098365
4062,933.638819
4063,1176.098718
4064,1035.609706
4065,1645.670698
4066,1031.357097
4067,1067.891096
4068,932.740842
4069,1318.125777
4070,4792.865317
4071,1255.577538
4072,2443.522222
4073,805.201291
4074,1141.157736
4075,903.584673
4076,23888.791601
4077,5342.370390
4078,1749.273339
4079,1378.199742
4080,2271.564574
4081,2578.774126
4082,1800.189784
4083,2086.605376
4084,1063.682844
4085,6511.598559
4086,1106.781371
4087,2540.373797
4088,2318.808951
4089,912.509398
4090,2478.209373
4091,3207.904661
4092,931.048302
4093,2041.749518
4094,844.749239
4095,1366.475176
4096,3422.820240
4097,2407.201727
4098,2509.187413
4099,3000.932595
4100,1796.848331
4101,1240.537678
4102,5458.484957
4103,5148.139775
4104,1399.048416
4105,1255.844729
4106,1900.818647
4107,2188.073359
4108,3153.185901
4109,4216.232794
4110,1612.810458
4111,1115.937387
4112,5965.453841
4113,18373.941679
4114,3032.214975
4115,5818.506556
4116,1697.573515
4117,1590.153230
4118,8856.317365
4119,5819.835321
4120,4302.945242
4121,1059.312327
4122,1162.002020
4123,11159.600821
4124,1933.861486
4125,1305.289596
4126,1136.420677
4127,1036.648449
4128,12149.544864
4129,2366.765096
4130,921.606032
4131,1144.157164
4132,1421.642998
4133,2018.171714
4134,1592.789386
4135,2611.831557
4136,2425.477211
4137,1273.905355
4138,1084.501341
4139,1366.673557
4140,2311.700552
4141,1694.109004
4142,1813.013927
4143,1488.756652
4144,1545.748365
4145,4913.070358
4146,1897.553978
4147,13972.819933
4148,881.676175
4149,1411.482140
4150,1559.762809
4151,964.770497
4152,1503.605067
4153,837.036818
4154,1306.986278
4155,1085.691095
4156,1250.744749
4157,1579.512872
4158,30401.634652
4159,1829.863610
4160,3376.635476
4161,2516.835185
4162,1060.205284
4163,12509.021165
4164,1971.018021
4165,75282.598140
4166,24929.789581
4167,988.902928
4168,2944.582525
4169,5282.267096
4170,984.291936
4171,1130.300501
4172,1259.731098
4173,1101.359431
4174,977.195129
4175,3590.057326
4176,1155.234634
4177,724.968814
4178,982.895662
4179,1946.682361
4180,4317.189870
4181,2497.521978
4182,1448.029209
4183,988.155315
4184,1332.375405
4185,1163.380495
4186,22444.446287
4187,1680.593653
4188,1266.586228
4189,1716.137306
4190,1545.231913
4191,1736.544550
4192,5253.601750
4193,2830.228352
4194,1868.740037
4195,2215.457755
4196,2779.695719
4197,1346.220752
4198,884.773315
4199,1370.222846
4200,2578.906436
4201,2556.125897
4202,11647.420182
4203,1571.150548
4204,1130.094950
4205,1243.482013
4206,4606.856945
4207,1054.694169
4208,2324.392222
4209,3600.785930
4210,4504.423138
4211,4593.929784
4212,1520.377328
4213,2945.496710
4214,1000.678505
4215,2305.367145
4216,1200.489074
4217,1976.733076
4218,884.956751
4219,2165.021761
4220,1614.651233
4221,5909.379289
4222,1692.030693
4223,1592.271245
4224,1133.566037
4225,1042.332736
4226,1427.666561
4227,8537.797281
4228,1071.275775
4229,997.675428
4230,2308.918606
4231,1378.770339
4232,96895.423477
4233,1308.815037
4234,2345.277688
4235,5397.230665
4236,9977.423125
4237,1910.354234
4238,6371.267247
4239,2819.388748
4240,4207.334814
4241,4027.410159
4242,1367.276111
4243,1873.621242
4244,1836.193781
4245,2041.010807
4246,944.667395
4247,14720.957772
4248,1798.651086
4249,1405.213319
4250,5032.052467
4251,1336.432826
4252,1611.140697
4253,1819.198092
4254,1141.326305
4255,1369.243894
4256,8348.241643
4257,9184.021290
4258,2780.587507
4259,5129.441695
4260,1156.457323
4261,2010.487347
4262,1003.046808
4263,1091.880515
4264,1734.724789
4265,5820.203727
4266,1000.797076
4267,1109.909164
4268,1561.141761
4269,1778.542311
4270,2070.601167
4271,976.629480
4272,1891.230823
4273,1458.353904
4274,1742.106098
4275,969.760525
4276,1242.919115
4277,1304.600377
4278,982.485120
4279,1184.021535
4280,1183.452087
4281,3381.176710
4282,1557.307357
4283,1137.215758
4284,2532.208718
4285,1044.550131
4286,3635.069894
4287,30394.081725
4288,934.366005
4289,4047.538710
4290,1417.343433
4291,1211.544587
4292,2719.507023
4293,132919.122262
4294,1194.044609
4295,1046.097618
4296,18631.577664
4297,1854.122699
4298,3032.356798
4299,1000.620880
4300,9168.741733
4301,2799.070741
4302,1410.063440
4303,1269.102738
4304,1338.260111
4305,1941.224091
4306,1584.432818
4307,952.428174
4308,2537.046507
4309,1771.849610
4310,976.164829
4311,1046.047178
4312,1150.929020
4313,1075.775270
4314,920.978746
4315,1498.040528
4316,2069.710123
4317,1290.494296
4318,994.547587
4319,1175.941395
4320,2034.061102
4321,5376.592228
4322,1255.001557
4323,1060.073206
4324,939.392082
4325,992.523669
4326,1309.547339
4327,1254.470246
4328,1127.220991
4329,1583.385250
4330,1137.756684
4331,781.652970
4332,16904.029666
4333,4089.000570
4334,1517.714997
4335,958.191063
4336,2113.492503
4337,6141.415345
4338,883.157728
4339,1982.893557
4340,1050.836206
4341,7574.848260
4342,3524.737231
4343,991.346957
4344,774.543196
4345,1222.846757
4346,1457.422787
4347,1549.727802
4348,1931.874768
4349,18101.311279
4350,3927.771772
4351,1340.490313
4352,2478.190922
4353,1682.022837
4354,9959.103536
4355,3431.888426
4356,1118.062805
4357,1004.578812
4358,1694.406404
4359,1021.762940
4360,736.111201
4361,1087.917373
4362,1926.295939
4363,908.493823
4364,1091.252183
4365,1391.919853
4366,1315.407271
4367,1131.739774
4368,1284.041194
4369,944.771423
4370,1167.635171
4371,1612.932537
4372,8345.551577
4373,1601.357318
4374,1303.438542
4375,1162.523074
4376,3546.141584
4377,2247.609093
4378,1198.521429
4379,1043.640354
4380,1866.218182
4381,2107.124601
4382,1137.180205
4383,1178.959885
4384,1321.982285
4385,1252.601316
4386,1216.200357
4387,2532.246419
4388,1169.216661
4389,1203.473065
4390,1294.182406
4391,3734.097158
4392,4585.559418
4393,1052.958510
4394,3388.641083
4395,1711.662875
4396,2077.010677
4397,1444.603699
4398,1379.753067
4399,1179.183987
4400,1165.889057
4401,1701.952724
4402,1029.362278
4403,4933.025840
4404,5738.970601
4405,1797.281210
4406,907.719356
4407,920.599240
4408,1086.494006
4409,1705.841666
4410,1760.353065
4411,1805.353472
4412,866.480370
4413,849.414066
4414,1098.796590
4415,1317.715859
4416,1954.904405
4417,1576.935725
4418,2735.950451
4419,842.535239
4420,921.979746
4421,1544.197302
4422,1331.774772
4423,1983.238825
4424,5411.165812
4425,1160.238019
4426,1308.240216
4427,1060.516101
4428,18026.918184
4429,1513.716742
4430,2828.362926
4431,1191.813628
4432,1037.680304
4433,2681.756451
4434,3672.633997
4435,1738.053521
4436,1445.712399
4437,1628.796935
4438,1235.645243
4439,5126.408136
4440,3807.762467
4441,1818.311446
4442,2283.645892
4443,1085.213514
4444,1228.016376
4445,1276.544149
4446,1574.463421
4447,1753.656364
4448,1207.161631
4449,3146.383748
4450,1555.670324
4451,1487.514023
4452,1336.237699
4453,1413.769668
4454,11860.429527
4455,2134.019810
4456,1158.825017
4457,1319.633846
4458,5276.894381
4459,1035.167381
4460,2778.899322
4461,1052.133385
4462,2371.556286
4463,1497.051452
4464,2170.523469
4465,4273.908295
4466,1514.861850
4467,992.116555
4468,1313.929255
4469,5127.916600
4470,781.418435
4471,1216.585174
4472,1215.507803
4473,1134.138534
4474,1192.073772
4475,1351.463535
4476,1267.172680
4477,2302.530351
4478,4104.922584
4479,4601.055563
4480,4557.279062
4481,5836.603496
4482,1345.070404
4483,1558.930829
4484,1004.222310
4485,6099.182365
4486,1947.006266
4487,1371.897359
4488,2961.996647
4489,848.566089
4490,2445.448737
4491,4465.046907
4492,1282.292869
4493,1090.103222
4494,1485.968535
4495,982.086251
4496,1515.732788
4497,2319.706195
4498,25949.974365
4499,1403.754168
4500,5827.751264
4501,2167.739766
4502,3142.085592
4503,9825.154980
4504,2670.099304
4505,1738.848692
4506,1776.150483
4507,2629.172978
4508,8098.171385
4509,42028.699267
4510,1490.786941
4511,2602.999498
4512,6615.283793
4513,7486.344625
4514,11655.425798
4515,2753.442698
4516,1337.721595
4517,39290.105662
4518,2989.836123
4519,2107.819179
4520,1451.041788
4521,2649.104322
4522,42688.854414
4523,2727.268280
4524,3105.712462
4525,1361.142200
4526,1551.594205
4527,15891.860125
4528,6305.493391
4529,1464.773482
4530,1153.844815
4531,19314.271378
4532,1858.546241
4533,1129.176586
4534,1447.921596
4535,1350.600848
4536,973.322806
4537,5390.686361
4538,2708.339655
4539,1652.738766
4540,1284.350346
4541,2987.732252
4542,3361.094151
4543,2404.349709
4544,1536.116946
4545,1545.860557
4546,4605.194402
4547,10563.199829
4548,1515.654572
4549,2074.902679
4550,1192.372093
4551,3472.609290
4552,1391.332664
4553,16712.363209
4554,1021.812231
4555,869.497932
4556,5489.944085
4557,2605.027422
4558,1162.925906
4559,1198.431058
4560,14586.652141
4561,13753.861850
4562,11898.889572
4563,1842.407769
4564,4262.225718
4565,2147.978082
4566,2134.280462
4567,869.243420
4568,38299.865563
4569,1185.079243
4570,11671.569175
4571,989.324920
4572,1496.619432
4573,1856.432897
4574,2229.575589
4575,2499.598831
4576,1819.298533
4577,1443.478267
4578,1244.649843
4579,1300.770181
4580,31244.384313
4581,3045.549367
4582,1771.075581
4583,1201.297453
4584,1523.482672
4585,1593.963564
4586,1487.823397
4587,3405.509233
4588,1507.398500
4589,982.199078
4590,2817.425566
4591,1195.415613
4592,1756.303389
4593,1607.797352
4594,1243.821828
4595,19073.090402
4596,3263.661135
4597,1386.035374
4598,1566.639155
4599,1171.753745
4600,8792.715851
4601,1882.984780
4602,1254.816034
4603,1872.281202
4604,1532.972539
4605,2494.717365
4606,1819.596197
4607,1351.951095
4608,2820.025658
4609,2833.820459
4610,2533.349081
4611,8309.390196
4612,1334.416077
4613,9405.389085
4614,3910.197801
4615,1382.743860
4616,2587.756053
4617,1206.173192
4618,2555.045082
4619,1106.670702
4620,1921.127105
4621,1703.247845
4622,2074.061770
4623,1127.893010
4624,4074.518066
4625,1470.609454
4626,1656.670747
4627,1536.291221
4628,9590.831215
4629,2778.158280
4630,64926.140565
4631,4565.140936
4632,5190.790923
4633,2176.739948
4634,8589.961856
4635,6534.116967
4636,3554.160514
4637,1635.088536
4638,1625.131084
4639,2431.488859
4640,1228.896389
4641,1023.898416
4642,1282.172051
4643,1087.570339
4644,1474.002116
4645,13757.068503
4646,1579.254284
4647,4912.805712
4648,2440.472144
4649,6841.469096
4650,5759.529300
4651,2327.002102
4652,4830.443520
4653,5005.130990
4654,3526.127728
4655,4219.145876
4656,1292.375504
4657,1639.118829
4658,1849.009385
4659,1914.868114
4660,1180.027718
4661,1434.875828
4662,8806.937292
4663,6146.926252
4664,1908.817742
4665,1245.405203
4666,1756.781257
4667,3214.545382
4668,1228.498101
4669,1316.676555
4670,1706.034598
4671,2651.279561
4672,5182.819473
4673,4992.300321
4674,1676.343907
4675,2013.918031
4676,3934.604787
4677,945.702128
4678,6391.041924
4679,1900.114841
4680,1552.917702
4681,32259.266408
4682,1432.036163
4683,4803.113432
4684,2887.662547
4685,1554.658907
4686,8511.180855
4687,5718.850543
4688,1143.188710
4689,2662.141377
4690,2725.615273
4691,1144.002263
4692,36030.254420
4693,10877.743280
4694,3290.361419
4695,2356.887741
4696,1367.521795
4697,14330.509066
4698,17627.808078
4699,1308.659492
4700,1451.169129
4701,3031.202470
4702,4051.285833
4703,4014.374561
4704,1122.773876
4705,1327.245080
4706,1579.150159
4707,1318.077752
4708,2546.324964
4709,2514.042666
4710,2976.710513
4711,9257.637946
4712,4016.980316
4713,1420.318910
4714,3011.436120
4715,932.656524
4716,748.730011
4717,3151.330210
4718,1514.100324
4719,2170.256515
4720,1251.944388
4721,1438.693210
4722,1947.544460
4723,1371.690154
4724,4640.724597
4725,1611.449259
4726,5506.857184
4727,1248.532865
4728,1192.166442
4729,10143.664434
4730,3321.656471
4731,1475.059188
4732,4005.093304
4733,1046.231671
4734,21652.048765
4735,4228.138549
4736,1329.536964
4737,1560.709137
4738,1378.553555
4739,3185.932262
4740,1680.282835
4741,8745.820286
4742,4278.198469
4743,2770.634633
4744,1310.626141
4745,2176.120205
4746,1652.775281
4747,2964.684484
4748,1590.068231
4749,5214.127509
4750,955.172720
4751,1634.662954
4752,1327.161317
4753,3890.114264
4754,1698.605924
4755,2036.719455
4756,1517.905758
4757,2360.451661
4758,2326.020863
4759,16434.218807
4760,885.536864
4761,1346.711702
4762,2233.667961
4763,1610.269115
4764,1898.896730
4765,2025.638497
4766,1145.057106
4767,1879.447790
4768,2508.324684
4769,893.467689
4770,1789.942646
4771,3127.447729
4772,1670.288274
4773,2460.323473
4774,1017.904420
4775,1232.438236
4776,1384.602988
4777,1386.688240
4778,1057.790710
4779,1193.806721
4780,3502.793794
4781,3203.488286
4782,1747.467130
4783,1055.180473
4784,916.104161
4785,1578.393829
4786,1218.259957
4787,1475.921853
4788,1888.542048
4789,49256.886619
4790,1315.605301
4791,2838.581340
4792,1305.510849
4793,2155.854155
4794,8122.501930
4795,1243.548526
4796,1585.467499
4797,1145.330443
4798,3288.175564
4799,1421.564422
4800,1148.160361
4801,12485.734907
4802,893.661739
4803,2082.388629
4804,10515.941693
4805,2153.759894
4806,1432.015368
4807,16535.565739
4808,3121.946136
4809,1187.586529
4810,1231.426572
4811,972.079832
4812,2935.945706
4813,1070.771160
4814,1244.937850
4815,1592.390249
4816,8851.711149
4817,1413.806880
4818,29804.131221
4819,9167.586859
4820,1490.471740
4821,921.257661
4822,1659.666449
4823,1909.703468
4824,917.730880
4825,7354.039909
4826,6835.599922
4827,15777.008329
4828,1255.893351
4829,1261.773291
4830,11570.993954
4831,1259.299966
4832,897.944403
4833,1200.104772
4834,33672.942034
4835,6840.047714
4836,1504.453676
4837,15114.803594
4838,19028.873415
4839,1214.637331
4840,2859.739097
4841,1053.558229
4842,2472.058195
4843,4684.515450
4844,2464.471258
4845,6233.880859
4846,12742.640799
4847,13734.961182
4848,10075.259540
4849,1807.630768
4850,3923.892741
4851,1474.364165
4852,1415.411869
4853,1530.910680
4854,2664.474997
4855,5715.246318
4856,4518.325297
4857,3300.508370
4858,1202.809971
4859,1365.081090
4860,7906.834540
4861,1252.117272
4862,2564.597306
4863,1478.563338
4864,6737.886061
4865,1265.196839
4866,1357.517130
4867,1243.445535
4868,1576.510903
4869,4688.820938
4870,5062.311798
4871,4022.428549
4872,5322.892004
4873,3891.466238
4874,4696.114701
4875,2700.175276
4876,8229.441088
4877,3467.481157
4878,6642.206404
4879,1935.778522
4880,6782.432210
4881,3315.050634
4882,3867.531731
4883,15567.852394
4884,7696.557824
4885,1887.519339
4886,15884.687270
4887,987.361972
4888,1497.378470
4889,1165.604151
4890,6479.514268
4891,3396.191600
4892,1650.323285
4893,3717.291565
4894,2690.810460
4895,1667.014987
4896,3363.966511
4897,1319.791293
4898,1132.844693
4899,1591.421511
4900,1412.191816
4901,18426.482822
4902,1041.353078
4903,1313.969021
4904,1861.976246
4905,1271.719259
4906,7268.773305
4907,1401.265575
4908,2577.164567
4909,6034.011540
4910,1294.617728
4911,1344.445139
4912,5001.393311
4913,1616.696598
4914,8458.259280
4915,1241.674869
4916,2080.812525
4917,1802.422697
4918,1921.511669
4919,11317.284105
4920,6765.712161
4921,16059.531163
4922,1601.012827
4923,2093.504300
4924,1562.271632
4925,13667.158826
4926,3446.225587
4927,7358.433081
4928,20822.268435
4929,1598.800432
4930,1380.449235
4931,1652.282406
4932,1508.889011
4933,2503.890918
4934,1569.132285
4935,35351.601730
4936,2241.276331
4937,2395.707226
4938,14565.409944
4939,1101.943381
4940,1135.941338
4941,9995.656963
4942,4433.550275
4943,1786.149802
4944,4289.160498
4945,3304.097098
4946,11614.867536
4947,1614.786706
4948,5409.518853
4949,1549.698051
4950,2000.141751
4951,7695.803696
4952,8705.798997
4953,3227.791747
4954,4630.914935
4955,1105.793867
4956,9128.380764
4957,5544.317286
4958,1725.195881
4959,5694.046453
4960,2061.407461
4961,1169.219519
4962,13838.011707
4963,6877.976502
4964,1303.238267
4965,3548.154499
4966,4914.232865
4967,3259.028546
4968,2814.562120
4969,977.417862
4970,3390.761403
4971,1198.360036
4972,1344.355526
4973,14115.076489
4974,1371.808494
4975,4956.782446
4976,17594.667649
4977,3830.852050
4978,1189.474373
4979,9549.827423
4980,1589.560509
4981,4890.387104
4982,10913.751158
4983,6218.552279
4984,3077.771426
4985,52378.189846
4986,2469.529918
4987,3334.543244
4988,5728.733387
4989,3834.932266
4990,14337.247079
4991,31664.597233
4992,24932.663152
4993,10418.973667
4994,1429.870274
4995,41244.002562
4996,13377.426890
4997,15020.338014
4998,4434.018923
4999,13177.954372
5000,3409.263093
5001,2367.344135
5002,8156.916881
5003,35930.723546
5004,4961.497266
5005,4286.799049
5006,10998.914290
5007,1276.619494
5008,4880.756868
5009,14007.517149
5010,1678.985031
5011,1412.911201
5012,12835.645633
5013,2135.067794
5014,8115.281540
5015,10063.528151
5016,55597.995667
5017,13568.447233
5018,4904.748024
5019,12212.913495
5020,3819.968142
5021,5212.930520
5022,19681.936936
5023,5194.433792
5024,17702.950617
5025,3050.909709
5026,1293.547198
5027,1575.960365
5028,16052.982515
5029,1538.040547
5030,31585.738706
5031,74828.168519
5032,4468.329509
5033,1541.188831
5034,8201.837466
5035,1835.258366
5036,16829.135291
5037,1558.091144
5038,2126.804946
5039,5221.747142
5040,28204.834799
5041,1634.587011
5042,22078.733277
5043,1860.706056
5044,1469.978941
5045,4734.280468
5046,3420.567187
5047,1293.930208
5048,3536.177697
5049,1636.491571
5050,2874.945701
5051,4955.052384
5052,1860.072759
5053,11515.810535
5054,1322.933224
5055,1200.595402
5056,4557.169455
5057,1281.219540
5058,5532.858423
5059,1755.920296
5060,1498.996702
5061,6161.205175
5062,2233.850746
5063,2613.524882
5064,1520.454317
5065,1151.727430
5066,10763.440416
5067,1580.047400
5068,18064.277158
5069,1660.643440
5070,1966.175697
5071,14405.855525
5072,7197.731219
5073,56302.643805
5074,50974.837176
5075,2235.522541
5076,2295.295207
5077,8524.838294
5078,3696.353985
5079,1794.594168
5080,1473.155631
5081,2219.478420
5082,975.068514
5083,3191.237310
5084,1785.450867
5085,2209.339922
5086,1718.765402
5087,1708.432024
5088,1260.568952
5089,3628.913616
5090,1357.710038
5091,35763.339363
5092,5029.616655
5093,1612.318371
5094,12086.033445
5095,8427.332192
5096,2810.849903
5097,2335.158086
5098,1693.561019
5099,1461.809309
5100,17586.956503
5101,2547.627876
5102,3524.696206
5103,21991.157348
5104,27853.579758
5105,3447.360673
5106,1198.182954
5107,7270.248752
5108,1444.861510
5109,1754.017605
5110,1289.116147
5111,1077.812072
5112,1827.008153
5113,4814.711668
5114,1173.692672
5115,18096.987955
5116,27990.180793
5117,1393.750153
5118,2502.872953
5119,1338.099825
5120,1223.308129
5121,2026.763737
5122,1659.644608
5123,1172.301287
5124,1378.533411
5125,1225.146665
5126,1314.845502
5127,2102.752224
5128,2756.750792
5129,2144.811646
5130,1302.383239
5131,28377.168390
5132,1604.094041
5133,2140.909744
5134,1085.573343
5135,940.361365
5136,1819.707122
5137,2611.356847
5138,1378.191963
5139,2149.384125
5140,1134.365470
5141,4809.958857
5142,1280.040015
5143,3128.564023
5144,9551.897127
5145,3041.508971
5146,2223.450209
5147,1711.836360
5148,1162.903372
5149,1469.567592
5150,22863.694054
5151,1224.908053
5152,2303.572858
5153,7538.525497
5154,1676.460103
5155,14079.005014
5156,2042.256923
5157,3614.050550
5158,6632.829653
5159,12703.756838
5160,1338.961172
5161,1779.604108
5162,1463.175605
5163,1157.537081
5164,1027.686204
5165,20647.814292
5166,3293.200335
5167,6034.419649
5168,4473.816214
5169,1650.017501
5170,1466.422905
5171,7049.886609
5172,1001.287032
5173,5620.376969
5174,2188.843598
5175,5666.903718
5176,27405.072096
5177,6347.305757
5178,1931.386889
5179,4324.976895
5180,6637.151731
5181,1225.983327
5182,1416.272295
5183,1508.242331
5184,62930.669279
5185,42085.923642
5186,45402.485360
5187,3298.015767
5188,2919.536884
5189,1653.773858
5190,1657.615894
5191,4218.450044
5192,54068.804546
5193,1348.713722
5194,3255.550763
5195,2400.786769
5196,1460.960973
5197,18021.307338
5198,4128.291094
5199,2875.468698
5200,7333.719364
5201,1461.100120
5202,1240.626299
5203,8240.246385
5204,9270.970892
5205,1182.467059
5206,33506.106395
5207,1589.007214
5208,2395.431956
5209,16733.987902
5210,7759.110168
5211,1144.580938
5212,4990.172772
5213,398.041996
5214,947.021014
5215,1250.505260
5216,83542.413272
5217,12633.451157
5218,1887.526736
5219,5518.200626
5220,10095.565725
5221,1183.160503
5222,3744.101528
5223,1376.670180
5224,1094.731327
5225,1317.838824
5226,1391.425645
5227,2183.283864
5228,3134.821636
5229,4948.442426
5230,2275.900720
5231,967.302149
5232,1418.047112
5233,1322.633066
5234,4531.864818
5235,2935.943328
5236,7694.300154
5237,2229.056455
5238,1622.533967
5239,22901.419622
5240,30480.332001
5241,3571.629808
5242,1373.295937
5243,1118.226848
5244,1336.448421
5245,13423.254861
5246,19202.101671
5247,8138.048639
5248,2386.845307
5249,1002.593764
5250,1289.523451
5251,5626.150220
5252,5184.031197
5253,7295.398784
5254,2976.026284
5255,10091.018072
5256,7300.055761
5257,1187.811290
5258,32997.562845
5259,136204.394293
5260,51130.089901
5261,4337.225641
5262,2173.546931
5263,2550.179748
5264,1306.487076
5265,1508.363950
5266,1299.373995
5267,8234.582361
5268,21166.949437
5269,1288.861829
5270,16825.047845
5271,1529.860194
5272,1337.221829
5273,1837.049548
5274,2734.930769
5275,1016.158977
5276,1686.577877
5277,1822.979398
5278,4425.665723
5279,60056.861705
5280,1256.192519
5281,2376.511168
5282,1232.011579
5283,1264.779378
5284,4831.138128
5285,1351.563342
5286,1684.955608
5287,1519.887663
5288,4727.755114
5289,971.128302
5290,14092.617977
5291,1745.650171
5292,5416.082998
5293,7110.816880
5294,3960.967303
5295,5806.706949
5296,1026.766595
5297,13162.866871
5298,1944.386750
5299,8176.097957
5300,1508.481111
5301,2686.543443
5302,1342.890521
5303,1930.835688
5304,12372.159970
5305,13234.023256
5306,2010.394589
5307,1614.327005
5308,969.692170
5309,1598.624703
5310,24531.153140
5311,1417.696821
5312,202922.531930
5313,1925.944476
5314,1325.178683
5315,1222.618511
5316,1315.472170
5317,1175.163844
5318,5361.334555
5319,14944.079136
5320,1594.314048
5321,2446.761469
5322,1595.286416
5323,930.975922
5324,4210.049404
5325,1319.597669
5326,9131.426956
5327,1899.192477
5328,14596.559840
5329,1644.030889
5330,1182.845678
5331,79918.169295
5332,9725.828922
5333,1747.823870
5334,12076.165670
5335,4394.980066
5336,56438.279063
5337,19505.603221
5338,2449.754068
5339,1571.259938
5340,8997.512467
5341,1933.330596
5342,1562.521682
5343,7077.348786
5344,3490.523087
5345,6038.396543
5346,1392.119218
5347,3757.371728
5348,978.975155
5349,2048.641426
5350,1361.817377
5351,1817.855267
5352,31288.349756
5353,1239.160128
5354,33658.078610
5355,14032.630390
5356,1341.894961
5357,2496.768612
5358,95599.023213
5359,1288.412367
5360,2886.864140
5361,1925.503664
5362,1479.963986
5363,3745.944361
5364,1538.764651
5365,12977.096118
5366,1644.903523
5367,3375.497613
5368,1625.317857
5369,1239.150907
5370,9564.495481
5371,1445.525640
5372,3661.785433
5373,2451.067784
5374,2233.327180
5375,14378.654521
5376,28381.305190
5377,5227.893267
5378,1218.006958
5379,1278.779518
5380,1325.610526
5381,2868.816836
5382,106398.394587
5383,1281.178804
5384,17248.665823
5385,4602.669211
5386,1597.464517
5387,2102.046466
5388,1240.960376
5389,8419.514694
5390,33136.827582
5391,2218.744098
5392,21912.535415
5393,1351.304342
5394,1716.562249
5395,33941.824667
5396,28040.961338
5397,2973.361932
5398,1310.263627
5399,1749.174806
5400,96898.350040
5401,1749.010403
5402,9099.349618
5403,2056.765239
5404,1653.365192
5405,37932.308862
5406,4387.183860
5407,1552.951893
5408,4908.226148
5409,2576.722613
5410,25372.317535
5411,11209.773027
5412,1727.392490
5413,198495.896985
5414,1680.351023
5415,3513.510961
5416,1302.986560
5417,14118.458499
5418,2630.897341
5419,1779.114444
5420,178355.286817
5421,1913.988218
5422,18439.729846
5423,12079.470458
5424,3527.326734
5425,40125.850632
5426,3374.776900
5427,4221.745526
5428,10059.345714
5429,1424.313313
5430,1377.085618
5431,1153.750202
5432,11075.013098
5433,6764.459532
5434,3070.523470
5435,9382.691405
5436,1735.076659
5437,4724.419666
5438,6220.941545
5439,2027.936999
5440,3727.285802
5441,9125.119842
5442,2453.482803
5443,2900.284596
5444,8100.921036
5445,6430.840831
5446,37829.569240
5447,37117.174420
5448,29172.242788
5449,2653.110974
5450,2839.390246
5451,3560.078764
5452,25919.657910
5453,17179.615346
5454,3065.624451
5455,109921.282079
5456,65490.298542
5457,1327.280571
5458,20191.551926
5459,5011.043086
5460,2588.319951
5461,2035.565905
5462,20733.514892
5463,8553.826887
5464,11504.949804
5465,1719.239367
5466,1481.472543
5467,31256.968916
5468,4231.443571
5469,3806.879120
5470,6196.827949
5471,5364.138004
5472,5407.505810
5473,2268.588380
5474,1230.800819
5475,1687.180611
5476,1489.486902
5477,7004.312591
5478,2244.708425
5479,1665.343834
5480,1208.051985
5481,1274.175978
5482,4394.161119
5483,1376.075415
5484,29650.598303
5485,9992.957479
5486,2794.755544
5487,17252.859937
5488,2273.423115
5489,51803.830102
5490,1763.984566
5491,13859.387928
5492,26808.375424
5493,21814.348211
5494,9374.122742
5495,2213.916612
5496,1743.804822
5497,1671.405096
5498,3086.937400
5499,1157.051690
5500,622.325600
5501,1098.388431
5502,2852.422398
5503,1480.039305
5504,1823.122802
5505,1793.979649
5506,2042.072258
5507,5931.759043
5508,25017.539604
5509,56770.302561
5510,1498.448430
5511,1297.288222
5512,4322.656787
5513,9628.189829
5514,1338.308763
5515,2761.773342
5516,29053.922339
5517,7067.187047
5518,1536.623744
5519,3776.356472
5520,4463.763632
5521,12229.144626
5522,5166.338985
5523,1819.297723
5524,1569.258703
5525,1811.376625
5526,1540.945004
5527,122975.644661
5528,3539.262498
5529,7571.166903
5530,1992.682496
5531,270978.021497
5532,1905.547347
5533,2335.979683
5534,1626.748941
5535,1237.262626
5536,17553.149958
5537,3681.080296
5538,2275.822244
5539,6866.398783
5540,8585.079158
5541,11199.868537
5542,3695.640297
5543,7232.905211
5544,2422.621479
5545,23187.099468
5546,25444.065416
5547,1133.721768
5548,1965.523510
5549,8818.357513
5550,2615.216377
5551,15215.696489
5552,18408.289616
5553,2169.273054
5554,22607.855985
5555,1041.369994
5556,899.834179
5557,6543.826826
5558,1097.205884
5559,1259.683934
5560,1581.429601
5561,5238.496989
5562,14524.295235
5563,2863.262303
5564,1467.872055
5565,23304.084014
5566,1892.624574
5567,5668.131550
5568,3639.990425
5569,2672.377924
5570,1974.537478
5571,34864.028499
5572,1852.226965
5573,14798.130722
5574,9066.320333
5575,2642.341756
5576,7546.907989
5577,2267.427593
5578,7871.186593
5579,895.504910
5580,2056.928247
5581,7070.454676
5582,1991.854704
5583,2071.123061
5584,26884.542997
5585,1233.178076
5586,80388.983814
5587,2781.788800
5588,54305.689325
5589,4754.845656
5590,3258.287980
5591,2195.149830
5592,2399.696746
5593,2488.225268
5594,2674.780124
5595,1656.945056
5596,24768.801590
5597,1624.036785
5598,6024.003973
5599,1518.914857
5600,4715.578546
5601,5701.423090
5602,5735.855193
5603,1194.098469
5604,3298.599059
5605,4776.022906
5606,2129.861506
5607,2050.398117
5608,3916.250303
5609,58897.722360
5610,1655.864425
5611,3795.138231
5612,5555.328113
5613,10736.123756
5614,2154.851555
5615,1482.045970
5616,6195.659571
5617,3067.376789
5618,14965.078778
5619,1627.982980
5620,2649.735859
5621,2200.726918
5622,16090.556080
5623,3457.399777
5624,13183.013248
5625,1863.950469
5626,2614.649667
5627,10662.760809
5628,22748.273890
5629,4692.186599
5630,9535.363286
5631,40297.396189
5632,44012.662477
5633,17419.143786
5634,5724.597821
5635,7011.357584
5636,2114.006664
5637,17493.135297
5638,4697.211339
5639,2004.723072
5640,14473.733480
5641,1742.215372
5642,3318.789540
5643,1004.222226
5644,1789.735921
5645,37220.428514
5646,151751.396389
5647,11047.990622
5648,1413.082322
5649,4106.500642
5650,20520.156354
5651,1369.469646
5652,4162.718881
5653,67201.481457
5654,7850.144508
5655,36950.841354
5656,21678.178724
5657,1551.749595
5658,4480.305765
5659,2080.710772
5660,13545.451872
5661,31092.302412
5662,6442.320839
5663,32235.471205
5664,3999.273988
5665,2123.615381
5666,1645.711329
5667,1321.529802
5668,2424.989579
5669,6079.791930
5670,7430.574175
5671,8156.463634
5672,3872.294751
5673,3022.414261
5674,1465.134230
5675,40774.643772
5676,16401.928522
5677,1348.892614
5678,9271.459689
5679,1497.754839
5680,7271.284113
5681,2428.721572
5682,24739.043708
5683,4504.767642
5684,1486.770223
5685,1834.887873
5686,10292.155188
5687,2068.347605
5688,13329.632409
5689,4852.973744
5690,1524.234796
5691,1132.212450
5692,1157.491203
5693,13709.845586
5694,1535.952614
5695,27296.761364
5696,1736.758912
5697,23276.059333
5698,13154.944790
5699,2263.618597
5700,25812.503803
5701,30482.436225
5702,16780.792435
5703,2790.790474
5704,1676.932789
5705,1674.813568
5706,2189.373863
5707,2478.409199
5708,2412.989086
5709,17593.466402
5710,1877.130788
5711,5221.790844
5712,1016.660565
5713,1392.005479
5714,3774.163167
5715,4078.524048
5716,787.458466
5717,2184.527831
5718,1370.530497
5719,4435.112516
5720,2254.733520
5721,870.950121
5722,3324.876036
5723,1072.552852
5724,1813.877817
5725,33547.235323
5726,6186.154516
5727,2352.680895
5728,2101.772292
5729,2287.262474
5730,6307.080383
5731,2050.470044
5732,1944.034785
5733,36996.894197
5734,2816.725823
5735,3276.917892
5736,883.807902
5737,1843.607903
5738,1684.565498
5739,2943.230235
5740,24467.267635
5741,2152.834622
5742,3923.131573
5743,1933.719925
5744,1931.010441
5745,1137.524877
5746,2482.108205
5747,1302.408530
5748,1017.244586
5749,4206.920909
5750,7502.605314
5751,1253.953420
5752,3312.723064
5753,1231.033762
5754,7575.531742
5755,1127.885712
5756,1283.688924
5757,2160.605433
5758,10426.680245
5759,2641.455902
5760,1007.150299
5761,3044.047152
5762,13433.217883
5763,5641.908369
5764,57791.863264
5765,18244.914588
5766,25528.452125
5767,3941.805941
5768,57625.472623
5769,4517.881272
5770,857.161276
5771,1152.919267
5772,1264.368752
5773,1547.968072
5774,1151.099984
5775,3804.185045
5776,52281.221844
5777,2742.456943
5778,14048.756425
5779,972.587852
5780,2798.111166
5781,9075.072065
5782,132437.939015
5783,2006.692179
5784,23981.597881
5785,976.197252
5786,822.232872
5787,1329.970032
5788,1457.565207
5789,2040.843710
5790,1105.065869
5791,1273.456947
5792,1152.118843
5793,915.277443
5794,1070.872965
5795,2346.893624
5796,2074.786600
5797,1540.646955
5798,3294.389924
5799,869.549561
5800,1411.496248
5801,14637.346857
5802,822.389200
5803,14062.671695
5804,6924.889313
5805,2822.510622
5806,4720.062315
5807,6388.734103
5808,216419.181978
5809,2048.726213
5810,4450.159689
5811,1797.137847
5812,2240.567966
5813,1983.321706
5814,1165.636979
5815,2565.645925
5816,974.895814
5817,862.810496
5818,3437.552167
5819,1303.385353
5820,2721.618105
5821,2410.994420
5822,874.994773
5823,1537.185394
5824,27680.276722
5825,889.724854
5826,1363.159749
5827,1398.473564
5828,1213.328527
5829,911.632851
5830,8262.858782
5831,1367.722054
5832,1067.126136
5833,1484.272687
5834,1247.158268
5835,4648.100200
5836,1219.864572
5837,1298.075712
5838,836.617077
5839,974.587402
5840,1408.946206
5841,2117.301989
5842,1273.829591
5843,1681.602087
5844,1347.978553
5845,6248.826568
5846,3067.656785
5847,1700.147260
5848,1589.962975
5849,47484.827695
5850,2159.670157
5851,4065.303146
5852,3269.279077
5853,7912.676641
5854,1427.084415
5855,1327.516681
5856,1342.722860
5857,2405.357266
5858,1155.323334
5859,2389.927625
5860,16369.800691
5861,1430.546409
5862,26173.270845
5863,13427.087112
5864,2960.981910
5865,1966.244909
5866,1772.289499
5867,14915.741863
5868,23259.391211
5869,3001.164331
5870,2551.293194
5871,1927.671576
5872,2863.358823
5873,2230.848148
5874,19551.991927
5875,1461.254411
5876,1952.183701
5877,2385.436955
5878,2211.366167
5879,6393.664418
5880,1393.761434
5881,30229.301680
5882,3497.355278
5883,9241.593441
5884,2417.629701
5885,1258.800902
5886,2570.232726
5887,116319.554316
5888,1945.747120
5889,5987.256628
5890,2327.818012
5891,2693.438148
5892,806.880218
5893,3873.221642
5894,999.329417
5895,1241.671233
5896,1062.327236
5897,4185.808540
5898,4434.838689
5899,1421.453367
5900,1253.910637
5901,1786.358150
5902,1870.014025
5903,3287.592569
5904,2019.269475
5905,56445.333312
5906,1854.893769
5907,2588.706393
5908,36891.676872
5909,8050.291564
5910,1662.482339
5911,1837.368935
5912,4365.824727
5913,2101.238022
5914,4398.272268
5915,2460.651025
5916,1266.495513
5917,1369.442924
5918,2661.278440
5919,1196.652711
5920,3201.826923
5921,4477.789798
5922,3774.067367
5923,2475.448109
5924,1871.798624
5925,2195.111531
5926,965.928267
5927,1300.560217
5928,909.200790
5929,2044.804812
5930,1524.013025
5931,2407.885785
5932,1308.357941
5933,3636.807773
5934,3336.625823
5935,1846.548450
5936,1322.281266
5937,17268.713641
5938,3261.752775
5939,7911.242588
5940,2261.710136
5941,1387.671055
5942,1667.724524
5943,838.508819
5944,891.528464
5945,3642.323109
5946,1961.124978
5947,11017.666640
5948,19310.678256
5949,1992.631246
5950,1328.548849
5951,7517.367690
5952,4203.058840
5953,4866.309346
5954,5079.327188
5955,2475.441317
5956,936.826884
5957,4576.319092
5958,1966.101131
5959,35909.731272
5960,2318.836035
5961,2902.464081
5962,1621.575999
5963,4348.893744
5964,1851.263027
5965,1275.818914
5966,899.550195
5967,915.485557
5968,4666.467661
5969,7048.617015
5970,983.868311
5971,6399.521426
5972,3140.202630
5973,2540.709292
5974,1697.380105
5975,1217.074434
5976,1119.734160
5977,2737.445596
5978,1008.616490
5979,4862.646240
5980,2670.771698
5981,1380.983260
5982,8649.592280
5983,5537.445236
5984,1669.080065
5985,2313.871539
5986,1443.529102
5987,1313.134251
5988,2754.213296
5989,1149.346691
5990,2049.474434
5991,2508.916509
5992,44041.999148
5993,3799.356090
5994,3088.562950
5995,1503.204577
5996,1813.024867
5997,1905.409999
5998,6858.385835
5999,1509.100244
6000,1420.701096
6001,6122.655405
6002,13685.921441
6003,2194.949004
6004,42259.273234
6005,3859.299713
6006,2277.575894
6007,8072.915683
6008,2029.865722
6009,1650.797827
6010,3711.339584
6011,18224.768025
6012,4369.598564
6013,2482.563195
6014,2231.891773
6015,2437.165533
6016,3331.457256
6017,1897.598703
6018,2783.243205
6019,3720.548273
6020,1971.749047
6021,2640.550014
6022,1807.169951
6023,1316.181448
6024,1368.217220
6025,9073.610603
6026,63060.872926
6027,1141.070802
6028,6777.800708
6029,1365.172162
6030,2175.128323
6031,8820.863436
6032,1599.047901
6033,8426.066991
6034,1327.872608
6035,2528.419991
6036,2183.530227
6037,1248.675987
6038,4070.539168
6039,2005.970148
6040,1536.910969
6041,1154.727204
6042,1765.587926
6043,1584.289836
6044,10630.255436
6045,1336.476285
6046,17794.100425
6047,3132.736041
6048,177007.660799
6049,2534.112815
6050,1042.179393
6051,3336.417609
6052,1404.267806
6053,1926.990140
6054,6423.960326
6055,1357.245776
6056,2656.041578
6057,1614.203390
6058,2264.417989
6059,6679.661359
6060,882.329098
6061,2707.620595
6062,4975.434951
6063,1635.273428
6064,2300.463146
6065,1615.615319
6066,2631.324930
6067,2606.983999
6068,8833.819373
6069,4085.055592
6070,1971.093734
6071,12006.969296
6072,2592.558112
6073,1480.311506
6074,9347.833106
6075,2428.840198
6076,1693.761561
6077,1820.612647
6078,1406.114983
6079,2139.010350
6080,1852.419850
6081,4719.330345
6082,7900.685630
6083,2358.542159
6084,2866.461899
6085,1931.604251
6086,1798.304871
6087,1927.240249
6088,33401.762179
6089,2119.311789
6090,1880.059052
6091,2263.236162
6092,1551.608688
6093,1233.443165
6094,2383.593707
6095,1616.464227
6096,1775.827816
6097,2133.857467
6098,1019.968707
6099,1164.651706
6100,1388.675363
6101,1981.799521
6102,6305.242785
6103,1267.971610
6104,18488.380765
6105,4327.393101
6106,2331.486780
6107,2897.067307
6108,99602.733716
6109,1744.101902
6110,1009.403394
6111,947.067688
6112,4265.316662
6113,3691.727875
6114,2378.625766
6115,1243.441008
6116,56957.837346
6117,3192.623373
6118,2157.260157
6119,6040.006761
6120,1222.628752
6121,2237.926107
6122,3572.311848
6123,1285.177976
6124,1171.867942
6125,2398.160620
6126,3515.103888
6127,95028.873442
6128,2333.873435
6129,1513.693382
6130,2000.939339
6131,1192.895702
6132,1810.955471
6133,1167.797765
6134,1939.326306
6135,8053.876860
6136,3458.847216
6137,2101.116135
6138,1735.873058
6139,2494.684565
6140,1242.996806
6141,1723.834644
6142,3877.410262
6143,5756.707403
6144,1906.195973
6145,3139.880881
6146,1220.996457
6147,1562.452979
6148,1967.033280
6149,3579.607887
6150,2030.596022
6151,2044.748935
6152,3876.921592
6153,3372.402369
6154,7528.783088
6155,1668.741792
6156,2761.348575
6157,1461.113303
6158,2306.581881
6159,1920.193639
6160,2176.781366
6161,1954.913494
6162,2310.829694
6163,1369.959970
6164,4524.274015
6165,1839.339555
6166,2450.712718
6167,1441.515816
6168,5472.975911
6169,1968.089377
6170,2020.972772
6171,1179.346341
6172,2055.329487
6173,2234.116480
6174,2277.150128
6175,2071.808288
6176,3367.185848
6177,2016.911190
6178,2191.265844
6179,1737.350039
6180,5794.567209
6181,1976.410677
6182,4092.698266
6183,2256.031540
6184,1302.941960
6185,15610.671148
6186,5167.744326
6187,2303.533857
6188,4033.878061
6189,1627.932074
6190,1460.584882
6191,1720.237229
6192,6516.696744
6193,95285.475507
6194,1343.289805
6195,1906.333200
6196,1201.540765
6197,1251.725872
6198,2359.432467
6199,2196.744698
6200,117971.508356
6201,3489.283169
6202,2517.165020
6203,1921.020744
6204,3157.268646
6205,2709.487136
6206,1433.714683
6207,2573.889261
6208,25983.029827
6209,2731.888956
6210,1140.065821
6211,2654.605826
6212,2688.049161
6213,6782.589475
6214,2369.031895
6215,2395.492463
6216,1704.009735
6217,4162.719359
6218,1784.309471
6219,1501.739204
6220,2475.650635
6221,1921.852444
6222,2865.645156
6223,1924.816311
6224,3226.048254
6225,2138.044026
6226,14212.804483
6227,49014.459339
6228,1074.759508
6229,2103.922442
6230,3062.844483
6231,2910.945795
6232,1200.791801
6233,1325.088893
6234,1894.912625
6235,1211.878683
6236,2006.024451
6237,1633.288380
6238,2019.935725
6239,2233.581597
6240,2077.872189
6241,1076.935185
6242,1271.644479
6243,2499.974199
6244,2400.296521
6245,1875.269417
6246,1746.588006
6247,1923.739578
6248,4361.681142
6249,2076.792208
6250,1497.189781
6251,2493.279199
6252,2020.427188
6253,2133.894313
6254,1887.738505
6255,2920.034740
6256,1952.422474
6257,5734.363420
6258,5649.577735
6259,2147.222955
6260,2883.353494
6261,6677.723413
6262,19768.598038
6263,1400.826784
6264,1309.898689
6265,2218.282192
6266,2551.286859
6267,1879.483241
6268,1429.869856
6269,1389.741571
6270,1538.247550
6271,2020.834057
6272,1239.013303
6273,1873.052609
6274,1819.176334
6275,2658.352290
6276,1879.574155
6277,1509.275561
6278,4495.651968
6279,2750.400506
6280,1024.802074
6281,1250.893004
6282,3233.461330
6283,2072.459844
6284,1811.668926
6285,1261.795787
6286,29299.511530
6287,2352.669479
6288,22393.583378
6289,1272.987086
6290,3613.574312
6291,1966.090631
6292,1411.258818
6293,23900.430117
6294,3901.304470
6295,1794.890517
6296,2496.609727
6297,1450.735346
6298,5232.882700
6299,2356.795249
6300,2227.089670
6301,1690.373490
6302,12397.833372
6303,1616.848821
6304,1023.096451
6305,1698.495891
6306,20111.919829
6307,3255.337069
6308,1795.192140
6309,2789.425666
6310,1920.578300
6311,1773.920442
6312,1183.280490
6313,996.277432
6314,2077.281988
6315,2113.590563
6316,1646.085961
6317,1301.599148
6318,2826.105660
6319,2971.787451
6320,6946.365345
6321,3523.166134
6322,5768.447041
6323,6328.970814
6324,2428.740067
6325,1586.952218
6326,880.439088
6327,2275.768090
6328,1324.426799
6329,1786.908885
6330,141751.747800
6331,1470.434636
6332,2937.022808
6333,7360.390638
6334,1325.799085
6335,999.720074
6336,8155.558052
6337,3031.167118
6338,1997.957258
6339,2021.817181
6340,1946.761230
6341,1215.997482
6342,1653.274881
6343,1462.910164
6344,2353.982794
6345,1908.283291
6346,8357.000809
6347,1170.692376
6348,1883.441253
6349,5855.217977
6350,3131.953728
6351,2190.313287
6352,1155.475919
6353,4320.352327
6354,1404.944754
6355,2115.775599
6356,1633.860972
6357,2036.246176
6358,3055.095629
6359,2077.909703
6360,2822.228435
6361,1982.013932
6362,3096.970667
6363,1585.859365
6364,2316.757720
6365,1865.742467
6366,2021.520178
6367,3107.044859
6368,1999.694610
6369,2185.289048
6370,1307.088729
6371,3882.122059
6372,1582.508366
6373,2378.172978
6374,39842.244135
6375,1748.225957
6376,1719.522664
6377,1743.324290
6378,1356.444331
6379,2002.547713
6380,5591.856354
6381,1282.815068
6382,7567.740655
6383,1249.625477
6384,3556.900956
6385,1622.343189
6386,5094.726372
6387,3833.271238
6388,1308.031713
6389,1818.159749
6390,2425.058826
6391,5557.791135
6392,1118.115195
6393,2732.722907
6394,1795.934692
6395,3474.739271
6396,2918.951160
6397,2260.935644
6398,1144.331664
6399,2587.526495
6400,1838.130779
6401,3436.140028
6402,1504.942069
6403,1210.603336
6404,5439.308424
6405,847.734731
6406,1216.874200
6407,7849.604350
6408,1777.537077
6409,1277.060146
6410,3656.945000
6411,1949.800822
6412,2234.015664
6413,1494.867678
6414,882.792086
6415,3146.565525
6416,1509.374070
6417,2731.212986
6418,1154.960502
6419,18254.623696
6420,1784.190247
6421,2037.219485
6422,5824.326167
6423,5262.974189
6424,2088.633745
6425,6173.086111
6426,911.187518
6427,1135.625564
6428,1874.167295
6429,1641.048798
6430,1618.506486
6431,46262.212296
6432,2013.541445
6433,1277.879576
6434,3216.049441
6435,2667.255311
6436,2411.680206
6437,1228.912368
6438,1128.837606
6439,9602.577306
6440,2537.475696
6441,1661.835111
6442,959.474368
6443,1629.352474
6444,1309.454753
6445,19846.700655
6446,2071.441467
6447,41761.753625
6448,1767.406229
6449,1324.986785
6450,3483.095764
6451,2015.485601
6452,1799.503798
6453,1257.198318
6454,47964.688135
6455,1241.095102
6456,2004.265311
6457,1975.436706
6458,2900.682133
6459,20564.623132
6460,1241.176286
6461,984.009692
6462,2413.774608
6463,1049.450013
6464,5771.622108
6465,1994.492507
6466,845.385081
6467,1371.567432
6468,10881.998733
6469,2886.900412
6470,8919.748355
6471,1882.903143
6472,9402.885013
6473,1683.901886
6474,1109.919987
6475,2197.689026
6476,2924.981709
6477,46792.482118
6478,2539.173349
6479,1227.913457
6480,1973.818395
6481,8685.235019
6482,4034.863614
6483,3939.776186
6484,3387.402597
6485,2260.126123
6486,2120.984702
6487,1484.713267
6488,3454.900541
6489,1891.303958
6490,12308.993259
6491,3211.758279
6492,2724.558603
6493,1958.216734
6494,2439.879135
6495,1724.144746
6496,1453.750147
6497,1879.955437
6498,2138.654129
6499,2343.903281
6500,1475.909355
6501,995.223508
6502,2011.787511
6503,1814.314499
6504,2243.277682
6505,1854.197244
6506,43918.874385
6507,1075.011048
6508,1994.524088
6509,1356.156207
6510,2402.453684
6511,1479.315378
6512,35428.494707
6513,1890.911966
6514,918.716981
6515,2089.114908
6516,1821.674497
6517,4419.698571
6518,3185.230004
6519,1892.325270
6520,1359.647756
6521,1745.017840
6522,4073.850551
6523,17467.944830
6524,15315.926876
6525,1853.412323
6526,1620.691834
6527,1156.591557
6528,3946.634380
6529,3865.133937
6530,2240.416286
6531,2878.258325
6532,1836.435578
6533,2169.444652
6534,1578.792972
6535,1962.736041
6536,1402.142880
6537,1059.582319
6538,1973.576356
6539,2218.731050
6540,2024.709136
6541,6521.970354
6542,1416.522518
6543,1734.710357
6544,7233.452315
6545,6189.048277
6546,1641.676446
6547,3795.364156
6548,2770.341920
6549,1787.561143
6550,2876.895296
6551,1965.517180
6552,1992.790037
6553,1842.463543
6554,4847.839355
6555,2087.383504
6556,2952.023671
6557,1777.832603
6558,2666.426242
6559,1431.501528
6560,1792.564490
6561,2481.295496
6562,1559.952794
6563,2018.513018
6564,1899.867993
6565,1669.458627
6566,1840.882206
6567,1688.059072
6568,1266.141751
6569,1600.187143
6570,908.365911
6571,3195.438948
6572,3160.932982
6573,2135.629587
6574,2020.616802
6575,1687.986798
6576,1741.594921
6577,1987.389756
6578,2637.611628
6579,1676.049745
6580,3058.000953
6581,13261.583547
6582,3017.718900
6583,5763.619623
6584,1106.717781
6585,4229.385332
6586,1696.646766
6587,5278.731818
6588,2020.624932
6589,2330.043741
6590,15497.290299
6591,2378.221647
6592,2360.751456
6593,5349.378797
6594,1782.791351
6595,1878.162069
6596,2341.081437
6597,1866.431849
6598,938.019874
6599,3029.121396
6600,154876.985466
6601,1917.271134
6602,2511.465324
6603,9771.560506
6604,4719.068086
6605,2078.056833
6606,2070.872252
6607,14249.457100
6608,17405.280262
6609,1446.055753
6610,2262.426644
6611,2309.191310
6612,1787.747770
6613,2037.959889
6614,1934.965054
6615,1617.089760
6616,1833.036749
6617,1900.789110
6618,1528.133056
6619,1743.613488
6620,3866.704147
6621,4476.052088
6622,2316.739896
6623,4615.043437
6624,3607.627432
6625,6840.225306
6626,3328.001880
6627,1911.722545
6628,1708.391822
6629,1917.896491
6630,2185.077040
6631,1713.893243
6632,1915.870097
6633,3059.019474
6634,17438.899762
6635,2777.848253
6636,2934.334613
6637,1474.425865
6638,1808.040282
6639,4592.277151
6640,3018.074298
6641,2846.626871
6642,1926.504414
6643,2149.245672
6644,3121.933117
6645,1890.842463
6646,1487.284237
6647,1824.054265
6648,1891.260866
6649,1754.214021
6650,13800.754299
6651,1015.962477
6652,1552.824501
6653,2467.934638
6654,2612.967889
6655,1817.345742
6656,2062.068760
6657,1425.266384
6658,1171.526734
6659,7575.892067
6660,6815.550508
6661,2590.456188
6662,1963.333420
6663,1953.394932
6664,1936.580745
6665,1823.367632
6666,2322.835966
6667,2535.192007
6668,2862.081956
6669,1973.018622
6670,25855.012641
6671,7823.249518
6672,1849.055362
6673,13462.304124
6674,1659.129892
6675,2006.953234
6676,1797.594253
6677,2665.403718
6678,61930.549543
6679,2342.928446
6680,2049.827144
6681,2967.711327
6682,1315.309392
6683,1797.352932
6684,3624.092751
6685,2100.965617
6686,1534.505337
6687,2007.016510
6688,1834.637841
6689,1505.150379
6690,1167.693486
6691,2822.567250
6692,1717.529515
6693,8444.502925
6694,2626.495843
6695,1924.410618
6696,2099.063471
6697,1990.317870
6698,1055.806810
6699,1486.392442
6700,4482.366348
6701,1513.938618
6702,1698.173479
6703,1902.928520
6704,1580.051883
6705,1657.951077
6706,1932.815658
6707,14069.949982
6708,2172.716370
6709,1672.947414
6710,2311.371814
6711,1899.931378
6712,1892.372206
6713,109247.908591
6714,2201.116733
6715,1795.284747
6716,4715.544986
6717,2259.039206
6718,6452.307378
6719,1718.312240
6720,1519.159212
6721,1683.947796
6722,8446.142573
6723,3125.566224
6724,1863.938050
6725,2007.705695
6726,1547.686388
6727,6483.042001
6728,1899.004831
6729,3966.491842
6730,2577.318501
6731,1875.659445
6732,2653.159736
6733,5182.156269
6734,2065.957552
6735,2204.220162
6736,3175.423486
6737,36538.166541
6738,1377.685604
6739,2243.313185
6740,1930.286641
6741,1803.952663
6742,2126.065948
6743,1370.513623
6744,6389.615199
6745,3695.042091
6746,828.703464
6747,2700.495722
6748,1075.268365
6749,4033.330530
6750,6814.986352
6751,36841.073409
6752,2059.173045
6753,1948.487244
6754,2431.534773
6755,4374.638807
6756,4447.143448
6757,2655.747454
6758,3681.511522
6759,4024.045216
6760,2619.692595
6761,3176.179583
6762,9529.616326
6763,1874.087636
6764,8132.872310
6765,941.686166
6766,2030.767525
6767,3686.106948
6768,2426.180617
6769,1916.027531
6770,2255.339989
6771,2101.760866
6772,1830.653249
6773,1375.179701
6774,16355.148463
6775,3529.303856
6776,7793.899569
6777,2346.283631
6778,1737.973833
6779,4353.830069
6780,7237.712244
6781,1170.028748
6782,2021.628505
6783,2765.631655
6784,2463.057252
6785,10235.891802
6786,2430.959068
6787,50533.301470
6788,2165.630199
6789,2724.485233
6790,3413.413633
6791,1619.164272
6792,2284.358422
6793,4360.394044
6794,1342.546316
6795,2803.226208
6796,1901.353218
6797,1932.065857
6798,1125.217780
6799,1355.888009
6800,2087.170755
6801,2136.859234
6802,1978.011863
6803,2302.288745
6804,2503.166796
6805,7694.970706
6806,3059.373924
6807,1790.536749
6808,5644.972974
6809,6419.002313
6810,1828.937765
6811,4352.127092
6812,4719.338319
6813,2670.544795
6814,6456.581688
6815,2743.415640
6816,7097.762105
6817,33507.774419
6818,2058.182308
6819,7100.718870
6820,5820.545099
6821,3010.919412
6822,2659.782334
6823,2406.289421
6824,5789.284234
6825,40655.076510
6826,3874.769464
6827,2505.571842
6828,2235.601627
6829,2024.307566
6830,5276.311477
6831,1905.339694
6832,18555.510714
6833,6613.549369
6834,5119.747481
6835,1084.978527
6836,2166.752323
6837,3560.081875
6838,1817.970080
6839,1420.213295
6840,5493.265404
6841,3029.119584
6842,1950.458949
6843,49079.395656
6844,25599.053076
6845,1728.913637
6846,1771.941851
6847,2441.960956
6848,1229.718060
6849,71852.989430
6850,5943.570667
6851,2201.300025
6852,1953.854350
6853,2233.443607
6854,1441.758655
6855,1511.016517
6856,2183.876365
6857,1731.686122
6858,2070.612400
6859,2545.121584
6860,2347.555400
6861,1948.282209
6862,2404.206932
6863,2501.938980
6864,10073.346698
6865,4357.995202
6866,2013.031036
6867,33713.917298
6868,1828.365345
6869,1444.931728
6870,1867.638012
6871,2021.910070
6872,1658.072793
6873,1538.392471
6874,6092.927353
6875,2799.357795
6876,1334.258814
6877,1636.838141
6878,2476.862948
6879,3085.224600
6880,10352.582522
6881,1758.475041
6882,7499.843321
6883,925.035360
6884,5749.372541
6885,2177.520029
6886,1489.688877
6887,1185.367679
6888,8431.790327
6889,2551.910891
6890,2149.927748
6891,4526.355397
6892,2333.026732
6893,4407.029035
6894,1855.263638
6895,2396.439524
6896,2834.514842
6897,1666.393646
6898,1321.729284
6899,36095.824407
6900,15241.722951
6901,2072.158712
6902,1159.410681
6903,7466.590854
6904,3426.193449
6905,1451.150590
6906,2176.928959
6907,28472.577021
6908,8204.159685
6909,3472.350203
6910,2136.486178
6911,3187.114699
6912,2383.511240
6913,1354.374300
6914,1845.770504
6915,5316.829867
6916,40545.488765
6917,2589.061072
6918,5629.771984
6919,1639.728014
6920,14998.823237
6921,14930.892527
6922,4849.937005
6923,43525.515112
6924,1747.995429
6925,1643.964838
6926,24620.081061
6927,1201.865315
6928,1590.235330
6929,3357.244970
6930,7835.964983
6931,1788.034156
6932,1703.590263
6933,5305.286471
6934,2459.573663
6935,1567.997504
6936,38145.074253
6937,57079.711604
6938,1497.996060
6939,2143.394128
6940,1526.962939
6941,6080.075301
6942,1773.655728
6943,13873.894769
6944,7530.645103
6945,1243.736514
6946,1253.435912
6947,4340.546391
6948,1951.596359
6949,2227.085986
6950,1731.006227
6951,148201.650705
6952,2198.132089
6953,69470.251080
6954,2343.733975
6955,2227.782102
6956,10723.968090
6957,3428.236640
6958,1887.545064
6959,1648.005344
6960,19821.491328
6961,2855.684831
6962,3652.848017
6963,6618.918517
6964,66758.596475
6965,1668.121936
6966,8512.804904
6967,1888.212955
6968,1648.503239
6969,2769.821486
6970,2262.832231
6971,908.282658
6972,2197.142493
6973,2600.301107
6974,2202.222997
6975,1692.909464
6976,2593.022951
6977,2913.048750
6978,7444.408564
6979,2227.366650
6980,3876.365022
6981,2726.609402
6982,1451.713256
6983,69922.304542
6984,4892.385672
6985,2217.162422
6986,10765.083402
6987,1676.769939
6988,6041.869823
6989,8093.914514
6990,7086.659783
6991,1151.633882
6992,1448.368733
6993,4299.653244
6994,1697.066023
6995,1072.014207
6996,1038.648758
6997,1351.128784
6998,1011.582930
6999,1117.994449
7000,1731.310976
7001,3296.587921
7002,12854.040214
7003,4237.171254
7004,1353.016401
7005,2162.995518
7006,1220.175408
7007,1204.304682
7008,1193.703771
7009,2029.723679
7010,2251.596203
7011,1384.395585
7012,1831.332755
7013,2216.228934
7014,2093.699009
7015,2544.475820
7016,1452.118204
7017,1937.648572
7018,1589.491541
7019,19909.702960
7020,1925.415855
7021,1394.131215
7022,1050.387235
7023,1519.730346
7024,6358.179430
7025,1283.855489
7026,1704.564425
7027,1160.301078
7028,12728.017960
7029,1567.587706
7030,1405.723798
7031,3970.556600
7032,1978.548013
7033,2996.428033
7034,2002.004758
7035,1349.097595
7036,2675.522914
7037,2385.452722
7038,3226.879234
7039,1577.851514
7040,2225.877756
7041,1566.908630
7042,1269.719222
7043,1159.587719
7044,3312.068085
7045,1132.783121
7046,1153.431356
7047,3493.507615
7048,18808.860430
7049,2235.252900
7050,2944.684520
7051,1291.445033
7052,5125.233860
7053,1327.662032
7054,30167.152947
7055,11494.030272
7056,23987.784596
7057,3132.160480
7058,3169.269984
7059,2471.377444
7060,2472.476139
7061,20828.459860
7062,2678.799724
7063,9263.191954
7064,7156.042485
7065,6779.859907
7066,19605.780579
7067,1194.578225
7068,1793.459729
7069,991.349814
7070,3359.666200
7071,7865.243201
7072,3213.444251
7073,17235.389761
7074,1741.062642
7075,1565.793837
7076,1092.366316
7077,4432.485955
7078,1574.384362
7079,3738.989913
7080,2224.974095
7081,2789.953134
7082,50514.530102
7083,1029.861153
7084,4363.223054
7085,1870.641485
7086,2943.453927
7087,1115.905167
7088,4725.531576
7089,1368.671027
7090,1176.547595
7091,42668.797931
7092,2979.770324
7093,1242.181741
7094,917.209598
7095,12729.466203
7096,3883.554092
7097,1302.530012
7098,2340.089791
7099,2009.551451
7100,4573.203458
7101,2916.042419
7102,1360.518016
7103,2611.181421
7104,2456.075663
7105,1821.934527
7106,1483.897294
7107,5562.469387
7108,1252.240320
7109,1351.591234
7110,2055.512056
7111,2065.196228
7112,1692.355191
7113,1531.745619
7114,2754.313312
7115,5359.057229
7116,1957.267664
7117,2902.662870
7118,1944.280545
7119,1991.082148
7120,6374.715382
7121,3082.607813
7122,1480.700149
7123,1131.655715
7124,2249.619263
7125,3582.190030
7126,11024.778871
7127,6073.131176
7128,1770.694976
7129,1478.811047
7130,1607.337657
7131,2185.954305
7132,11033.698068
7133,2807.922212
7134,1101.566715
7135,4351.221923
7136,2044.057342
7137,2156.746225
7138,2723.271779
7139,1389.236757
7140,2824.619206
7141,2081.895732
7142,6212.438109
7143,142479.705534
7144,4492.727667
7145,98260.916715
7146,2126.178334
7147,1948.376577
7148,1306.187391
7149,1755.329586
7150,1373.406676
7151,9250.650202
7152,3764.516845
7153,1161.242106
7154,1687.075227
7155,9237.071720
7156,11359.098113
7157,3380.266265
7158,1205.375897
7159,8056.535620
7160,1348.099577
7161,1578.428168
7162,1859.545149
7163,1949.245299
7164,1815.147509
7165,2539.362034
7166,3703.266530
7167,8877.189704
7168,4493.223545
7169,2132.602296
7170,2788.112813
7171,2717.072122
7172,1416.117674
7173,1002.496702
7174,5950.870049
7175,1059.382013
7176,1825.560868
7177,3595.631291
7178,17990.355373
7179,1089.367841
7180,4579.848089
7181,1835.096326
7182,1298.724102
7183,30189.782711
7184,1472.934142
7185,6614.520182
7186,4889.081264
7187,19082.646150
7188,24919.394386
7189,13114.021492
7190,132172.203520
7191,999.157976
7192,1110.119811
7193,1832.107299
7194,2089.966163
7195,1268.505933
7196,2600.803362
7197,2027.716260
7198,2138.785035
7199,1970.750863
7200,1659.557954
7201,1393.021588
7202,1140.497374
7203,2079.193283
7204,1715.071557
7205,1123.001086
7206,1083.424377
7207,3594.683113
7208,2047.049883
7209,1044.226970
7210,1785.891039
7211,5956.970949
7212,1588.973984
7213,5582.261542
7214,1173.522536
7215,1804.150807
7216,3028.814733
7217,4761.905879
7218,1796.319933
7219,4222.140060
7220,2567.066175
7221,4458.531530
7222,1344.466708
7223,5123.238208
7224,982.275244
7225,2254.220608
7226,1209.521987
7227,2151.699525
7228,1793.790585
7229,1726.269114
7230,1431.042976
7231,2166.552146
7232,1858.526924
7233,1026.217410
7234,5846.126149
7235,1840.277248
7236,1907.479441
7237,3208.976685
7238,2672.795267
7239,1808.727696
7240,2137.163425
7241,2282.116626
7242,1437.510989
7243,2015.666330
7244,1790.446929
7245,1897.218934
7246,1817.138107
7247,1644.456914
7248,1586.450911
7249,1406.302499
7250,4102.527084
7251,2174.681647
7252,1583.638201
7253,145052.830857
7254,1179.726880
7255,1258.444628
7256,9096.425069
7257,1510.476643
7258,1720.050693
7259,1357.715169
7260,2162.492381
7261,7333.973190
7262,3526.216696
7263,1360.497431
7264,3937.094402
7265,3586.235947
7266,1677.109537
7267,1182.948228
7268,1862.580249
7269,1900.701358
7270,2013.386905
7271,5044.360475
7272,1766.452907
7273,5417.528814
7274,13357.011658
7275,2382.899362
7276,2269.235886
7277,1713.752202
7278,3001.146018
7279,2983.254614
7280,1520.777468
7281,1221.834491
7282,2957.197763
7283,4337.773152
7284,2987.757037
7285,27128.597788
7286,1939.811148
7287,5523.524653
7288,3255.106876
7289,1714.962793
7290,1488.060494
7291,36586.171279
7292,2790.608314
7293,1953.240123
7294,1065.673988
7295,9446.798870
7296,1836.120249
7297,1791.193005
7298,1912.531721
7299,2345.648139
7300,12588.391549
7301,13815.526716
7302,3102.727180
7303,2548.419479
7304,1469.538757
7305,3622.761006
7306,1463.377679
7307,2097.322529
7308,2396.971212
7309,997.464218
7310,25205.407584
7311,1368.096850
7312,2191.029293
7313,2450.419341
7314,285659.801797
7315,932.188979
7316,965.429733
7317,1431.381800
7318,1486.837942
7319,5111.700092
7320,42680.978922
7321,1635.125694
7322,2545.313421
7323,5845.614934
7324,1560.139646
7325,5558.968239
7326,1706.199142
7327,5816.314251
7328,2001.797502
7329,3005.673717
7330,1740.380586
7331,13029.683726
7332,5043.872421
7333,1524.137528
7334,1924.381135
7335,1147.837523
7336,3308.280438
7337,101373.236079
7338,986.278996
7339,1456.533516
7340,1075.158461
7341,5110.083499
7342,1503.038763
7343,1304.575797
7344,1640.608686
7345,5171.979282
7346,975.558774
7347,1607.337654
7348,945.558384
7349,1597.587742
7350,2522.805111
7351,2065.467380
7352,23778.814906
7353,4505.897742
7354,1974.677765
7355,2749.420551
7356,2060.105601
7357,2204.431335
7358,1047.669053
7359,2242.292015
7360,142763.027036
7361,3336.397050
7362,1636.840771
7363,28758.819564
7364,1502.259469
7365,7763.700436
7366,4660.075500
7367,5344.478778
7368,1907.394522
7369,1832.789703
7370,3175.855020
7371,2510.785584
7372,1766.416816
7373,1349.420411
7374,2628.172603
7375,866.254369
7376,1219.893322
