episode,reward
1,-0.952903
2,1.475983
3,5.591915
4,-57.652841
5,-78.262802
6,21.653555
7,-7.858828
8,120.396363
9,9.635718
10,-55.700511
11,28.831078
12,80.134474
13,-31.983643
14,-70.025171
15,73.267748
16,-30.783088
17,35.722797
18,110.738483
19,51.084071
20,22.383869
21,-37.616270
22,-10.027222
23,59.068478
24,40.838907
25,53.345350
26,58.868570
27,3.467870
28,40.125923
29,78.937903
30,0.003548
31,-38.777631
32,-109.924796
33,-5.631983
34,78.957164
35,27.368822
36,18.353345
37,39.331601
38,-48.089341
39,-143.017617
40,-25.745546
41,15.923305
42,-10.931399
43,51.987972
44,32.706061
45,-157.255016
46,6.386080
47,8.910022
48,249.684650
49,52.954662
50,97.375519
51,80.158984
52,-34.129593
53,-67.598177
54,-2.354438
55,-97.885603
56,-64.886044
57,-19.339130
58,-96.272399
59,133.851504
60,363.097360
61,18.481410
62,-108.490743
63,26.524778
64,177.880303
65,-11.487175
66,47.519599
67,26.139640
68,123.043058
69,-25.849891
70,19.129714
71,-11.030545
72,-17.618565
73,2.938628
74,36.048092
75,65.578710
76,-32.435590
77,-21.297436
78,-12.427776
79,-100.047088
80,-11.799129
81,-21.912049
82,-60.285911
83,-40.096016
84,-44.479459
85,-17.838960
86,-3.607830
87,257.116056
88,-6.461639
89,-102.664504
90,-25.702355
91,14.018605
92,64.196707
93,-30.854946
94,23.963262
95,33.930850
96,75.214522
97,61.314197
98,46.377921
99,-18.699827
100,-1.448385
101,-97.801987
102,39.210605
103,-29.874742
104,-9.872440
105,11.656721
106,-68.676434
107,23.988037
108,-44.354557
109,196.329385
110,10.348102
111,-1.985392
112,31.092118
113,-54.652133
114,-48.598561
115,76.088161
116,96.046953
117,28.527046
118,-6.852782
119,-40.792335
120,-14.597264
121,-47.291636
122,-18.871927
123,13.785219
124,-60.892609
125,-12.063125
126,-48.646315
127,-12.606273
128,17.363404
129,-53.827207
130,295.644275
131,-58.499903
132,-5.613370
133,38.191684
134,-46.278115
135,31.585450
136,0.196853
137,283.708957
138,-50.734559
139,83.616463
140,-12.532849
141,-32.065360
142,-20.776049
143,-44.751354
144,233.190044
145,10.886480
146,0.497146
147,-33.579872
148,44.999599
149,18.898153
150,-80.351827
151,-136.132373
152,-146.994758
153,152.581747
154,-98.660885
155,122.777478
156,-23.488654
157,-50.567283
158,-56.049549
159,-36.787311
160,-9.706003
161,-16.340428
162,-12.154369
163,39.687116
164,-68.063939
165,105.149211
166,-63.464941
167,302.689596
168,-39.538580
169,135.593227
170,5.581879
171,157.396047
172,23.611636
173,-71.932811
174,19.851723
175,50.979363
176,67.481399
177,-27.949427
178,-62.514172
179,11.416790
180,15.114774
181,77.467174
182,-83.671884
183,-34.734520
184,-13.662420
185,9.169281
186,-15.550400
187,61.177515
188,-18.977645
189,55.857907
190,78.237284
191,-80.769134
192,45.517087
193,49.803624
194,-103.814228
195,-143.738597
196,149.245352
197,-42.518214
198,19.766416
199,50.510960
200,-4.057893
201,-167.925614
202,225.948989
203,32.214315
204,91.915050
205,-45.506093
206,129.373541
207,45.772150
208,-0.011948
209,-135.993961
210,-14.075565
211,-96.585722
212,-26.849088
213,85.100995
214,46.549730
215,-35.545112
216,31.093185
217,-27.887971
218,82.272774
219,22.144772
220,63.921535
221,132.414765
222,58.092932
223,29.065566
224,-44.371979
225,-11.248442
226,-68.028064
227,-11.702328
228,-27.424470
229,-1.421469
230,23.611281
231,67.815922
232,-70.668007
233,-75.340773
234,-78.820458
235,7.471036
236,-139.054888
237,18.728490
238,-9.633173
239,-76.527439
240,-11.076738
241,22.149487
242,13.870398
243,37.765301
244,-105.216949
245,109.860903
246,-24.817188
247,-139.548007
248,-76.327870
249,-39.018764
250,-70.764695
251,-36.929312
252,17.022572
253,-120.222312
254,-7.353406
255,-41.638309
256,27.102825
257,8.931639
258,-81.012597
259,-90.293961
260,-24.346250
261,10.240695
262,-24.564311
263,89.409682
264,105.755939
265,-46.132460
266,-18.031858
267,-131.369619
268,-44.011488
269,-8.013164
270,89.552189
271,-43.331378
272,89.772925
273,37.451508
274,58.049993
275,-4.059759
276,43.521186
277,-13.012282
278,13.311347
279,-1.717915
280,-17.758564
281,-40.588518
282,-93.961429
283,87.121656
284,-13.652112
285,54.905254
286,-0.166636
287,-165.348453
288,-32.791444
289,-39.055320
290,-169.643512
291,50.182619
292,-62.362135
293,-60.670589
294,-43.712194
295,91.819267
296,-28.995780
297,92.229866
298,15.659449
299,13.088117
300,129.725123
301,-10.562085
302,237.841164
303,32.367073
304,92.071646
305,198.737108
306,-20.561618
307,25.810717
308,-7.650171
309,-42.700757
310,-48.449863
311,6.492876
312,-63.776656
313,-40.534550
314,-81.021415
315,-74.595313
316,59.029436
317,7.355019
318,357.118812
319,-39.712025
320,11.532140
321,-162.761834
322,65.864818
323,-126.153163
324,244.551340
325,36.031833
326,-12.954727
327,-22.452548
328,47.554861
329,29.993678
330,9.535815
331,24.091486
332,36.393162
333,-82.193978
334,86.976153
335,19.587110
336,-17.109515
337,16.459088
338,23.149896
339,23.894255
340,319.808519
341,-34.567089
342,-18.180708
343,-8.312925
344,51.775520
345,-13.717498
346,38.000787
347,71.828385
348,109.945398
349,1.863911
350,303.341763
351,62.036479
352,-110.901168
353,24.067730
354,-0.362680
355,-37.689836
356,15.117125
357,-100.425832
358,-19.365015
359,-130.945480
360,0.806514
361,8.817459
362,31.382750
363,-30.224211
364,-37.478620
365,-40.392565
366,-12.563742
367,-165.823196
368,-33.708435
369,45.556113
370,20.432608
371,5.610050
372,63.309872
373,-31.242602
374,-52.295714
375,-4.581697
376,-63.038768
377,21.463668
378,49.988233
379,-20.455862
380,51.901261
381,9.553810
382,-19.434413
383,-67.094366
384,-14.288788
385,26.373630
386,-17.642700
387,-63.178300
388,-5.509599
389,14.763141
390,20.202646
391,111.192341
392,-8.391665
393,281.161666
394,30.305715
395,-28.282021
396,-92.443726
397,390.541303
398,-43.523794
399,54.977743
400,26.843739
401,-18.207430
402,309.693175
403,-29.761553
404,51.831900
405,22.860616
406,-38.942362
407,-5.169761
408,-27.153502
409,-78.034885
410,-12.581548
411,-32.275911
412,-71.071664
413,-18.601333
414,98.753452
415,8.861593
416,-44.461848
417,31.055073
418,87.801545
419,216.570968
420,-38.128067
421,21.928051
422,30.246988
423,0.205582
424,62.853798
425,44.310540
426,10.869485
427,-55.265052
428,101.257683
429,-8.151938
430,12.710090
431,-118.704202
432,-35.437400
433,45.006688
434,-5.607281
435,-10.825241
436,-148.386798
437,2.825538
438,80.617801
439,9.237969
440,425.112390
441,-37.240260
442,-78.729038
443,10.946580
444,164.980901
445,60.934231
446,19.616941
447,23.116131
448,1.336531
449,-25.441707
450,82.737756
451,86.190841
452,-125.598518
453,-89.163425
454,-32.937555
455,31.900560
456,116.035969
457,10.179909
458,20.321619
459,-73.167453
460,-32.435288
461,-23.596680
462,51.868155
463,-125.981859
464,15.688220
465,8.476680
466,-1.014221
467,-121.890023
468,-29.026436
469,-137.960645
470,117.983140
471,-99.361996
472,-9.252735
473,17.421901
474,17.189322
475,80.692397
476,57.994043
477,-45.066362
478,-88.127032
479,-11.985456
480,0.600795
481,53.488928
482,-13.442585
483,18.174601
484,-62.808953
485,-23.207111
486,59.715098
487,-113.802138
488,249.030102
489,248.653349
490,6.966220
491,-13.057067
492,-55.085523
493,-37.223313
494,238.325810
495,34.738149
496,357.830197
497,64.137799
498,-77.979508
499,399.698481
500,-0.307575
501,11.191390
502,-43.294221
503,-44.146799
504,-44.197567
505,265.756415
506,41.325753
507,-59.700560
508,104.884831
509,11.443236
510,111.694367
511,3.889887
512,28.489594
513,22.482731
514,-30.433772
515,101.856193
516,-34.817790
517,-29.820904
518,56.414874
519,58.615822
520,37.343487
521,-37.571050
522,28.829393
523,-112.180500
524,28.097464
525,-19.373395
526,45.495673
527,55.615833
528,22.568826
529,-63.711243
530,52.239844
531,118.330792
532,69.679110
533,-5.579052
534,-56.367007
535,35.733635
536,10.496652
537,40.902242
538,-28.242495
539,-26.424078
540,15.030591
541,-84.541396
542,-11.873214
543,-9.750677
544,-17.293627
545,84.845233
546,36.281160
547,99.405019
548,-163.471513
549,26.661774
550,28.582329
551,-123.078379
552,-17.450312
553,-3.322210
554,22.138098
555,162.263634
556,24.195968
557,-20.406070
558,-30.372736
559,-4.507089
560,50.717291
561,4.137285
562,-63.648795
563,114.792956
564,-76.451016
565,-54.126565
566,16.688099
567,18.709068
568,60.649239
569,74.719853
570,-76.335662
571,2.382106
572,-51.324015
573,-50.776414
574,-52.235847
575,303.632749
576,56.067073
577,-18.900550
578,30.885487
579,-2.731970
580,-14.326788
581,-0.235662
582,13.243224
583,25.470431
584,-71.980313
585,-219.480065
586,195.888417
587,139.772061
588,4.261664
589,45.449919
590,64.801767
591,41.891236
592,19.872842
593,115.307777
594,36.155412
595,-59.274826
596,118.840033
597,153.767090
598,111.635241
599,6.765138
600,59.778146
601,-137.472481
602,75.401029
603,-12.603181
604,80.850052
605,-102.643277
606,-74.524428
607,52.131505
608,35.291362
609,10.330158
610,38.285088
611,77.857454
612,9.150694
613,-3.887618
614,-4.173292
615,102.616136
616,11.723505
617,70.578898
618,18.913388
619,109.694671
620,198.162113
621,-6.438181
622,-33.139561
623,112.514055
624,-5.020122
625,99.792595
626,375.457501
627,-11.829492
628,-6.985708
629,11.345461
630,42.919036
631,55.559518
632,179.742213
633,-10.247560
634,61.014537
635,165.608761
636,7.999977
637,363.173422
638,-54.192660
639,-150.022078
640,259.324865
641,68.795841
642,94.001944
643,295.898869
644,74.319644
645,7.984640
646,18.649115
647,35.032759
648,306.178039
649,11.696318
650,274.192887
651,37.099439
652,-56.942574
653,340.532255
654,113.679080
655,-36.473084
656,91.186477
657,40.663908
658,35.323308
659,15.323646
660,277.002971
661,-168.946365
662,50.541145
663,11.299758
664,171.906938
665,204.984468
666,18.426243
667,12.007300
668,64.746166
669,342.225189
670,15.532518
671,131.139185
672,130.428568
673,234.090486
674,-53.133809
675,11.022958
676,-72.323002
677,288.621043
678,32.158841
679,-96.013330
680,111.369364
681,200.377231
682,71.567097
683,20.137830
684,81.537087
685,260.366334
686,18.081478
687,226.249044
688,-66.642665
689,75.503911
690,377.570670
691,-32.236493
692,207.256603
693,65.452708
694,326.674165
695,86.692917
696,115.205064
697,90.769065
698,5.695041
699,-24.538821
700,-97.742437
701,7.130812
702,213.726096
703,42.446801
704,8.051963
705,-123.584014
706,211.780407
707,155.442009
708,101.616549
709,140.002683
710,137.643095
711,105.741135
712,-1.724275
713,-15.360756
714,14.417739
715,101.036535
716,46.601297
717,416.034338
718,78.611619
719,90.744201
720,-46.463114
721,449.751443
722,-87.123900
723,389.469053
724,107.748102
725,75.625346
726,-48.955300
727,83.458988
728,40.793803
729,472.731542
730,-93.028112
731,78.324608
732,-46.778406
733,190.205582
734,272.587153
735,-229.612074
736,115.455114
737,-0.388870
738,67.761689
739,68.943825
740,25.579334
741,76.920265
742,142.153076
743,-25.063475
744,126.252712
745,-20.413204
746,-26.714134
747,44.314925
748,3.284050
749,146.600120
750,62.402451
751,109.319055
752,-4.259358
753,283.169986
754,76.468008
755,-0.583224
756,305.791410
757,-27.558131
758,298.364122
759,41.611332
760,-19.503274
761,31.846547
762,39.465342
763,-43.364779
764,323.727851
765,49.012928
766,-48.164416
767,154.418265
768,40.836862
769,59.715530
770,495.898259
771,54.003185
772,278.030423
773,281.747211
774,-63.350716
775,58.535604
776,68.567191
777,317.791926
778,-0.993874
779,6.584270
780,120.950756
781,317.337542
782,22.199104
783,323.747033
784,40.987457
785,112.252288
786,63.459294
787,317.451017
788,83.331987
789,342.971752
790,164.285019
791,-1.371041
792,60.321984
793,279.667093
794,93.776072
795,236.882590
796,158.870722
797,148.269788
798,170.537769
799,49.519749
800,119.588518
801,-35.791555
802,17.599239
803,-10.914775
804,25.400096
805,-125.838686
806,-127.820289
807,32.092772
808,474.525502
809,65.570131
810,262.194784
811,332.351899
812,340.891074
813,53.616582
814,36.312298
815,5.569892
816,14.597414
817,-52.585074
818,42.088371
819,329.630760
820,12.644469
821,72.104190
822,20.648182
823,149.645078
824,197.636857
825,-39.798753
826,58.705375
827,49.364361
828,106.521795
829,265.575119
830,274.888891
831,53.790695
832,44.269617
833,3.779550
834,434.619015
835,-118.238433
836,28.243098
837,-1.791056
838,107.319487
839,-46.805149
840,42.086077
841,179.723073
842,65.567272
843,-43.620419
844,79.609723
845,39.863025
846,54.823726
847,88.044338
848,83.052508
849,126.167099
850,255.172416
851,25.372468
852,44.670726
853,247.273771
854,-7.796460
855,-91.295139
856,-13.229765
857,-119.039622
858,130.287233
859,122.398060
860,270.463742
861,-36.030256
862,120.239383
863,74.107646
864,280.290240
865,29.231731
866,-52.555787
867,120.787839
868,0.498256
869,57.146960
870,10.115743
871,73.245178
872,-4.616032
873,38.013344
874,470.123572
875,76.182555
876,-3.697169
877,90.321198
878,183.044673
879,100.985524
880,-33.188699
881,77.258330
882,-13.110606
883,-14.832366
884,65.532128
885,63.051447
886,10.437528
887,-8.193779
888,-5.575171
889,-59.660120
890,57.008862
891,71.481407
892,3.529022
893,13.335232
894,213.655017
895,7.024608
896,79.157591
897,235.298508
898,50.120632
899,30.156989
900,62.142229
901,60.448412
902,31.241775
903,57.901760
904,-21.694071
905,-2.125862
906,0.549534
907,140.552251
908,-79.859478
909,7.484774
910,21.828007
911,39.839752
912,-15.775954
913,282.457070
914,218.514709
915,-12.252854
916,19.288488
917,313.284230
918,63.120089
919,134.320059
920,155.776695
921,-84.384352
922,30.426954
923,-11.535172
924,3.767852
925,82.570033
926,120.682902
927,12.980686
928,82.124929
929,6.194124
930,-8.926084
931,342.364730
932,-66.535930
933,-21.613919
934,38.344975
935,81.276603
936,-12.543936
937,134.620485
938,-19.747039
939,-62.229104
940,286.214535
941,66.395701
942,170.249238
943,85.383855
944,64.013726
945,7.435600
946,-9.516091
947,131.825452
948,-105.573847
949,34.019798
950,57.567496
951,16.358561
952,-84.028347
953,-63.528832
954,55.399458
955,120.199294
956,54.929586
957,-52.203692
958,44.227719
959,157.747404
960,397.907783
961,139.813172
962,175.433668
963,102.583221
964,30.572738
965,96.440509
966,81.952790
967,88.861635
968,-42.370472
969,85.426011
970,-49.718074
971,316.425863
972,223.334134
973,350.888782
974,376.107035
975,-22.368008
976,99.945131
977,23.957643
978,11.632868
979,67.454525
980,-55.691103
981,138.093513
982,87.387536
983,289.039058
984,223.754724
985,-25.877029
986,-9.798231
987,14.871280
988,266.078290
989,36.888708
990,8.842564
991,33.620217
992,-6.090942
993,89.792889
994,270.213642
995,177.205038
996,305.431155
997,22.003276
998,-43.514176
999,22.070069
1000,44.134276
1001,125.567045
1002,81.467755
1003,2.488473
1004,31.675362
1005,319.315281
1006,-8.171927
1007,-30.090040
1008,-6.651261
1009,365.712971
1010,-14.919732
1011,37.105970
1012,69.720032
1013,172.496107
1014,11.518790
1015,71.702533
1016,-26.140565
1017,131.896307
1018,-48.117454
1019,-49.661811
1020,-76.581764
1021,58.467786
1022,29.137844
1023,26.301635
1024,275.765721
1025,40.997414
1026,318.316800
1027,294.662747
1028,15.860318
1029,50.211863
1030,206.140447
1031,16.707920
1032,114.272128
1033,18.197938
1034,178.129567
1035,268.366784
1036,163.550132
1037,-107.609773
1038,164.955380
1039,3.248133
1040,-19.490331
1041,218.673554
1042,-49.666298
1043,131.638227
1044,298.293293
1045,30.805429
1046,43.620000
1047,31.178352
1048,193.026594
1049,18.777212
1050,-70.543561
1051,305.589226
1052,2.812630
1053,45.356818
1054,71.945960
1055,38.144275
1056,-57.391598
1057,27.557687
1058,248.211079
1059,121.739459
1060,6.691609
1061,18.268622
1062,44.807736
1063,-42.553657
1064,3.753785
1065,175.144942
1066,-10.827157
1067,270.987852
1068,62.679432
1069,28.175472
1070,310.872803
1071,380.540630
1072,296.353003
1073,353.230991
1074,309.341616
1075,298.862864
1076,83.188257
1077,364.462617
1078,310.532320
1079,79.077634
1080,291.529490
1081,338.381215
1082,343.460144
1083,-44.878038
1084,374.280075
1085,315.457754
1086,46.511106
1087,368.268351
1088,386.255961
1089,175.243515
1090,330.134561
1091,329.856177
1092,359.148903
1093,299.920486
1094,311.976506
1095,308.280753
1096,290.566721
1097,285.736354
1098,89.229132
1099,274.416739
1100,320.522187
1101,334.284005
1102,323.364804
1103,364.462139
1104,353.503384
1105,346.595985
1106,63.007291
1107,333.295364
1108,327.199266
1109,-10.169520
1110,412.950844
1111,285.280944
1112,17.198799
1113,366.850838
1114,77.763678
1115,372.882913
1116,153.891143
1117,-2.877602
1118,295.142070
1119,42.168860
1120,82.904255
1121,1.093549
1122,252.931579
1123,91.062196
1124,305.208387
1125,278.956004
1126,332.755485
1127,244.706858
1128,382.645461
1129,306.947911
1130,262.713312
1131,333.903664
1132,342.046871
1133,306.390867
1134,241.099705
1135,29.432089
1136,138.473651
1137,324.995529
1138,62.781391
1139,12.572214
1140,303.048465
1141,322.563434
1142,321.087100
1143,313.240183
1144,264.108942
1145,202.763631
1146,467.354037
1147,77.628926
1148,332.489799
1149,91.974795
1150,440.875979
1151,125.140706
1152,251.791974
1153,354.787172
1154,328.583547
1155,38.531648
1156,302.328445
1157,308.802556
1158,304.414348
1159,341.706230
1160,313.855570
1161,237.071958
1162,207.016943
1163,366.502212
1164,428.212264
1165,90.166927
1166,323.692893
1167,361.612665
1168,349.403904
1169,222.992221
1170,313.924831
1171,118.768534
1172,316.049794
1173,101.696681
1174,412.460969
1175,354.318837
1176,58.091597
1177,275.099680
1178,-48.708884
1179,327.984761
1180,462.414689
1181,374.640192
1182,315.063407
1183,157.357373
1184,26.956603
1185,300.030787
1186,302.342262
1187,361.218749
1188,330.809372
1189,302.645159
1190,39.034918
1191,-24.128513
1192,291.170717
1193,316.023143
1194,93.155775
1195,233.653599
1196,331.780364
1197,298.100994
1198,384.760454
1199,313.717234
1200,298.638406
1201,322.546158
1202,305.137408
1203,227.143551
1204,279.060487
1205,318.246655
1206,399.415350
1207,125.271920
1208,287.714081
1209,326.337794
1210,80.631279
1211,87.905036
1212,348.736067
1213,62.428916
1214,61.908468
1215,311.387405
1216,292.654167
1217,378.759157
1218,85.991625
1219,96.569694
1220,393.838283
1221,296.678291
1222,318.552083
1223,334.671584
1224,366.006461
1225,318.822022
1226,34.287751
1227,59.148078
1228,349.884030
1229,264.049801
1230,-11.424474
1231,313.321385
1232,332.097866
1233,65.742686
1234,268.653316
1235,347.086605
1236,28.640739
1237,22.782595
1238,348.936098
1239,14.505391
1240,208.502681
1241,140.459230
1242,254.889550
1243,247.394538
1244,287.535766
1245,189.270498
1246,148.457717
1247,40.855107
1248,441.001935
1249,425.230551
1250,293.576271
1251,433.659850
1252,283.967849
1253,-9.093797
1254,321.327396
1255,369.987010
1256,343.652797
1257,327.976359
1258,165.748045
1259,346.993371
1260,378.905131
1261,303.221358
1262,297.175560
1263,309.084402
1264,356.890745
1265,281.022468
1266,56.458793
1267,354.318688
1268,281.798258
1269,340.896747
1270,374.486572
1271,48.176877
1272,290.917919
1273,213.560946
1274,155.209428
1275,258.931623
1276,379.359411
1277,76.149815
1278,318.626017
1279,273.006863
1280,242.988982
1281,352.646954
1282,311.746170
1283,347.501199
1284,343.186695
1285,369.202798
1286,390.379496
1287,304.134070
1288,370.284074
1289,62.563075
1290,62.866582
1291,321.480508
1292,321.131655
1293,296.323691
1294,71.376952
1295,34.791515
1296,237.007558
1297,97.966101
1298,68.879483
1299,314.728281
1300,342.656070
1301,276.975603
1302,81.148891
1303,335.584298
1304,123.215935
1305,285.207969
1306,338.535454
1307,-18.181554
1308,146.782742
1309,311.235384
1310,336.532250
1311,300.973091
1312,137.839976
1313,178.443926
1314,126.443661
1315,425.072456
1316,296.885376
1317,69.792415
1318,301.826849
1319,58.803815
1320,391.177813
1321,78.916053
1322,235.018517
1323,63.443935
1324,275.226843
1325,424.013602
1326,277.121112
1327,353.504482
1328,67.976163
1329,89.249123
1330,333.464898
1331,408.959037
1332,355.341975
1333,323.477795
1334,324.688401
1335,348.718436
1336,169.057157
1337,427.478513
1338,56.909235
1339,248.285955
1340,143.073795
1341,319.970520
1342,403.187402
1343,104.844433
1344,264.542003
1345,-4.724736
1346,335.227133
1347,279.324527
1348,328.841640
1349,106.844856
1350,333.406784
1351,113.504945
1352,416.533322
1353,321.889151
1354,520.618337
1355,283.740171
1356,471.227800
1357,385.096503
1358,231.338733
1359,328.789311
1360,297.839440
1361,274.154867
1362,277.632113
1363,339.200691
1364,301.648287
1365,302.190224
1366,291.371590
1367,337.222735
1368,284.927406
1369,269.762122
1370,284.011910
1371,283.193085
1372,300.099136
1373,311.883095
1374,49.927394
1375,349.431266
1376,293.284878
1377,297.348045
1378,298.430441
1379,308.691446
1380,312.370940
1381,319.907189
1382,409.277084
1383,282.114436
1384,301.445193
1385,387.131522
1386,281.878581
1387,281.929527
1388,334.691738
1389,274.441022
1390,329.018361
1391,353.982844
1392,388.300254
1393,282.828979
1394,283.772461
1395,362.844981
1396,260.336524
1397,299.304063
1398,291.843368
1399,274.231998
1400,281.572852
1401,337.804593
1402,317.143355
1403,282.184449
1404,347.145395
1405,274.540944
1406,300.068242
1407,292.908606
1408,274.777470
1409,312.690677
1410,316.190034
1411,261.920310
1412,299.408601
1413,303.903026
1414,427.114514
1415,276.290687
1416,308.928587
1417,316.933337
1418,374.109864
1419,316.747602
1420,459.497647
1421,473.442926
1422,238.362327
1423,319.132025
1424,321.673920
1425,309.461065
1426,267.596416
1427,288.874995
1428,310.103058
1429,360.218366
1430,296.130498
1431,346.525987
1432,280.562098
1433,337.393061
1434,311.124839
1435,309.428621
1436,299.951804
1437,319.473928
1438,325.263379
1439,96.772080
1440,335.724101
1441,372.308048
1442,303.393786
1443,302.550253
1444,285.689611
1445,308.907887
1446,302.187599
1447,350.878278
1448,342.029232
1449,275.159122
1450,359.384518
1451,293.126880
1452,291.175155
1453,317.482011
1454,289.239174
1455,277.053568
1456,332.434060
1457,318.555145
1458,388.328041
1459,307.089030
1460,281.960768
1461,197.236261
1462,249.868801
1463,294.008835
1464,272.662081
1465,320.649186
1466,332.052927
1467,343.113459
1468,328.419734
1469,297.232168
1470,323.354627
1471,286.645167
1472,326.352970
1473,302.614396
1474,289.000474
1475,317.817349
1476,275.153201
1477,311.852460
1478,257.342661
1479,251.258897
1480,298.115453
1481,274.578256
1482,269.840639
1483,304.373935
1484,327.578337
1485,288.789340
1486,293.541422
1487,374.238228
1488,255.732210
1489,363.912800
1490,364.481790
1491,384.206436
1492,283.111256
1493,367.724190
1494,312.729276
1495,318.687228
1496,337.100662
1497,321.393937
1498,311.766922
1499,305.709644
1500,356.150180
1501,316.955101
1502,272.508664
1503,338.064662
1504,312.951030
1505,310.834065
1506,316.661025
1507,271.389688
1508,287.097093
1509,295.949496
1510,299.050242
1511,258.411473
1512,240.638283
1513,350.412272
1514,386.672358
1515,315.130657
1516,291.558728
1517,278.517866
1518,291.721631
1519,293.845195
1520,425.994492
1521,161.976702
1522,300.181594
1523,323.438931
1524,280.169356
1525,332.943281
1526,289.229113
1527,322.062705
1528,325.323375
1529,308.601893
1530,363.469560
1531,272.594704
1532,327.950417
1533,334.653255
1534,260.039037
1535,362.101171
1536,304.456264
1537,272.128221
1538,306.355554
1539,297.170343
1540,279.561660
1541,337.659442
1542,282.891737
1543,295.932833
1544,261.960297
1545,279.768596
1546,468.394742
1547,263.851101
1548,377.798952
1549,278.060287
1550,299.970011
1551,276.900353
1552,296.292547
1553,299.510498
1554,342.443904
1555,335.898987
1556,289.993916
1557,315.904370
1558,317.727440
1559,310.155518
1560,235.512058
1561,259.681916
1562,357.124338
1563,266.368669
1564,285.565745
1565,275.036577
1566,323.852079
1567,317.004530
1568,322.857940
1569,392.855501
1570,305.438851
1571,297.577459
1572,297.185124
1573,303.736290
1574,315.729287
1575,332.092110
1576,378.214311
1577,286.542166
1578,355.499806
1579,336.916131
1580,339.715103
1581,296.002782
1582,400.521844
1583,338.662127
1584,268.886462
1585,333.380558
1586,294.332454
1587,389.534400
1588,356.530232
1589,313.811293
1590,262.378915
1591,320.513355
1592,284.801102
1593,318.680920
1594,309.865143
1595,347.254231
1596,328.785666
1597,350.417670
1598,312.693676
1599,282.731083
1600,302.541936
1601,312.066045
1602,306.179108
1603,354.473894
1604,324.258248
1605,457.971283
1606,290.068761
1607,266.036907
1608,283.113209
1609,250.144738
1610,264.507006
1611,339.887630
1612,302.268002
1613,340.040881
1614,278.106203
1615,292.047674
1616,291.577096
1617,295.315824
1618,244.334699
1619,202.568986
1620,307.649275
1621,299.724195
1622,306.940630
1623,317.917216
1624,317.831133
1625,340.509120
1626,295.532725
1627,285.723258
1628,348.158007
1629,311.127168
1630,287.115317
1631,282.624789
1632,342.479675
1633,360.320907
1634,354.351627
1635,261.129428
1636,292.719068
1637,381.751536
1638,336.749930
1639,323.928443
1640,316.508316
1641,292.533547
1642,262.597727
1643,332.350533
1644,360.718046
1645,318.143672
1646,336.262660
1647,322.537914
1648,272.183552
1649,404.790906
1650,257.361524
1651,399.073527
1652,304.753736
1653,412.921687
1654,273.200053
1655,310.117097
1656,309.439735
1657,298.434118
1658,298.702949
1659,353.470544
1660,291.186039
1661,277.327804
1662,334.449447
1663,363.194246
1664,237.546397
1665,336.121026
1666,270.313316
1667,299.355488
1668,329.651568
1669,334.190823
1670,280.846358
1671,356.767283
1672,308.779972
1673,314.995218
1674,326.876354
1675,253.954159
1676,357.555942
1677,289.314225
1678,295.978526
1679,352.559871
1680,401.253702
1681,310.869751
1682,345.982336
1683,289.173742
1684,315.246446
1685,331.908648
1686,274.682478
1687,267.932861
1688,382.022743
1689,265.722532
1690,392.498800
1691,317.033450
1692,394.166827
1693,404.859246
1694,274.082453
1695,281.454283
1696,403.746966
1697,282.597417
1698,336.297747
1699,399.996497
1700,312.295318
1701,295.640754
1702,324.758405
1703,318.093165
1704,274.766581
1705,371.685087
1706,384.058675
1707,326.044903
1708,395.478536
1709,385.304734
1710,274.916741
1711,272.256867
1712,391.306041
1713,273.043228
1714,272.454345
1715,309.391013
1716,305.335244
1717,420.861737
1718,390.025480
1719,374.426827
1720,274.590645
1721,282.930125
1722,296.571859
1723,329.901908
1724,343.338878
1725,376.302179
1726,338.053100
1727,432.276362
1728,349.320116
1729,302.627581
1730,360.621192
1731,355.516279
1732,416.346647
1733,307.545127
1734,306.077444
1735,278.646101
1736,268.232739
1737,322.642459
1738,320.147233
1739,439.676779
1740,275.161474
1741,290.504897
1742,251.932498
1743,328.537220
1744,281.428806
1745,313.301008
1746,303.421871
1747,259.413683
1748,305.728047
1749,435.060553
1750,375.972486
1751,278.263572
1752,432.811354
1753,411.213937
1754,323.907283
1755,356.668303
1756,284.155231
1757,319.649117
1758,279.578981
1759,252.331664
1760,302.111038
1761,311.371862
1762,415.541207
1763,281.709456
1764,374.333734
1765,272.510214
1766,487.035220
1767,391.347094
1768,442.288891
1769,312.906246
1770,308.423348
1771,321.721612
1772,341.918074
1773,316.448024
1774,469.736896
1775,324.746824
1776,356.449770
1777,402.694867
1778,388.715340
1779,277.724554
1780,385.190469
1781,295.662808
1782,311.685844
1783,488.070363
1784,297.127218
1785,355.136001
1786,377.635602
1787,243.132631
1788,342.998961
1789,348.483853
1790,321.643096
1791,369.496145
1792,431.068967
1793,395.029898
1794,327.277465
1795,356.520333
1796,239.409119
1797,430.117527
1798,416.509271
1799,314.423410
1800,417.379978
1801,374.615826
1802,378.795402
1803,371.864156
1804,306.491072
1805,386.350259
1806,327.899815
1807,271.136742
1808,308.917028
1809,282.964092
1810,308.257196
1811,297.524259
1812,369.976136
1813,331.445637
1814,324.976637
1815,304.531341
1816,281.954135
1817,322.741201
1818,353.854004
1819,294.741132
1820,282.266154
1821,286.908645
1822,378.686193
1823,266.263588
1824,364.380489
1825,366.947342
1826,470.191366
1827,326.800562
1828,340.534410
1829,244.925521
1830,382.842371
1831,333.236282
1832,327.266974
1833,326.851057
1834,419.458531
1835,289.492501
1836,316.591782
1837,291.782677
1838,412.092093
1839,318.335337
1840,315.535861
1841,295.184748
1842,357.394330
1843,278.042862
1844,260.411280
1845,332.496483
1846,368.729130
1847,420.125171
1848,273.367563
1849,300.000210
1850,427.977705
1851,339.898623
1852,260.539893
1853,387.118267
1854,371.906986
1855,315.498909
1856,303.286053
1857,322.636945
1858,307.261544
1859,280.677507
1860,362.104694
1861,433.607305
1862,303.963265
1863,271.625129
1864,363.465033
1865,314.986921
1866,302.642267
1867,284.754370
1868,366.852373
1869,300.408954
1870,326.268983
1871,291.901458
1872,312.862868
1873,291.069680
1874,281.377790
1875,405.951551
1876,364.018537
1877,331.928671
1878,322.735214
1879,290.397247
1880,350.688162
1881,249.588409
1882,271.660813
1883,425.857652
1884,317.391968
1885,341.136777
1886,436.278837
1887,306.027521
1888,333.094526
1889,321.062179
1890,317.802886
1891,324.243722
1892,352.597042
1893,318.402964
1894,309.038264
1895,363.048153
1896,350.325622
1897,330.608524
1898,327.661355
1899,379.177147
1900,385.759882
1901,276.602084
1902,315.474123
1903,324.003786
1904,360.727471
1905,295.892744
1906,283.274900
1907,271.681819
1908,406.532918
1909,307.184313
1910,314.217846
1911,310.657886
1912,358.463999
1913,301.825719
1914,297.695533
1915,376.164353
1916,309.377057
1917,317.797411
1918,257.772236
1919,247.042206
1920,305.131543
1921,319.399170
1922,430.925755
1923,319.873833
1924,312.290139
1925,280.718615
1926,258.181800
1927,371.271231
1928,463.376376
1929,305.380501
1930,337.662853
1931,376.389104
1932,264.693564
1933,378.511360
1934,266.053874
1935,408.794918
1936,321.156306
1937,367.096335
1938,294.185323
1939,318.799610
1940,396.994765
1941,318.579611
1942,341.830357
1943,308.856788
1944,408.663363
1945,374.505936
1946,385.144545
1947,354.085684
1948,396.804257
1949,449.170036
1950,376.685210
1951,225.452931
1952,374.884630
1953,378.952864
1954,313.373743
1955,399.385152
1956,377.431622
1957,394.855686
1958,484.537012
1959,450.274628
1960,358.836540
1961,384.745840
1962,398.381999
1963,480.607191
1964,307.828919
1965,273.719817
1966,478.701389
1967,336.617370
1968,377.663407
1969,263.028700
1970,293.965090
1971,304.476466
1972,431.500689
1973,343.709744
1974,446.993529
1975,410.768345
1976,385.478091
1977,424.077103
1978,276.164547
1979,379.883150
1980,272.621406
1981,437.206677
1982,277.001436
1983,293.948962
1984,371.747118
1985,274.469047
1986,422.476334
1987,336.988062
1988,396.027739
1989,323.180805
1990,377.911407
1991,262.072113
1992,311.103858
1993,308.056671
1994,329.843190
1995,322.135291
1996,405.621707
1997,372.927834
1998,351.246701
1999,403.662901
2000,411.557397
2001,381.603107
2002,411.534782
2003,357.433184
2004,462.835433
2005,394.019494
2006,426.671072
2007,274.113948
2008,452.416592
2009,526.494253
2010,295.279560
2011,437.254679
2012,321.039071
2013,300.395058
2014,300.812861
2015,359.223432
2016,424.216095
2017,428.218139
2018,273.086831
2019,362.009442
2020,391.494873
2021,332.591168
2022,313.466779
2023,297.648423
2024,292.721054
2025,398.693771
2026,259.347159
2027,442.535756
2028,290.498579
2029,335.060718
2030,378.721236
2031,260.589699
2032,288.260656
2033,457.396589
2034,423.597876
2035,426.181965
2036,270.477730
2037,319.753423
2038,296.733528
2039,353.963748
2040,287.620494
2041,465.850339
2042,285.204423
2043,274.630470
2044,430.939020
2045,288.327228
2046,494.374695
2047,291.141140
2048,325.181041
2049,372.379314
2050,314.492231
2051,399.801240
2052,378.951232
2053,404.696162
2054,420.458969
2055,274.999787
2056,314.810795
2057,460.901665
2058,286.789194
2059,294.956932
2060,410.550171
2061,456.664830
2062,299.854498
2063,345.794915
2064,256.595799
2065,265.317308
2066,330.969946
2067,319.982720
2068,339.194362
2069,314.989356
2070,423.092693
2071,318.697117
2072,408.389182
2073,457.392110
2074,291.521257
2075,331.861484
2076,348.217148
2077,326.710775
2078,377.746892
2079,328.993143
2080,379.972434
2081,331.676322
2082,289.397068
2083,325.365634
2084,344.020054
2085,274.369132
2086,351.645504
2087,410.548911
2088,315.766968
2089,448.985125
2090,379.103543
2091,399.860549
2092,296.940840
2093,331.813184
2094,280.525897
2095,355.681954
2096,360.651367
2097,278.861846
2098,328.331406
2099,295.810097
2100,466.224284
2101,379.901122
2102,457.975758
2103,415.053698
2104,404.219629
2105,316.691320
2106,422.249476
2107,426.455914
2108,415.060953
2109,289.892125
2110,326.712450
2111,418.378947
2112,410.971920
2113,341.886640
2114,445.761907
2115,383.871831
2116,293.018807
2117,310.290626
2118,475.866712
2119,438.742388
2120,310.228803
2121,424.338662
2122,411.174422
2123,347.862060
2124,310.038191
2125,353.328879
2126,422.536812
2127,323.162064
2128,262.207061
2129,446.033003
2130,379.549901
2131,412.441276
2132,409.230865
2133,336.606362
2134,314.440897
2135,350.083502
2136,322.553918
2137,436.886289
2138,446.648218
2139,447.155440
2140,282.612596
2141,343.446996
2142,301.751982
2143,272.745951
2144,325.091895
2145,426.311955
2146,359.179987
2147,335.668555
2148,355.915239
2149,409.482551
2150,417.530741
2151,307.122989
2152,290.954152
2153,377.537056
2154,266.846483
2155,340.644191
2156,430.304701
2157,307.763846
2158,343.993471
2159,317.409486
2160,284.689696
2161,299.322637
2162,414.687525
2163,396.972850
2164,437.902510
2165,318.105862
2166,399.079196
2167,436.110155
2168,454.294876
2169,401.779864
2170,416.674809
2171,268.371423
2172,257.165531
2173,378.909901
2174,300.388654
2175,418.498238
2176,330.097096
2177,384.731778
2178,352.719838
2179,395.732760
2180,303.931631
2181,287.764920
2182,309.806393
2183,323.987579
2184,338.287226
2185,411.952939
2186,342.141563
2187,321.582746
2188,440.700628
2189,437.455147
2190,385.536663
2191,362.571411
2192,449.187038
2193,404.898915
2194,360.968103
2195,451.428656
2196,404.731470
2197,436.851117
2198,453.341836
2199,380.242356
2200,331.850945
2201,451.135594
2202,312.312883
2203,423.820934
2204,438.687156
2205,301.222307
2206,446.041484
2207,283.677756
2208,455.791881
2209,365.407197
2210,371.092706
2211,311.620437
2212,305.136185
2213,267.274611
2214,319.792644
2215,354.487175
2216,423.937748
2217,470.728156
2218,459.489160
2219,328.048001
2220,300.543271
2221,469.270609
2222,426.512270
2223,318.507517
2224,302.107634
2225,440.759474
2226,442.725706
2227,402.470147
2228,306.117225
2229,427.785566
2230,432.274955
2231,457.125618
2232,436.218443
2233,414.410605
2234,358.133277
2235,417.187482
2236,447.608819
2237,392.325356
2238,435.507866
2239,386.533881
2240,320.726342
2241,335.657550
2242,269.674745
2243,400.580568
2244,271.743059
2245,425.689642
2246,415.960190
2247,432.763963
2248,280.068424
2249,505.404750
2250,351.718086
2251,335.121117
2252,410.969286
2253,445.143322
2254,431.030383
2255,340.684211
2256,337.411306
2257,475.050760
2258,470.278554
2259,464.441804
2260,429.555721
2261,333.325214
2262,433.984936
2263,406.091195
2264,466.118036
2265,438.317883
2266,341.460410
2267,363.334522
2268,465.009748
2269,397.205902
2270,379.840752
2271,446.595404
2272,381.545825
2273,374.221427
2274,338.784447
2275,437.624788
2276,384.548778
2277,433.204894
2278,291.751499
2279,350.296926
2280,461.521282
2281,404.189334
2282,375.969663
2283,353.738157
2284,341.239296
2285,596.853534
2286,425.214571
2287,448.708675
2288,414.813624
2289,341.828257
2290,401.900698
2291,468.028664
2292,326.520637
2293,280.873427
2294,315.658134
2295,381.108405
2296,257.496843
2297,312.163504
2298,412.502239
2299,453.164346
2300,429.528148
2301,392.020428
2302,422.624376
2303,294.657640
2304,478.258263
2305,433.889392
2306,452.261644
2307,405.368038
2308,393.750610
2309,273.904854
2310,469.262912
2311,417.467671
2312,425.759011
2313,386.145149
2314,450.032504
2315,417.222358
2316,325.323100
2317,397.422802
2318,309.230886
2319,493.835509
2320,336.256776
2321,460.701028
2322,482.827701
2323,377.100846
2324,382.801118
2325,279.058013
2326,412.889468
2327,378.359276
2328,419.435661
2329,309.151746
2330,449.279457
2331,360.911243
2332,324.912977
2333,456.213338
2334,476.091578
2335,358.027475
2336,499.609826
2337,469.699418
2338,316.473328
2339,356.977503
2340,487.267512
2341,304.406754
2342,294.592288
2343,281.677144
2344,404.955085
2345,355.084081
2346,297.331327
2347,438.014625
2348,455.381763
2349,403.536769
2350,429.954543
2351,381.151987
2352,410.511088
2353,373.218900
2354,488.494074
2355,356.834940
2356,407.358755
2357,456.398585
2358,652.267818
2359,349.068076
2360,412.711989
2361,299.347870
2362,459.684412
2363,320.878930
2364,443.674673
2365,436.383985
2366,263.233515
2367,477.246074
2368,502.491470
2369,290.959178
2370,339.199553
2371,620.008108
2372,375.813152
2373,413.012358
2374,484.744925
2375,387.344136
2376,453.147551
2377,394.716844
2378,393.156922
2379,419.269204
2380,477.073060
2381,463.439153
2382,375.686046
2383,434.027687
2384,468.724207
2385,453.093368
2386,448.017987
2387,531.483917
2388,442.088426
2389,411.870084
2390,366.992559
2391,324.728985
2392,293.893466
2393,433.598407
2394,379.992307
2395,302.177372
2396,420.293054
2397,410.399538
2398,399.039250
2399,329.161322
2400,343.484311
2401,420.342050
2402,460.242524
2403,472.080165
2404,388.896093
2405,447.361432
2406,535.474582
2407,475.823957
2408,378.350214
2409,426.626275
2410,410.615580
2411,405.351091
2412,372.157644
2413,431.270300
2414,421.355448
2415,447.067370
2416,430.314131
2417,458.029119
2418,304.058492
2419,535.183806
2420,602.375400
2421,456.865825
2422,441.451286
2423,387.293452
2424,271.227004
2425,307.919758
2426,452.900215
2427,511.581453
2428,336.813586
2429,448.246250
2430,495.878240
2431,413.208637
2432,439.911795
2433,348.667428
2434,306.514888
2435,421.945427
2436,276.624178
2437,355.598823
2438,527.817372
2439,434.090809
2440,342.541204
2441,420.294817
2442,444.558531
2443,462.099464
2444,482.395604
2445,453.889762
2446,444.548928
2447,422.402125
2448,417.329231
2449,377.846052
2450,435.569515
2451,468.012001
2452,405.135475
2453,479.737624
2454,329.786948
2455,408.681915
2456,522.255648
2457,432.521638
2458,390.108469
2459,449.684926
2460,394.637706
2461,319.276854
2462,399.362391
2463,445.800339
2464,475.506321
2465,417.930238
2466,376.826794
2467,252.652991
2468,559.178249
2469,461.156711
2470,460.754946
2471,430.936703
2472,375.269640
2473,341.915303
2474,402.438513
2475,380.813245
2476,454.744867
2477,389.344101
2478,420.026249
2479,443.430617
2480,419.077272
2481,470.055926
2482,403.998435
2483,425.249471
2484,465.923196
2485,416.541595
2486,457.204717
2487,428.864953
2488,455.340545
2489,483.232177
2490,307.949822
2491,419.128796
2492,457.797174
2493,425.161664
2494,643.241629
2495,409.936147
2496,433.508700
2497,433.388163
2498,427.674632
2499,466.955395
2500,434.518349
2501,438.768302
2502,422.673296
2503,443.882186
2504,444.273273
2505,405.530796
2506,439.676994
2507,471.534647
2508,252.691121
2509,458.368741
2510,435.970332
2511,674.791631
2512,459.068526
2513,358.947425
2514,464.075807
2515,561.885738
2516,404.166727
2517,319.012433
2518,429.169396
2519,529.489774
2520,379.653585
2521,417.675364
2522,309.701064
2523,408.483475
2524,485.805754
2525,343.905868
2526,446.064638
2527,434.934088
2528,457.291117
2529,451.336578
2530,441.434955
2531,475.620469
2532,572.141245
2533,402.076491
2534,442.664687
2535,464.599100
2536,420.210147
2537,482.406708
2538,429.437990
2539,564.941322
2540,451.891154
2541,428.778721
2542,438.402135
2543,562.158911
2544,433.229116
2545,433.572177
2546,704.020392
2547,459.258064
2548,422.733447
2549,460.255939
2550,458.048903
2551,420.069727
2552,474.180238
2553,445.387050
2554,378.609508
2555,316.008585
2556,488.647910
2557,411.848790
2558,380.887750
2559,459.468459
2560,756.932763
2561,350.153310
2562,402.206728
2563,379.984516
2564,482.614435
2565,505.292867
2566,442.350536
2567,428.682123
2568,477.161251
2569,607.670067
2570,421.612718
2571,439.840247
2572,467.595511
2573,456.825725
2574,396.860098
2575,423.788329
2576,612.969232
2577,421.443050
2578,488.068247
2579,337.132676
2580,456.390697
2581,433.966849
2582,404.884357
2583,330.141968
2584,370.244438
2585,437.360144
2586,678.268081
2587,412.760448
2588,393.302238
2589,418.573667
2590,582.033906
2591,327.717850
2592,405.448790
2593,464.139555
2594,443.738724
2595,477.349396
2596,443.244138
2597,432.106409
2598,420.274690
2599,307.578823
2600,291.886056
2601,359.077082
2602,405.112092
2603,484.391589
2604,414.414990
2605,440.456272
2606,450.578193
2607,389.219928
2608,353.546581
2609,445.984952
2610,442.273815
2611,428.468391
2612,431.867413
2613,421.337375
2614,445.376659
2615,410.395701
2616,468.562187
2617,410.928620
2618,322.578324
2619,310.886432
2620,515.002208
2621,492.650045
2622,483.547877
2623,502.350126
2624,367.647377
2625,458.461644
2626,447.015890
2627,409.501744
2628,459.884670
2629,451.369481
2630,423.737838
2631,487.435863
2632,472.457571
2633,428.470670
2634,448.443021
2635,438.504903
2636,493.086176
2637,490.829319
2638,437.037242
2639,395.727759
2640,431.062308
2641,436.771659
2642,411.646369
2643,432.675343
2644,450.017604
2645,395.706580
2646,483.649505
2647,452.339575
2648,287.125129
2649,436.402871
2650,393.378362
2651,316.568694
2652,413.343735
2653,378.934011
2654,455.653041
2655,402.342523
2656,425.196853
2657,615.791935
2658,498.519014
2659,495.966848
2660,476.654314
2661,472.862097
2662,446.935496
2663,469.094486
2664,469.486631
2665,478.015528
2666,440.654638
2667,439.939892
2668,452.356806
2669,521.449320
2670,482.056129
2671,471.791011
2672,547.687970
2673,427.287853
2674,503.776193
2675,512.501648
2676,452.457220
2677,461.398106
2678,543.799398
2679,427.663120
2680,445.816035
2681,458.974653
2682,412.161453
2683,399.286207
2684,455.888667
2685,444.295190
2686,660.473007
2687,420.269601
2688,424.833195
2689,452.909881
2690,453.470437
2691,470.380147
2692,774.198236
2693,480.741938
2694,743.893041
2695,513.905035
2696,440.062001
2697,441.574967
2698,722.070342
2699,837.610634
2700,428.582558
2701,404.420498
2702,443.684056
2703,679.815642
2704,462.131541
2705,495.821951
2706,511.117819
2707,428.395757
2708,416.362640
2709,466.549466
2710,394.676601
2711,436.139187
2712,424.528564
2713,463.352517
2714,411.713687
2715,496.352155
2716,456.410616
2717,675.467660
2718,486.672411
2719,517.263407
2720,375.898066
2721,414.208964
2722,671.204186
2723,455.575278
2724,328.636185
2725,468.455397
2726,431.330855
2727,431.278029
2728,417.709415
2729,424.732039
2730,433.593557
2731,455.637324
2732,698.762210
2733,496.888107
2734,430.269109
2735,437.478386
2736,491.905723
2737,482.475500
2738,434.207752
2739,443.919106
2740,555.037955
2741,481.155194
2742,463.967079
2743,637.987802
2744,462.943388
2745,423.937621
2746,500.294673
2747,478.656415
2748,402.056829
2749,424.370711
2750,491.761015
2751,460.432249
2752,445.883136
2753,415.213959
2754,491.048479
2755,451.722289
2756,427.285042
2757,431.754510
2758,453.506480
2759,474.948646
2760,475.916541
2761,464.212368
2762,352.355303
2763,514.398156
2764,460.762847
2765,465.074505
2766,514.325342
2767,401.756198
2768,457.302725
2769,490.641968
2770,453.753167
2771,407.566832
2772,644.968842
2773,460.388758
2774,482.098453
2775,483.259816
2776,721.437095
2777,416.123628
2778,402.283410
2779,480.524472
2780,492.987811
2781,403.709924
2782,432.743600
2783,574.966342
2784,459.920363
2785,605.339724
2786,538.354044
2787,421.642619
2788,435.998523
2789,478.004962
2790,459.113481
2791,452.288517
2792,468.899452
2793,446.151013
2794,785.029414
2795,453.641975
2796,470.357983
2797,532.930811
2798,655.923201
2799,456.438748
2800,427.419934
2801,503.300491
2802,440.636274
2803,398.261504
2804,537.523274
2805,430.952557
2806,488.871197
2807,337.079835
2808,464.647592
2809,516.264263
2810,437.302220
2811,656.985056
2812,408.720871
2813,466.522601
2814,446.050508
2815,504.297914
2816,433.620969
2817,482.047341
2818,513.051033
2819,423.860667
2820,701.983202
2821,476.739355
2822,469.474724
2823,471.388334
2824,459.182915
2825,443.218860
2826,447.318931
2827,547.828110
2828,426.118014
2829,455.970044
2830,258.837915
2831,502.626510
2832,438.743646
2833,712.810204
2834,440.994423
2835,461.497179
2836,456.631088
2837,519.540644
2838,486.342320
2839,591.810270
2840,422.629763
2841,423.634060
2842,486.107295
2843,462.437719
2844,405.782710
2845,448.688812
2846,457.013123
2847,773.926436
2848,713.357944
2849,471.783027
2850,425.596807
2851,482.938633
2852,448.204404
2853,461.007429
2854,398.685825
2855,446.265611
2856,427.394050
2857,787.633017
2858,411.709156
2859,428.135661
2860,437.437818
2861,382.675450
2862,463.577601
2863,508.809796
2864,477.770083
2865,418.147895
2866,419.751735
2867,441.955208
2868,466.800948
2869,449.395089
2870,449.047408
2871,504.959004
2872,467.885155
2873,460.791518
2874,502.728364
2875,472.671884
2876,457.438464
2877,550.739084
2878,495.265179
2879,491.764115
2880,432.848530
2881,472.025539
2882,444.611484
2883,501.117487
2884,448.062711
2885,679.628629
2886,501.691732
2887,438.180913
2888,655.359855
2889,395.647771
2890,478.351441
2891,502.672953
2892,514.573381
2893,471.318720
2894,467.064203
2895,403.802849
2896,432.832127
2897,471.404690
2898,557.628838
2899,476.646865
2900,524.883795
2901,536.825595
2902,461.758518
2903,417.146447
2904,899.855055
2905,408.453628
2906,459.685236
2907,804.736501
2908,466.994841
2909,763.338648
2910,465.877941
2911,461.064628
2912,785.290529
2913,440.951764
2914,712.925579
2915,504.888444
2916,539.826583
2917,466.857444
2918,731.035801
2919,421.780351
2920,446.979261
2921,426.310596
2922,517.854489
2923,423.514682
2924,470.078568
2925,473.403119
2926,505.380440
2927,461.292267
2928,808.739400
2929,494.562970
2930,513.707963
2931,403.808644
2932,438.641513
2933,421.980960
2934,460.959134
2935,500.407915
2936,453.657340
2937,466.620325
2938,541.070567
2939,519.836935
2940,613.248613
2941,429.340784
2942,446.486312
2943,440.664686
2944,545.284619
2945,429.575946
2946,471.523762
2947,484.000394
2948,417.510459
2949,503.261951
2950,459.475419
2951,394.716169
2952,487.799024
2953,517.704593
2954,742.699597
2955,505.945267
2956,419.113219
2957,480.263812
2958,453.325977
2959,682.263739
2960,617.777186
2961,457.094242
2962,451.199429
2963,510.521915
2964,440.986687
2965,708.936613
2966,453.210481
2967,475.818237
2968,553.700869
2969,451.437214
2970,453.455236
2971,659.303141
2972,469.094972
2973,559.375765
2974,618.299017
2975,538.341519
2976,698.391299
2977,465.084914
2978,734.846816
2979,424.152202
2980,460.099526
2981,532.700437
2982,440.325364
2983,450.699747
2984,602.804712
2985,499.517649
2986,474.675758
2987,452.830558
2988,734.970304
2989,633.684561
2990,449.671956
2991,838.334194
2992,506.318115
2993,554.681269
2994,600.725002
2995,744.534256
2996,487.053025
2997,407.504924
2998,490.777463
2999,752.521867
3000,432.207785
3001,446.196196
3002,504.697168
3003,528.232829
3004,463.888406
3005,455.724073
3006,468.620826
3007,411.489617
3008,788.596757
3009,433.063523
3010,505.859235
3011,472.655874
3012,448.984707
3013,519.463178
3014,438.186320
3015,480.688966
3016,495.419599
3017,761.725709
3018,451.600213
3019,518.141271
3020,476.754767
3021,418.225729
3022,436.467180
3023,778.633240
3024,527.043361
3025,492.969059
3026,747.722918
3027,455.962923
3028,424.386048
3029,635.411219
3030,448.956688
3031,437.143816
3032,508.134440
3033,450.133133
3034,483.844530
3035,743.912317
3036,483.133450
3037,470.254046
3038,469.252324
3039,481.689623
3040,801.093127
3041,512.222899
3042,474.288817
3043,464.931120
3044,506.854707
3045,452.884896
3046,520.898885
3047,732.163865
3048,476.299384
3049,481.612300
3050,448.689223
3051,436.836312
3052,471.421906
3053,459.049441
3054,622.114390
3055,437.483825
3056,494.981201
3057,491.419750
3058,459.752419
3059,539.675779
3060,483.269229
3061,459.774243
3062,483.762132
3063,513.096465
3064,471.961668
3065,498.274918
3066,430.400208
3067,433.316139
3068,523.491315
3069,494.186568
3070,420.628921
3071,467.630302
3072,561.409264
3073,577.996643
3074,706.915724
3075,475.777493
3076,488.700953
3077,467.788042
3078,605.403860
3079,484.707625
3080,502.093324
3081,408.544149
3082,546.851442
3083,681.984013
3084,440.050542
3085,471.273607
3086,514.090837
3087,498.691115
3088,476.327746
3089,787.495343
3090,453.880548
3091,519.292267
3092,461.542275
3093,527.649106
3094,728.437077
3095,879.195189
3096,545.132010
3097,1052.635732
3098,739.690200
3099,510.094742
3100,522.166142
3101,562.868470
3102,716.334518
3103,797.017808
3104,454.061798
3105,472.032693
3106,654.466921
3107,639.654135
3108,507.843656
3109,453.254801
3110,759.707943
3111,524.966662
3112,608.451932
3113,476.522956
3114,830.938250
3115,454.424820
3116,505.115367
3117,481.442994
3118,473.260669
3119,736.561344
3120,432.399600
3121,510.662173
3122,491.281260
3123,429.671022
3124,463.742299
3125,863.211797
3126,1409.437122
3127,488.867914
3128,482.747454
3129,537.368321
3130,589.008807
3131,602.581831
3132,614.980271
3133,943.890999
3134,465.735247
3135,857.334423
3136,459.422112
3137,531.122914
3138,816.016306
3139,471.361191
3140,507.745082
3141,476.876539
3142,689.760703
3143,811.665665
3144,978.091787
3145,538.603780
3146,765.312281
3147,981.953261
3148,537.714408
3149,989.490277
3150,546.569012
3151,455.431434
3152,607.710756
3153,511.536141
3154,521.985677
3155,487.297765
3156,791.987584
3157,477.789531
3158,721.949650
3159,613.252514
3160,809.855750
3161,445.835938
3162,529.669159
3163,753.244048
3164,478.612360
3165,505.711665
3166,534.957487
3167,476.678811
3168,520.145919
3169,517.002895
3170,481.141166
3171,436.174553
3172,504.781361
3173,554.326786
3174,546.897717
3175,464.865611
3176,507.405196
3177,441.454104
3178,490.154033
3179,487.365581
3180,463.299643
3181,538.466888
3182,742.677992
3183,865.706122
3184,489.225028
3185,554.526575
3186,613.919011
3187,756.965223
3188,469.796134
3189,437.737591
3190,585.501978
3191,487.199557
3192,469.783565
3193,714.986224
3194,392.498683
3195,660.757589
3196,485.326942
3197,750.636087
3198,861.359313
3199,449.543594
3200,450.224769
3201,1219.695856
3202,771.184901
3203,466.854276
3204,487.112386
3205,465.281499
3206,544.017342
3207,873.506344
3208,797.059238
3209,467.926254
3210,485.739820
3211,459.156466
3212,570.254401
3213,743.181247
3214,735.727172
3215,1708.620964
3216,739.808584
3217,475.108454
3218,514.047945
3219,436.686975
3220,833.223859
3221,532.673413
3222,937.758971
3223,581.972114
3224,455.896248
3225,792.803446
3226,603.658398
3227,549.964861
3228,425.434589
3229,444.703836
3230,510.659990
3231,492.835932
3232,520.506926
3233,459.550731
3234,494.778784
3235,540.268175
3236,447.237991
3237,477.979562
3238,951.549934
3239,515.008767
3240,481.992152
3241,466.378325
3242,483.903852
3243,741.002761
3244,479.408373
3245,434.642708
3246,568.869620
3247,437.384604
3248,445.905368
3249,499.578786
3250,491.170666
3251,505.958443
3252,487.338417
3253,480.661896
3254,807.231697
3255,465.626092
3256,747.681705
3257,517.534456
3258,1058.230621
3259,546.693811
3260,717.180792
3261,799.535164
3262,555.575431
3263,768.741038
3264,510.785747
3265,629.537170
3266,1061.007859
3267,492.032025
3268,770.720116
3269,465.194551
3270,807.632049
3271,559.837922
3272,879.187712
3273,453.379368
3274,831.428646
3275,572.836883
3276,511.679755
3277,741.051559
3278,526.855495
3279,919.950548
3280,743.779175
3281,596.698383
3282,559.173481
3283,712.697279
3284,609.064254
3285,507.721692
3286,879.394217
3287,501.681063
3288,1008.163625
3289,486.757879
3290,813.475269
3291,537.123571
3292,1127.002967
3293,666.429788
3294,804.592822
3295,706.129159
3296,1314.531946
3297,531.127750
3298,791.384086
3299,752.704780
3300,922.502495
3301,799.922246
3302,1093.930710
3303,561.043499
3304,1191.679785
3305,638.368471
3306,466.456012
3307,459.704392
3308,511.286822
3309,525.629139
3310,1109.277422
3311,693.908437
3312,723.163225
3313,755.513114
3314,792.172916
3315,544.400852
3316,641.046239
3317,756.392287
3318,1015.646416
3319,804.498686
3320,857.652783
3321,526.973430
3322,840.598214
3323,914.056601
3324,1183.933028
3325,1010.354487
3326,875.900950
3327,759.565905
3328,1293.857742
3329,662.927371
3330,529.457990
3331,798.982714
3332,475.119453
3333,848.623631
3334,1135.445799
3335,486.459194
3336,1187.405461
3337,525.153220
3338,507.153896
3339,1214.968450
3340,486.360919
3341,783.183133
3342,519.704990
3343,892.588530
3344,486.548555
3345,489.113642
3346,878.566492
3347,520.109046
3348,1721.314495
3349,515.280234
3350,731.260281
3351,847.329880
3352,469.740662
3353,653.695460
3354,772.921629
3355,535.764613
3356,584.918488
3357,908.652263
3358,571.259138
3359,514.372642
3360,583.139749
3361,444.954683
3362,707.306872
3363,570.298057
3364,789.630200
3365,762.601081
3366,498.304097
3367,520.883816
3368,493.393168
3369,818.174428
3370,634.573326
3371,744.256118
3372,490.342757
3373,1097.258857
3374,564.777079
3375,438.260859
3376,516.387850
3377,754.931649
3378,501.262629
3379,486.149778
3380,497.538616
3381,1086.766725
3382,989.075875
3383,1358.230966
3384,996.243935
3385,635.857064
3386,467.967960
3387,521.930385
3388,710.645519
3389,540.741429
3390,738.783693
3391,425.952435
3392,497.505206
3393,834.809260
3394,810.370197
3395,488.125942
3396,614.292276
3397,845.140322
3398,542.180833
3399,466.463553
3400,464.948727
3401,782.758739
3402,548.357822
3403,717.421290
3404,496.092348
3405,619.062707
3406,1160.036921
3407,1122.218609
3408,2315.342815
3409,505.030195
3410,827.170756
3411,1280.857062
3412,827.720827
3413,698.346531
3414,534.477571
3415,1073.589104
3416,532.828981
3417,1009.860199
3418,789.388670
3419,497.400488
3420,478.710885
3421,898.112115
3422,533.193988
3423,507.998984
3424,1131.095005
3425,892.688856
3426,1741.091840
3427,499.793182
3428,597.240104
3429,768.405972
3430,436.150194
3431,563.966539
3432,1138.997897
3433,1220.521984
3434,2049.052103
3435,562.670383
3436,806.968937
3437,1326.381916
3438,497.375324
3439,987.900770
3440,711.782582
3441,961.996933
3442,2472.503353
3443,829.258062
3444,505.238514
3445,568.489958
3446,760.875009
3447,773.385222
3448,830.458112
3449,586.723798
3450,505.152908
3451,877.608504
3452,3265.091330
3453,515.497987
3454,741.069043
3455,975.644347
3456,813.165368
3457,763.126706
3458,537.492919
3459,830.121951
3460,738.886011
3461,784.214662
3462,1378.190128
3463,517.996268
3464,744.104033
3465,676.476320
3466,807.686788
3467,565.272443
3468,719.850572
3469,824.609620
3470,516.978958
3471,1528.529719
3472,506.043111
3473,764.090370
3474,812.100558
3475,527.821504
3476,1027.460034
3477,798.350055
3478,566.035764
3479,516.853000
3480,488.056415
3481,459.187300
3482,1833.515432
3483,541.436628
3484,591.183441
3485,465.213118
3486,560.385094
3487,562.573787
3488,457.656842
3489,1040.062107
3490,508.561694
3491,682.969460
3492,791.936426
3493,737.392507
3494,790.827743
3495,833.200655
3496,517.443221
3497,633.186169
3498,1204.085374
3499,799.957802
3500,751.822668
3501,546.641935
3502,543.025717
3503,802.898328
3504,613.958638
3505,615.936677
3506,765.104763
3507,1406.893088
3508,587.215683
3509,818.729000
3510,543.304538
3511,2310.169395
3512,541.018659
3513,574.998825
3514,744.815851
3515,483.298199
3516,513.662686
3517,1067.959356
3518,585.077397
3519,541.447094
3520,876.421706
3521,501.023280
3522,969.436778
3523,910.191559
3524,968.826288
3525,832.931266
3526,787.199170
3527,1114.951444
3528,723.357031
3529,918.090864
3530,565.685617
3531,851.425653
3532,804.645017
3533,453.946738
3534,743.679594
3535,1204.942812
3536,787.328100
3537,530.745396
3538,531.090413
3539,1166.229039
3540,767.198577
3541,674.581059
3542,711.114836
3543,833.024121
3544,818.573103
3545,694.703802
3546,764.610687
3547,507.308774
3548,506.414861
3549,898.434408
3550,1273.772635
3551,539.447284
3552,785.753143
3553,876.307672
3554,1349.972333
3555,943.972646
3556,1633.940580
3557,2371.175322
3558,558.331982
3559,842.049164
3560,841.247157
3561,826.171810
3562,949.650212
3563,863.687029
3564,534.043158
3565,1076.012129
3566,782.083939
3567,872.870427
3568,840.603819
3569,932.437216
3570,586.396311
3571,755.265315
3572,1630.518158
3573,572.218917
3574,812.699832
3575,1158.034316
3576,1094.513779
3577,2355.755831
3578,821.306495
3579,810.479930
3580,743.440871
3581,502.468256
3582,537.083773
3583,815.701555
3584,778.185085
3585,1160.256794
3586,1083.772373
3587,544.692615
3588,812.726698
3589,859.071052
3590,943.140515
3591,737.572384
3592,551.089212
3593,997.251994
3594,817.848551
3595,1017.554223
3596,1655.149372
3597,1139.474857
3598,612.956245
3599,533.466651
3600,2253.558323
3601,800.426444
3602,1365.108605
3603,1209.829369
3604,1198.883124
3605,939.722509
3606,876.256678
3607,546.855354
3608,968.182917
3609,559.037078
3610,1135.362996
3611,1222.411471
3612,538.736521
3613,801.023198
3614,1330.015555
3615,514.547192
3616,498.339779
3617,1459.384745
3618,910.246964
3619,858.744576
3620,1554.559578
3621,898.596557
3622,966.523697
3623,529.992904
3624,581.773123
3625,1076.153056
3626,832.786890
3627,719.480925
3628,852.008129
3629,850.603791
3630,1411.548482
3631,832.513806
3632,750.483908
3633,923.723034
3634,771.101606
3635,661.619062
3636,994.187170
3637,521.394930
3638,825.876083
3639,668.135313
3640,792.536855
3641,795.087666
3642,1710.448008
3643,809.020880
3644,920.090206
3645,837.010159
3646,1310.733154
3647,2209.010759
3648,1228.557963
3649,821.159074
3650,596.619069
3651,566.362113
3652,1513.775449
3653,636.028791
3654,850.190693
3655,829.111124
3656,745.332266
3657,1652.549228
3658,540.002218
3659,775.957096
3660,887.926266
3661,656.887132
3662,527.112949
3663,540.234153
3664,1110.217020
3665,797.159214
3666,938.910924
3667,1683.908167
3668,553.159270
3669,773.117997
3670,890.042060
3671,7519.027929
3672,425.556742
3673,682.333734
3674,1247.226441
3675,921.560005
3676,1004.961252
3677,650.111090
3678,1081.566122
3679,918.874514
3680,537.799347
3681,808.366974
3682,1972.432003
3683,1970.007437
3684,754.965938
3685,1113.306639
3686,512.985865
3687,2278.243892
3688,1121.590067
3689,1290.745150
3690,1143.520017
3691,768.502284
3692,529.651749
3693,945.616615
3694,4592.059326
3695,2024.654722
3696,1970.644868
3697,841.064520
3698,1177.152883
3699,792.655431
3700,787.860457
3701,790.977201
3702,644.435538
3703,561.019563
3704,667.585908
3705,3368.538159
3706,700.061619
3707,928.849125
3708,841.451016
3709,623.835607
3710,1275.287306
3711,816.099407
3712,4758.116747
3713,1178.839712
3714,1273.932871
3715,1083.308282
3716,1543.818167
3717,785.714661
3718,2010.925253
3719,1435.881843
3720,1071.319159
3721,2115.538813
3722,802.140601
3723,1620.382154
3724,1130.377426
3725,868.159204
3726,1262.300489
3727,1342.899042
3728,740.003069
3729,896.935030
3730,916.538060
3731,969.922315
3732,1361.383985
3733,730.915376
3734,805.355218
3735,647.578505
3736,570.565334
3737,1643.212693
3738,595.620150
3739,579.563536
3740,871.563246
3741,978.973908
3742,695.078699
3743,1544.725022
3744,893.538313
3745,855.168092
3746,1619.926006
3747,524.896230
3748,958.246297
3749,816.935292
3750,1201.803328
3751,2690.185243
3752,749.926565
3753,871.661387
3754,517.817724
3755,698.655760
3756,772.854966
3757,824.371963
3758,906.179331
3759,1528.707872
3760,1412.480999
3761,755.609638
3762,1061.821851
3763,803.299735
3764,6434.657303
3765,1280.214091
3766,829.794492
3767,1455.356630
3768,1883.974576
3769,3000.701179
3770,1011.244122
3771,834.470165
3772,1069.535692
3773,1303.516348
3774,947.681193
3775,1832.355053
3776,976.893630
3777,768.140075
3778,1135.165518
3779,698.012591
3780,986.650630
3781,1225.535224
3782,2686.594876
3783,830.157588
3784,770.386119
3785,1234.121104
3786,654.407464
3787,857.215142
3788,1619.724429
3789,644.806269
3790,3068.637875
3791,908.650022
3792,1361.067214
3793,1393.943862
3794,2690.400180
3795,986.643030
3796,2351.509301
3797,853.134847
3798,962.612821
3799,822.485033
3800,1038.960287
3801,941.224780
3802,941.190716
3803,1076.322383
3804,1215.685243
3805,1206.075382
3806,794.848590
3807,1431.807054
3808,524.434175
3809,1114.175700
3810,803.688232
3811,839.146723
3812,1167.502104
3813,3683.813667
3814,832.926083
3815,1115.655201
3816,1799.278610
3817,857.209878
3818,901.689578
3819,913.182599
3820,1716.154433
3821,736.875359
3822,1784.211158
3823,897.168995
3824,844.317930
3825,1046.530694
3826,951.370473
3827,806.236913
3828,738.931812
3829,1536.172629
3830,920.937513
3831,5714.906066
3832,1739.051351
3833,863.224660
3834,1370.770699
3835,1131.560964
3836,864.492487
3837,727.519124
3838,1665.378171
3839,916.884193
3840,1010.871463
3841,1615.866860
3842,1813.525853
3843,1008.170792
3844,2496.965415
3845,794.455719
3846,1380.942597
3847,893.719207
3848,855.032456
3849,868.925672
3850,984.130699
3851,955.063220
3852,1081.924208
3853,797.219546
3854,807.626941
3855,849.417372
3856,1234.169188
3857,980.953038
3858,1108.418079
3859,1353.156884
3860,1671.072289
3861,1452.904212
3862,866.269255
3863,999.610126
3864,1233.976795
3865,2203.760461
3866,1552.405975
3867,1007.335924
3868,1702.788527
3869,1450.539159
3870,1538.979711
3871,2358.122467
3872,1843.112717
3873,1162.492912
3874,6456.516232
3875,1054.007702
3876,2414.611535
3877,925.385438
3878,978.266795
3879,802.290685
3880,942.528195
3881,2646.371375
3882,957.242081
3883,1288.622764
3884,1629.325040
3885,1065.929903
3886,812.021281
3887,812.919192
3888,1749.238202
3889,2840.416964
3890,898.798872
3891,746.155607
3892,1178.381124
3893,856.652059
3894,1396.435752
3895,983.551985
3896,1200.247956
3897,1974.509864
3898,889.532868
3899,1394.636899
3900,2136.670919
3901,888.402529
3902,1689.986470
3903,1269.263050
3904,2012.057163
3905,1143.841403
3906,2005.263955
3907,913.150106
3908,1459.493102
3909,1551.998711
3910,1339.496618
3911,1046.869310
3912,726.414403
3913,950.469340
3914,740.869151
3915,1355.202049
3916,923.537234
3917,827.853562
3918,1340.145541
3919,1200.115052
3920,998.209858
3921,566.214847
3922,3166.903429
3923,971.042078
3924,783.595652
3925,1289.369721
3926,16379.729107
3927,832.377314
3928,946.724184
3929,2786.675421
3930,1782.570973
3931,863.900152
3932,1139.359667
3933,1083.226876
3934,1187.131453
3935,1054.188081
3936,1174.211132
3937,1181.963795
3938,1330.344490
3939,8858.044352
3940,1259.227604
3941,1330.677740
3942,828.351199
3943,872.761340
3944,1326.620059
3945,1659.841232
3946,1950.726394
3947,1139.086138
3948,1769.809958
3949,2078.858629
3950,890.718115
3951,1405.796600
3952,1034.165984
3953,3752.650757
3954,907.713298
3955,1666.845522
3956,866.746162
3957,3876.434961
3958,1537.857050
3959,1448.353483
3960,1574.205719
3961,1642.047036
3962,924.056347
3963,1616.747462
3964,626.993411
3965,1099.394607
3966,959.030818
3967,2201.037321
3968,1317.801167
3969,598.621368
3970,1276.388051
3971,822.143349
3972,2800.952327
3973,799.219018
3974,2196.293423
3975,2181.694476
3976,731.949380
3977,1294.433973
3978,935.875024
3979,2657.162794
3980,1134.189441
3981,1629.204145
3982,2323.751402
3983,1011.096258
3984,838.835211
3985,1032.692636
3986,1773.816407
3987,1449.047197
3988,849.827936
3989,881.489967
3990,990.428134
3991,1375.016898
3992,1233.886744
3993,945.353322
3994,1003.463637
3995,890.093838
3996,3031.434630
3997,960.295672
3998,9031.275200
3999,1268.724796
4000,1619.718917
4001,1772.586217
4002,1425.414113
4003,1598.154808
4004,894.288373
4005,2045.223840
4006,887.338953
4007,1140.748409
4008,507.310999
4009,913.313867
4010,1069.658758
4011,1757.228688
4012,1425.935558
4013,899.377791
4014,1306.572974
4015,2357.157125
4016,900.047751
4017,4931.036709
4018,777.709812
4019,1190.495413
4020,1307.331562
4021,1771.881121
4022,881.234112
4023,1077.411589
4024,1104.914177
4025,1250.325326
4026,940.839162
4027,818.492261
4028,1087.498790
4029,52561.295835
4030,695.012581
4031,919.996642
4032,840.484359
4033,1243.683564
4034,879.099295
4035,593.233047
4036,763.852435
4037,840.956211
4038,1413.549031
4039,1091.628800
4040,1056.589956
4041,1068.353555
4042,1578.897032
4043,2069.617027
4044,863.775644
4045,3477.093567
4046,1137.104090
4047,1575.679306
4048,2838.902265
4049,1133.314787
4050,4761.565036
4051,1211.088372
4052,1641.878168
4053,906.376411
4054,1221.969289
4055,1240.366525
4056,1154.084277
4057,1310.977224
4058,2596.348000
4059,690.658665
4060,868.765760
4061,3332.690318
4062,1515.051971
4063,1441.528770
4064,823.161440
4065,1316.992715
4066,853.027839
4067,1652.909725
4068,753.943743
4069,1246.086247
4070,1390.196973
4071,869.461800
4072,1367.833035
4073,906.323680
4074,672.963234
4075,1806.628148
4076,1252.154690
4077,2030.583004
4078,1353.039746
4079,1097.940721
4080,1103.569998
4081,1252.595244
4082,2476.905509
4083,1173.836195
4084,1265.263713
4085,1644.101512
4086,2101.969609
4087,1219.885086
4088,1223.375896
4089,2058.400426
4090,2133.849364
4091,2008.528624
4092,1214.596051
4093,1249.280114
4094,1359.101269
4095,944.796589
4096,1058.668786
4097,871.954465
4098,992.852437
4099,1547.747562
4100,1246.126143
4101,993.348291
4102,928.688443
4103,1664.358640
4104,1300.197993
4105,1355.774014
4106,1085.895101
4107,2120.693730
4108,1406.047446
4109,1103.686116
4110,1556.197220
4111,1266.134974
4112,772.079547
4113,3549.141129
4114,1739.332229
4115,1203.858960
4116,750.284036
4117,1221.335363
4118,2153.931924
4119,1225.281397
4120,1037.999502
4121,942.775325
4122,1064.362790
4123,1758.278300
4124,834.305789
4125,1493.619049
4126,1689.075234
4127,1719.068540
4128,1425.476990
4129,1174.265999
4130,869.578363
4131,2798.144533
4132,1187.504016
4133,1460.843735
4134,1475.876613
4135,1672.926559
4136,1389.267260
4137,2545.742509
4138,1036.506358
4139,1521.213554
4140,2064.724942
4141,2399.886952
4142,2462.315227
4143,886.451142
4144,2058.568503
4145,1138.767465
4146,838.173006
4147,1612.430999
4148,1483.389004
4149,1118.939089
4150,1011.324080
4151,792.694518
4152,1386.060787
4153,812.811430
4154,1116.678390
4155,921.936733
4156,2386.717077
4157,939.298128
4158,1601.165654
4159,916.552283
4160,1572.373465
4161,1005.273226
4162,1230.405736
4163,6842.390060
4164,1082.715364
4165,1427.399192
4166,1620.268367
4167,1014.395165
4168,2523.749436
4169,810.334483
4170,2384.427904
4171,1085.872174
4172,1555.829702
4173,1344.095058
4174,1175.102664
4175,32305.615745
4176,1478.824560
4177,1090.913679
4178,1384.096835
4179,1107.556566
4180,1514.797506
4181,1097.529936
4182,3541.741278
4183,1439.600608
4184,1198.218499
4185,1068.903533
4186,1199.394667
4187,4082.106340
4188,1218.073812
4189,864.956617
4190,1139.103275
4191,1335.730439
4192,1202.023182
4193,1651.680749
4194,1924.172330
4195,6287.861061
4196,1257.491567
4197,1227.765588
4198,1993.350370
4199,768.614623
4200,1574.610557
4201,5255.289508
4202,12373.637789
4203,2214.121122
4204,1417.700847
4205,964.454644
4206,1477.721074
4207,1722.781658
4208,1338.750956
4209,777.502990
4210,1584.362400
4211,1022.043806
4212,1107.201596
4213,1669.684708
4214,971.771328
4215,1772.346370
4216,943.534704
4217,1112.782074
4218,1886.222475
4219,1143.099056
4220,811.235060
4221,40329.308043
4222,1663.533017
4223,1168.827477
4224,1054.471984
4225,1271.878897
4226,27392.729417
4227,1881.893033
4228,1083.871110
4229,4715.768181
4230,925.455162
4231,1118.372476
4232,1068.219541
4233,3866.734187
4234,1663.875251
4235,1705.239018
4236,2066.788616
4237,1465.218217
4238,9940.863745
4239,4451.042533
4240,1440.792607
4241,1227.595867
4242,1168.010954
4243,1534.048845
4244,1724.556185
4245,2622.169282
4246,1322.484719
4247,1792.093339
4248,1519.842218
4249,1113.915734
4250,1030.788198
4251,1229.116792
4252,1886.223096
4253,1586.498270
4254,3307.515377
4255,6640.119381
4256,1363.349810
4257,3284.160794
4258,1255.416531
4259,2425.228179
4260,5272.513633
4261,1448.926228
4262,1505.399247
4263,2404.785545
4264,1309.992062
4265,848.319219
4266,1157.959937
4267,1336.607919
4268,1985.083163
4269,1156.457472
4270,2060.642710
4271,1412.008114
4272,1193.734863
4273,2715.547490
4274,5900.886980
4275,1437.179728
4276,1658.894688
4277,1961.482264
4278,1794.178201
4279,1176.829533
4280,1420.338022
4281,1712.467782
4282,1213.839722
4283,1472.412811
4284,2170.839171
4285,931.556103
4286,2893.711228
4287,1333.976762
4288,892.163012
4289,1090.639332
4290,1595.303391
4291,1213.003161
4292,1216.176210
4293,3078.729797
4294,4002.574248
4295,1262.622161
4296,1725.741077
4297,925.340789
4298,1482.978818
4299,1265.017753
4300,1380.135311
4301,8391.724524
4302,1825.691815
4303,2102.114756
4304,1183.957459
4305,1508.489979
4306,1248.461304
4307,1343.138780
4308,1403.690870
4309,421.140372
4310,1317.186642
4311,1130.256266
4312,1231.878226
4313,834.504150
4314,2073.547175
4315,1341.031611
4316,955.783538
4317,3380.035326
4318,905.858186
4319,1401.867668
4320,1131.594721
4321,1398.584485
4322,1391.582865
4323,2211.982993
4324,936.880694
4325,1059.328415
4326,1375.107217
4327,1277.525931
4328,1601.739825
4329,1588.407539
4330,1134.788513
4331,10730.092703
4332,791.377523
4333,5573.314701
4334,1470.354909
4335,824.433702
4336,899.295977
4337,1184.274608
4338,1966.095177
4339,1231.652890
4340,1659.945881
4341,1911.467869
4342,2361.244554
4343,1194.608441
4344,2663.807180
4345,6731.569051
4346,1600.661496
4347,1541.103828
4348,9923.898518
4349,1873.034192
4350,1386.401027
4351,1511.989719
4352,1815.056910
4353,7073.907390
4354,1190.015322
4355,1327.952259
4356,1764.048476
4357,3005.928178
4358,1834.496198
4359,3842.271696
4360,1111.612599
4361,5692.590176
4362,1512.430882
4363,803.083405
4364,2171.855412
4365,1661.787429
4366,1085.732265
4367,1054.286588
4368,1087.503831
4369,1234.824217
4370,8326.587798
4371,1448.220777
4372,1383.243725
4373,1050.954494
4374,1029.459327
4375,2455.856093
4376,1992.702021
4377,1462.986150
4378,1811.030213
4379,1917.868339
4380,11551.574839
4381,1861.494173
4382,3689.613364
4383,1305.022767
4384,2815.682518
4385,1261.050965
4386,1261.135714
4387,1279.571626
4388,2147.626922
4389,569.561271
4390,3485.144199
4391,1424.025343
4392,1722.867097
4393,1350.199959
4394,1702.591782
4395,1103.285241
4396,1710.587121
4397,1187.470489
4398,19484.224610
4399,1992.390574
4400,929.583452
4401,1184.768600
4402,996.916047
4403,1595.309907
4404,25610.507515
4405,1731.445642
4406,1071.487792
4407,1151.924650
4408,1773.897479
4409,24192.494004
4410,1134.547863
4411,1312.758266
4412,1537.918244
4413,997.228144
4414,2099.044427
4415,931.713572
4416,1121.706569
4417,1389.421666
4418,1264.017944
4419,1624.415702
4420,1633.961594
4421,1708.748474
4422,1433.920626
4423,1221.385040
4424,1127.641820
4425,1089.841254
4426,2668.746847
4427,1586.821838
4428,2117.543610
4429,1394.852975
4430,2671.033410
4431,1192.862369
4432,1500.520554
4433,1309.122288
4434,1561.200130
4435,1564.471245
4436,2621.662316
4437,2293.318519
4438,1444.243419
4439,3677.101491
4440,1206.437827
4441,932.277267
4442,927.614720
4443,1786.572520
4444,1777.486242
4445,2062.813369
4446,1505.309141
4447,1919.451768
4448,3632.306557
4449,1002.312306
4450,1170.593570
4451,15678.518023
4452,1951.131075
4453,2721.349099
4454,4171.097962
4455,965.096444
4456,1501.624654
4457,1302.813014
4458,3066.805494
4459,1165.026489
4460,7295.365258
4461,2553.519939
4462,2527.173111
4463,1294.033511
4464,18800.470264
4465,1132.027131
4466,852.431556
4467,1223.694434
4468,1101.689350
4469,1465.289879
4470,3603.611015
4471,1998.462189
4472,6914.495244
4473,1898.577000
4474,103132.215807
4475,1205.693830
4476,2341.299421
4477,1401.727976
4478,1185.882748
4479,1763.317226
4480,1494.771532
4481,1356.116107
4482,4041.596365
4483,1077.709558
4484,1199.960636
4485,1379.431414
4486,2046.405222
4487,3528.701015
4488,1378.729291
4489,1546.412420
4490,1131.955016
4491,1648.523810
4492,808.110115
4493,3733.802791
4494,1057.537397
4495,1074.347682
4496,1954.005869
4497,1579.592894
4498,1219.457918
4499,1242.075763
4500,3503.256608
4501,1469.111216
4502,1435.415693
4503,1855.020180
4504,3529.265183
4505,2693.107061
4506,4395.289269
4507,5470.798336
4508,2558.916180
4509,1935.832398
4510,1805.954075
4511,1317.454277
4512,2155.318917
4513,1786.256556
4514,1948.511513
4515,1079.980751
4516,1485.826662
4517,3259.040929
4518,1741.871102
4519,2277.434235
4520,1957.455322
4521,1469.435619
4522,1555.285482
4523,1927.729160
4524,1371.698407
4525,1204.073218
4526,3706.689915
4527,1684.443843
4528,1732.217435
4529,1456.440212
4530,1159.547691
4531,5207.809564
4532,1480.685883
4533,1728.555718
4534,1973.762035
4535,1842.484263
4536,1277.579472
4537,2237.236228
4538,1269.805615
4539,1143.126296
4540,1227.528987
4541,1565.423510
4542,1169.598588
4543,2418.211089
4544,1142.513216
4545,2721.272359
4546,2937.344360
4547,872.257913
4548,1504.534609
4549,1852.935965
4550,1287.836543
4551,1395.663699
4552,3278.583898
4553,1590.625562
4554,1982.972722
4555,2156.875279
4556,1428.446642
4557,2801.527085
4558,1897.593357
4559,1819.382484
4560,3481.895869
4561,5802.213496
4562,3486.782048
4563,10952.217966
4564,1655.469247
4565,3383.960864
4566,1325.420659
4567,2505.019427
4568,1193.997446
4569,1975.042823
4570,3015.917137
4571,1917.222445
4572,7498.504970
4573,1753.483453
4574,7988.882193
4575,2846.313661
4576,1202.855107
4577,1002.057440
4578,2997.750205
4579,2641.805935
4580,1595.420127
4581,2358.808316
4582,1092.550592
4583,3007.662791
4584,1160.419578
4585,1409.907578
4586,1678.846404
4587,2688.535594
4588,2606.507221
4589,1497.054382
4590,2812.904960
4591,3406.810544
4592,1167.121365
4593,6670.361824
4594,4844.734658
4595,2436.307908
4596,2717.469538
4597,1503.120239
4598,1445.923273
4599,3254.606583
4600,1300.260351
4601,1611.328409
4602,1567.542091
4603,1303.293651
4604,6198.528399
4605,1305.759753
4606,2395.174089
4607,1025.540272
4608,1772.532606
4609,1926.172440
4610,1263.462352
4611,1767.462535
4612,941.607891
4613,1028.824519
4614,1581.152293
4615,1430.798798
4616,1462.985004
4617,1535.537420
4618,1581.048151
4619,1302.809745
4620,1505.746723
4621,1173.302691
4622,1350.315103
4623,1722.191493
4624,1155.230397
4625,4144.969296
4626,1178.646273
4627,1010.610344
4628,4019.909623
4629,1504.359411
4630,1587.419730
4631,2689.642752
4632,1761.244239
4633,1463.116630
4634,1737.826360
4635,2693.862219
4636,1443.639952
4637,1310.457947
4638,3957.934591
4639,2853.957752
4640,3811.564073
4641,2029.733112
4642,2422.753489
4643,1099.232768
4644,2017.683521
4645,13374.565685
4646,1411.898372
4647,1418.174433
4648,7105.401707
4649,54620.941525
4650,1094.250914
4651,1396.084307
4652,1033.976600
4653,1656.907436
4654,2025.738303
4655,1362.949887
4656,1469.060961
4657,1557.080107
4658,1779.287180
4659,2604.090918
4660,1225.150940
4661,1637.621543
4662,2039.732499
4663,1405.907760
4664,1749.652446
4665,11056.220003
4666,15010.297404
4667,1742.579404
4668,1334.741435
4669,1499.811925
4670,3432.366743
4671,1399.017776
4672,1195.668467
4673,1345.446293
4674,3419.113412
4675,1041.061932
4676,2504.848894
4677,1904.280700
4678,1345.066580
4679,2359.965482
4680,2933.782663
4681,2984.732244
4682,1917.027840
4683,1035.710506
4684,1027.396701
4685,5522.687203
4686,1601.705171
4687,884.192199
4688,1047.802247
4689,856.475934
4690,1087.481562
4691,2994.396202
4692,1250.072933
4693,924.611272
4694,1272.158059
4695,1388.172981
4696,1576.745520
4697,1249.557401
4698,2423.404812
4699,1155.931013
4700,1186.030878
4701,1224.785154
4702,2306.186658
4703,3564.205722
4704,3134.474602
4705,1113.824798
4706,1975.067278
4707,1150.172188
4708,1106.069943
4709,2244.997576
4710,1608.906589
4711,2044.745035
4712,1668.508509
4713,1760.712936
4714,1263.400552
4715,880.225684
4716,1403.803936
4717,1206.470380
4718,1529.018231
4719,1235.165771
4720,2091.144912
4721,1530.336772
4722,1215.756608
4723,1486.396195
4724,1743.901515
4725,1236.991861
4726,2775.562830
4727,2263.846431
4728,1211.917667
4729,1925.642698
4730,1745.235083
4731,68976.333875
4732,1323.727865
4733,2351.628771
4734,1743.639226
4735,1326.478512
4736,1784.484618
4737,2081.373444
4738,1250.535673
4739,955.755124
4740,1407.386036
4741,4839.382930
4742,1051.276183
4743,1647.460381
4744,6113.432841
4745,987.802635
4746,916.954340
4747,2313.406223
4748,1335.639720
4749,1695.792068
4750,1264.778702
4751,3119.544477
4752,1415.741045
4753,872.806898
4754,6659.280036
4755,2947.878730
4756,2981.445826
4757,1485.795291
4758,1651.190441
4759,1076.824660
4760,1111.608830
4761,11806.720918
4762,3981.833171
4763,1284.499226
4764,7884.786054
4765,1176.685232
4766,1767.337919
4767,1139.981860
4768,31365.434782
4769,14654.377783
4770,2147.415594
4771,1416.454211
4772,19914.741928
4773,8478.159680
4774,1810.002076
4775,1147.517838
4776,2045.015619
4777,1058.722111
4778,1191.990283
4779,1080.811847
4780,1206.155536
4781,717.780154
4782,1288.796981
4783,2432.626489
4784,1734.830462
4785,1520.082268
4786,16882.664571
4787,1502.479019
4788,867.113023
4789,4850.199079
4790,2176.728118
4791,10777.769720
4792,1052.659220
4793,1028.075928
4794,2639.698308
4795,2333.193356
4796,1456.913215
4797,1156.704805
4798,2655.719065
4799,1581.546983
4800,1148.589342
4801,1511.621146
4802,1114.270336
4803,1335.711840
4804,1676.928452
4805,977.463734
4806,1147.368229
4807,4305.477331
4808,1269.602322
4809,967.400331
4810,1301.174683
4811,3831.857434
4812,6346.063821
4813,2052.103677
4814,1577.970489
4815,1040.672404
4816,1208.910004
4817,2296.069567
4818,1395.927698
4819,1216.861898
4820,1453.171681
4821,2100.705963
4822,60796.393310
4823,7644.319376
4824,1418.684201
4825,1217.450146
4826,2155.918318
4827,13886.030752
4828,1568.573231
4829,1308.751534
4830,915.078884
4831,21669.218720
4832,1284.211366
4833,1271.991558
4834,1650.972803
4835,1234.114779
4836,1299.024681
4837,2421.462602
4838,1132.410990
4839,1283.400355
4840,1202.294922
4841,2229.580780
4842,1269.208462
4843,1606.433516
4844,3368.588302
4845,4557.159979
4846,1420.653368
4847,40218.454600
4848,1072.469712
4849,1003.763127
4850,1416.662190
4851,16129.306423
4852,1884.311757
4853,2313.456222
4854,1273.405985
4855,1056.335937
4856,13772.130733
4857,1299.394842
4858,1285.673071
4859,10156.492181
4860,5651.563316
4861,1098.462726
4862,1539.610663
4863,1378.718082
4864,1568.032144
4865,1378.853912
4866,1225.225190
4867,2239.785989
4868,1320.319485
4869,35438.871299
4870,2870.123903
4871,7688.640588
4872,2125.762691
4873,1161.788899
4874,1019.829097
4875,2496.077579
4876,1038.299505
4877,2572.678893
4878,904.395844
4879,1528.980903
4880,1407.931617
4881,1281.801400
4882,1042.947738
4883,2036.872370
4884,1298.670294
4885,2193.379243
4886,1800.115525
4887,1507.943331
4888,2209.036063
4889,1004.869160
4890,895.307429
4891,1069.017424
4892,1198.769825
4893,955.554235
4894,1502.495745
4895,1080.907480
4896,4372.033308
4897,1372.321856
4898,1345.406082
4899,2960.146856
4900,1305.989927
4901,1517.725045
4902,1283.876100
4903,1907.738320
4904,13142.985964
4905,1864.288721
4906,1087.465337
4907,1054.192542
4908,1122.360527
4909,2092.582425
4910,1362.382723
4911,3256.874577
4912,1014.023104
4913,1292.780027
4914,1143.211826
4915,1641.260534
4916,11337.605384
4917,1551.809059
4918,6409.005267
4919,1657.661101
4920,1592.701400
4921,1490.042895
4922,1055.283294
4923,15787.050896
4924,29989.491923
4925,929.240980
4926,26655.895604
4927,1213.451539
4928,1116.863946
4929,1111.509833
4930,1328.034070
4931,1781.863445
4932,3082.762308
4933,1468.567936
4934,2579.131338
4935,2620.760175
4936,1023.750134
4937,1705.595756
4938,1305.418383
4939,1220.956136
4940,1803.784177
4941,1386.456533
4942,9530.642189
4943,1153.435359
4944,924.463276
4945,1417.803744
4946,3809.800491
4947,1063.524381
4948,1012.327447
4949,989.031432
4950,2114.600640
4951,1175.072762
4952,2284.982299
4953,1051.583268
4954,976.408623
4955,7910.698107
4956,837.170810
4957,1773.878928
4958,1258.615329
4959,5316.345502
4960,1432.895249
4961,1281.887822
4962,1049.918398
4963,1576.029373
4964,1241.600539
4965,1792.308766
4966,3333.499297
4967,1347.853476
4968,1943.868485
4969,13592.709543
4970,804.780824
4971,1973.122573
4972,1278.613986
4973,1642.424357
4974,3388.166193
4975,1791.090632
4976,1481.010749
4977,1374.839928
4978,3988.879615
4979,1233.805721
4980,1215.689363
4981,26804.020924
4982,1354.221095
4983,4476.108764
4984,14984.603107
4985,1298.016199
4986,1031.085335
4987,1031.237744
4988,9284.332814
4989,1392.639116
4990,1574.486872
4991,3305.038046
4992,1298.287688
4993,1675.046728
4994,1375.295925
4995,16142.712132
4996,1282.794610
4997,1258.714720
4998,2408.070224
4999,808.257092
5000,2668.650013
5001,2364.592728
5002,2001.015930
5003,2014.464593
5004,1274.944119
5005,1646.983265
5006,1312.969428
5007,1312.861047
5008,11801.398560
5009,1866.023221
5010,5398.353386
5011,1461.308509
5012,140703.093259
5013,2000.502047
5014,1453.776775
5015,5605.584828
5016,1271.385413
5017,4857.530491
5018,6406.641474
5019,5736.575932
5020,1155.466220
5021,1539.086175
5022,867.781141
5023,1558.571196
5024,10213.147011
5025,1689.001490
5026,1327.407307
5027,7872.444707
5028,1588.117606
5029,1778.131126
5030,1692.921878
5031,1301.064473
5032,1265.776173
5033,2149.677440
5034,3027.918358
5035,1681.982178
5036,2523.147674
5037,1538.461295
5038,1274.699860
5039,37970.874763
5040,19972.349364
5041,14230.852248
5042,4072.643737
5043,2832.730528
5044,7951.073062
5045,2777.920552
5046,1832.366217
5047,1366.219273
5048,1551.683957
5049,1287.911476
5050,1487.789475
5051,3957.377953
5052,16210.808143
5053,1240.825595
5054,1788.014189
5055,986.129239
5056,20517.924393
5057,1849.931604
5058,1415.244202
5059,2698.161907
5060,1684.104391
5061,63583.453441
5062,1554.176109
5063,1694.357007
5064,2827.725583
5065,939.651028
5066,18760.827498
5067,2901.341524
5068,2567.803709
5069,2740.520112
5070,1928.181487
5071,1509.132398
5072,1316.158439
5073,4794.058533
5074,1131.915492
5075,31382.383477
5076,32369.442705
5077,1326.430797
5078,3594.293004
5079,10523.202138
5080,1101.387618
5081,1238.579623
5082,2799.613776
5083,1951.281858
5084,2264.753924
5085,1400.930079
5086,6612.042917
5087,5825.443970
5088,2270.645762
5089,34745.870517
5090,2220.315358
5091,8840.805958
5092,1637.642983
5093,2219.156421
5094,7101.353259
5095,1699.158226
5096,30962.130248
5097,5858.676148
5098,3058.386795
5099,3228.738541
5100,1469.131815
5101,1209.014879
5102,1462.690154
5103,30330.302386
5104,1079.556099
5105,1473.660189
5106,1409.431529
5107,11923.138428
5108,1188.723941
5109,1818.437858
5110,2112.899472
5111,1802.610498
5112,5817.346110
5113,13840.382807
5114,1370.820665
5115,1779.178605
5116,2350.345086
5117,5755.090301
5118,1586.447118
5119,1459.088365
5120,1232.190753
5121,1722.507563
5122,1234.164357
5123,3717.747454
5124,43543.662429
5125,1004.650699
5126,1830.195258
5127,2381.924562
5128,1780.109645
5129,1828.700612
5130,1575.002654
5131,1751.491300
5132,3413.537210
5133,2152.258467
5134,2590.772550
5135,9445.130233
5136,1724.621877
5137,2495.111188
5138,2149.355992
5139,1108.879017
5140,1513.616911
5141,1296.307024
5142,1828.336179
5143,2490.353998
5144,3031.921580
5145,2419.350026
5146,1440.097170
5147,84059.236817
5148,1637.778184
5149,10718.140045
5150,4186.215004
5151,1356.212604
5152,1745.678835
5153,1968.601544
5154,73200.689401
5155,5057.351900
5156,1856.265134
5157,1126.067192
5158,12267.708252
5159,2537.039142
5160,38229.253883
5161,11714.320809
5162,2477.872888
5163,1006.898760
5164,1492.910803
5165,12435.690403
5166,1749.710839
5167,1447.050376
5168,1938.155209
5169,5769.290520
5170,3092.962217
5171,1195.796509
5172,2619.610747
5173,100836.586956
5174,1173.567130
5175,1236.043823
5176,5915.465291
5177,1347.318415
5178,5170.736442
5179,1179.941931
5180,1787.654589
5181,2170.829079
5182,8809.238813
5183,6073.484587
5184,19600.766111
5185,8587.354293
5186,2657.905191
5187,4582.983569
5188,2244.191560
5189,11424.180899
5190,18077.608176
5191,1685.529516
5192,1489.087676
5193,2151.626584
5194,11910.230783
5195,5897.496438
5196,1560.864531
5197,1475.844757
5198,3088.965868
5199,2469.857362
5200,2619.498803
5201,1129.044191
5202,1430.987309
5203,1467.663270
5204,10208.383839
5205,1290.531145
5206,43738.948520
5207,1361.446301
5208,33669.937278
5209,1914.650808
5210,2531.565900
5211,1596.075197
5212,2133.479271
5213,2071.632028
5214,2364.560881
5215,3384.305047
5216,20776.555090
5217,2010.944720
5218,5210.666066
5219,28136.321366
5220,2672.347469
5221,14086.657536
5222,1537.257814
5223,2332.985079
5224,1460.817671
5225,1402.257413
5226,10106.429859
5227,1138.552869
5228,1748.436528
5229,2174.526173
5230,3475.904142
5231,17492.826718
5232,1664.328224
5233,1489.749350
5234,7099.442086
5235,1295.910824
5236,4592.895258
5237,12529.216397
5238,1686.996371
5239,14882.169653
5240,1714.276880
5241,1347.583643
5242,4527.168228
5243,909.698524
5244,28679.645340
5245,3332.376385
5246,4095.100682
5247,1964.367328
5248,1597.661809
5249,8411.944502
5250,294006.429700
5251,2574.618138
5252,2779.177043
5253,9697.824377
5254,25377.792880
5255,1958.822674
5256,4721.779999
5257,4782.262706
5258,1652.111281
5259,1166.544751
5260,37910.140717
5261,1579.012972
5262,1547.131259
5263,2424.374874
5264,5165.612889
5265,1898.412389
5266,14121.432534
5267,1457.371962
5268,3589.557266
5269,2292.430392
5270,3363.871479
5271,4272.024191
5272,4022.302287
5273,1173.322432
5274,57855.522944
5275,1277.676887
5276,1755.366679
5277,1951.977781
5278,1428.887006
5279,2040.327845
5280,1269.299704
5281,20084.099765
5282,1291.510180
5283,2429.189381
5284,8513.288546
5285,5872.083745
5286,5524.876379
5287,29137.833781
5288,1346.084993
5289,2321.955376
5290,1688.196436
5291,2836.415565
5292,36633.334379
5293,2552.269002
5294,3691.126936
5295,15662.433163
5296,1260.060604
5297,2248.634679
5298,40733.881240
5299,2353.369532
5300,3217.558981
5301,1086.839919
5302,1462.295635
5303,1341.179480
5304,6067.379674
5305,5732.899361
5306,1369.167149
5307,4659.898194
5308,2137.797458
5309,11833.580719
5310,4067.418028
5311,1128.142416
5312,4464.765918
5313,4245.244970
5314,37666.061201
5315,2143.875407
5316,2454.570127
5317,1318.295465
5318,8114.122942
5319,3383.009608
5320,15834.085140
5321,50991.396819
5322,1659.181253
5323,10381.620125
5324,1617.610518
5325,8795.298781
5326,6669.191688
5327,7705.021033
5328,5602.389793
5329,9741.261620
5330,3796.471801
5331,3021.403015
5332,2618.238913
5333,2652.423171
5334,2868.545810
5335,939.788939
5336,5113.974919
5337,5868.758241
5338,1104.988162
5339,1258.243152
5340,13374.307629
5341,1847.653099
5342,1527.817763
5343,2483.667312
5344,7797.324525
5345,1510.322508
5346,2168.405886
5347,10815.158824
5348,7954.282925
5349,1722.527121
5350,1337.539772
5351,1566.582192
5352,1396.777842
5353,1928.261640
5354,16775.987466
5355,3718.795651
5356,1984.271231
5357,1325.266919
5358,10654.160718
5359,4781.713467
5360,2825.631152
5361,9582.050472
5362,54685.339730
5363,1429.153315
5364,1501.178860
5365,1418.897917
5366,7273.104117
5367,2383.137566
5368,1153.664667
5369,3165.827101
5370,27828.865720
5371,1389.680567
5372,3597.681447
5373,2384.628314
5374,5429.043059
5375,9069.027644
5376,1379.211149
5377,3645.625550
5378,3483.239187
5379,25460.404114
5380,4168.846698
5381,6671.989879
5382,4668.609897
5383,3271.099791
5384,1393.990334
5385,2834.849978
5386,7761.626943
5387,1419.847361
5388,1525.159142
5389,50481.550266
5390,4671.366225
5391,2467.936074
5392,2424.365774
5393,3752.223660
5394,14910.444336
5395,1508.186950
5396,3599.632289
5397,23749.070209
5398,2664.136260
5399,4712.955283
5400,72113.402266
5401,2365.483836
5402,1172.918606
5403,2908.164217
5404,4762.719947
5405,14020.612929
5406,22382.282440
5407,7252.298554
5408,18773.403506
5409,13810.710535
5410,2352.988663
5411,13640.233153
5412,5070.379153
5413,24767.582618
5414,5064.226459
5415,5366.498764
5416,53397.768777
5417,1682.448243
5418,37265.831659
5419,12119.019870
5420,24273.891873
5421,5588.766132
5422,12997.143168
5423,5186.804925
5424,3773.017639
5425,6153.420692
5426,1585.172613
5427,1578.050251
5428,6759.315966
5429,9821.483581
5430,2683.399458
5431,68357.923358
5432,983.163604
5433,1695.073446
5434,6704.927691
5435,1370.211351
5436,65908.507589
5437,70951.787560
5438,3548.876775
5439,1159.390741
5440,3309.076948
5441,2185.274556
5442,173246.977459
5443,1784.530340
5444,1211.680256
5445,3673.966311
5446,3509.627993
5447,7333.221883
5448,4359.924003
5449,2205.070022
5450,2658.053156
5451,4444.144414
5452,8171.251051
5453,9340.409691
5454,14533.651951
5455,5828.346409
5456,3954.582452
5457,1993.152361
5458,192235.705119
5459,7796.936880
5460,1456.902889
5461,7340.224401
5462,13951.376550
5463,636.211733
5464,2156.620763
5465,2335.690924
5466,1036.557778
5467,25611.186883
5468,13879.835979
5469,9320.348837
5470,2564.430476
5471,82972.450005
5472,4296.759108
5473,548.648776
5474,1810.211918
5475,6183.086090
5476,1600.820971
5477,1263.368571
5478,33093.738821
5479,5597.120787
5480,12252.788226
5481,1773.752958
5482,1319.973264
5483,10801.024591
5484,3532.872763
5485,1970.375423
5486,1174.902108
5487,1495.661290
5488,1970.782699
5489,1730.997126
5490,3855.386957
5491,28622.029917
5492,943.804333
5493,1485.500867
5494,1827.732481
5495,7804.448217
5496,1591.433006
5497,2420.971124
5498,1420.691676
5499,2926.751833
5500,4264.412402
5501,1817.226557
5502,2329.768264
5503,1751.338661
5504,1523.948002
5505,1376.883932
5506,3740.083250
5507,1326.268772
5508,3327.627993
5509,1233.386782
5510,1110.078468
5511,115475.375537
5512,1524.087910
5513,1629.336077
5514,25817.167831
5515,2490.029463
5516,6622.687179
5517,1545.212717
5518,2575.158543
5519,36668.371165
5520,14187.650099
5521,1779.929233
5522,3929.960965
5523,3082.066040
5524,10270.972657
5525,2024.361359
5526,14223.901351
5527,2114.954970
5528,2747.180113
5529,1796.111892
5530,1489.317170
5531,1235.850407
5532,1448.351820
5533,3389.230833
5534,5618.973420
5535,3256.071225
5536,4383.385303
5537,2196.314790
5538,1488.805865
5539,82975.552955
5540,20091.526911
5541,56538.797250
5542,1378.277164
5543,1315.092815
5544,25442.879865
5545,1084.647452
5546,1868.316461
5547,227044.117605
5548,2094.690516
5549,1711.263599
5550,19909.173308
5551,1931.612713
5552,168349.960079
5553,1095.780949
5554,6388.616217
5555,3994.781208
5556,3226.670952
5557,7797.665254
5558,2273.074682
5559,1174.939284
5560,7698.904437
5561,2065.899459
5562,1393.199071
5563,1382.539931
5564,2201.729481
5565,1585.633822
5566,3293.290573
5567,1716.280022
5568,4754.352073
5569,1165.175589
5570,2850.854202
5571,3265.275742
5572,1855.843864
5573,18092.705416
5574,2478.574384
5575,3588.019754
5576,2696.971294
5577,1817.497756
5578,1952.618425
5579,1109.135721
5580,6481.301187
5581,3641.625136
5582,3178.354233
5583,28698.545038
5584,1730.628068
5585,2364.655036
5586,7783.371823
5587,2760.531811
5588,1263.813087
5589,2117.356476
5590,1705.169432
5591,5004.345096
5592,1829.031858
5593,2363.375399
5594,3112.611449
5595,1443.621639
5596,14179.017181
5597,1493.005134
5598,2421.040550
5599,1336.729390
5600,1255.824168
5601,3969.076923
5602,6445.827696
5603,2511.283262
5604,3124.596523
5605,1498.270027
5606,2152.546686
5607,24517.318201
5608,8752.122830
5609,5933.470882
5610,1404.607860
5611,3716.878771
5612,2885.839930
5613,2018.552329
5614,1076.850081
5615,1702.309785
5616,1473.793781
5617,4363.499260
5618,711.550404
5619,1817.584389
5620,2948.916587
5621,1268.961574
5622,1938.823181
5623,6288.400134
5624,4646.689745
5625,1692.437276
5626,19335.978327
5627,1013.862383
5628,3639.225836
5629,1349.968986
5630,1163.363700
5631,3986.285184
5632,1512.405851
5633,1880.338707
5634,573.581225
5635,1084.898051
5636,911.864414
5637,1822.732992
5638,1045.140110
5639,1082.412146
5640,1177.359944
5641,1959.404018
5642,7286.203254
5643,166563.316047
5644,1078.433890
5645,6964.337011
5646,74079.454551
5647,3165.669794
5648,1389.811009
5649,1722.721599
5650,2239.448506
5651,3343.197897
5652,2522.373832
5653,2892.197451
5654,1469.031889
5655,1632.314228
5656,29416.527934
5657,2605.102058
5658,1666.992698
5659,5972.474025
5660,16981.590422
5661,6247.735736
5662,3969.807615
5663,14218.089691
5664,2182.162470
5665,1985.357953
5666,1022.312033
5667,4554.445580
5668,1680.763276
5669,1133.994333
5670,2222.365083
5671,1786.696981
5672,2248.453250
5673,1138.063345
5674,2384.733130
5675,1478.811664
5676,2188.475781
5677,2037.656769
5678,4472.668312
5679,5864.035066
5680,3418.065545
5681,3557.796962
5682,1975.817458
5683,2323.012846
5684,1264.783399
5685,17868.684237
5686,39604.143386
5687,31546.942128
5688,44878.806980
5689,2210.852652
5690,5468.061630
5691,1808.977736
5692,9278.475423
5693,11970.789663
5694,10882.753993
5695,1703.690711
5696,2801.835963
5697,19002.025381
5698,2113.103615
5699,95273.833782
5700,4729.135521
5701,2375.186714
5702,2086.612221
5703,4867.268021
5704,2551.760041
5705,2353.403351
5706,2108.265644
5707,1219.349203
5708,70706.818261
5709,2847.563958
5710,8119.364747
5711,1561.298341
5712,1801.541189
5713,2083.922679
5714,2679.600033
5715,1560.134750
5716,928.665763
5717,2425.617250
5718,10290.888354
5719,1340.734635
5720,1483.436273
5721,217992.874934
5722,1744.664525
5723,1666.698109
5724,6238.987395
5725,11079.068450
5726,15097.303083
5727,2333.060355
5728,2241.290873
5729,5888.041471
5730,24479.909054
5731,26873.195906
5732,2828.625792
5733,14343.220387
5734,2727.299122
5735,2440.234396
5736,5618.609671
5737,11578.166561
5738,1319.833423
5739,5133.732383
5740,3255.722571
5741,1851.184913
5742,15043.423353
5743,18209.573992
5744,4534.010238
5745,199433.195110
5746,49924.491636
5747,96088.397725
5748,2175.417171
5749,1925.219808
5750,36942.548260
5751,3023.159642
5752,1772.316764
5753,1374.612230
5754,10989.291619
5755,4306.525239
5756,2454.385255
5757,10781.000167
5758,10203.830425
5759,49173.688037
5760,1715.523668
5761,11125.487880
5762,1872.782394
5763,97280.297833
5764,2810.779301
5765,12717.621881
5766,1965.716936
5767,8811.480064
5768,3686.783005
5769,4714.688153
5770,2535.239640
5771,1298.851399
5772,1985.157298
5773,1553.297969
5774,1811.959089
5775,43165.339580
5776,3741.483772
5777,2920.142621
5778,2028.316696
5779,8546.593502
5780,3737.916450
5781,54886.370206
5782,2384.976878
5783,1336.352129
5784,260736.308552
5785,3958.030792
5786,3318.649348
5787,4525.551241
5788,1225.545604
5789,1412.386171
5790,45139.250372
5791,3691.490138
5792,6525.560787
5793,1188.400658
5794,13017.106675
5795,2982.361147
5796,32682.315969
5797,1458.974043
5798,296111.975646
5799,64757.326804
5800,2995.350324
5801,2026.673263
5802,4277.875096
5803,5415.030526
5804,2111.860882
5805,35881.637563
5806,2429.875067
5807,15350.156328
5808,2115.049955
5809,5323.550949
5810,2642.376410
5811,4093.257476
5812,2700.502061
5813,99119.440553
5814,2617.749955
5815,1712.830602
5816,30554.589783
5817,2056.277640
5818,2350.825972
5819,2653.251203
5820,24580.589697
5821,8132.298570
5822,4898.255978
5823,1334.093640
5824,5256.720271
5825,10466.887013
5826,68896.782214
5827,2690.631686
5828,6885.834770
5829,40286.165174
5830,1841.272535
5831,1402.920028
5832,4781.189213
5833,2335.473016
5834,9780.984130
5835,2994.048837
5836,1822.320972
5837,2095.185152
5838,3417.524857
5839,7280.942150
5840,6241.423770
5841,30655.755647
5842,410075.316508
5843,6021.260043
5844,1752.276117
5845,16118.685869
5846,20385.816076
5847,8876.486834
5848,7152.806757
5849,10540.491321
5850,2187.023314
5851,18729.697211
5852,86018.991744
5853,2829.164427
5854,3392.212141
5855,5784.231701
5856,44574.994395
5857,30194.601878
5858,1726.719651
5859,1790.848231
5860,17283.451491
5861,1155.399217
5862,1854.601342
5863,1790.230700
5864,12705.823637
5865,4404.014864
5866,2155.796612
5867,1534.823913
5868,1761.835467
5869,1373.144260
5870,3528.737890
5871,2822.150814
5872,2055.944367
5873,47794.274192
5874,23457.338815
5875,2984.267209
5876,71830.441305
5877,206545.380250
5878,1700.993869
5879,1162.092459
5880,5139.755131
5881,10148.535876
5882,10300.321835
5883,1870.184047
5884,2822.819194
5885,2727.214155
5886,3433.604394
5887,2018.744748
5888,2363.175973
5889,1613.595765
5890,1843.731928
5891,5930.700723
5892,1541.650742
5893,3532.394456
5894,3055.162715
5895,3149.068876
5896,4630.395166
5897,2222.989899
5898,1936.545725
5899,1323.260438
5900,1286.495935
5901,12363.019887
5902,2083.656460
5903,3022.025937
5904,1826.484804
5905,13695.245221
5906,2488.317806
5907,3263.218015
5908,2006.845493
5909,3675.126557
5910,7403.243503
5911,16118.532745
5912,2614.718262
5913,3449.016312
5914,33197.047845
5915,9507.872315
5916,4196.841816
5917,4566.092576
5918,1886.058575
5919,2776.106021
5920,2883.835458
5921,4089.752447
5922,8544.831202
5923,1839.000793
5924,1913.025173
5925,4097.779437
5926,3471.157828
5927,2978.217257
5928,1977.231296
5929,3611.157292
5930,15022.648391
5931,6525.809563
5932,2562.498281
5933,48022.392029
5934,2258.769123
5935,2977.973196
5936,1630.463685
5937,11707.915412
5938,1896.135302
5939,20387.679688
5940,5958.630981
5941,5476.341121
5942,16837.630682
5943,81737.771472
5944,2400.242377
5945,6619.771960
5946,5780.374104
5947,1466.641992
5948,1349.165481
5949,1986.408236
5950,2654.457264
5951,1953.258832
5952,6304.293659
5953,1647.068829
5954,1355.372033
5955,1487.546498
5956,3549.027946
5957,14145.332278
5958,6263.484826
5959,1061.946791
5960,3147.680677
5961,7282.630260
5962,2845.998147
5963,1355.408680
5964,1214.485815
5965,1298.942602
5966,1466.012228
5967,4885.588675
5968,4682.472070
5969,1383.363566
5970,7524.710720
5971,15180.219962
5972,17479.318234
5973,4563.848238
5974,1677.708046
5975,1391.375127
5976,12826.956482
5977,2281.011103
5978,3077.252603
5979,11491.138885
5980,3349.696175
5981,4292.246778
5982,3079.873315
5983,969.164344
5984,1951.335936
5985,17574.761269
5986,3477.362149
5987,2562.035161
5988,18214.191137
5989,2753.746977
5990,10871.800388
5991,2241.139833
5992,4375.789856
5993,2197.788112
5994,1270.576907
5995,21687.308716
5996,15036.471361
5997,23594.040257
5998,4855.764758
5999,9521.143069
6000,2789.778492
6001,1683.057052
6002,2660.120091
6003,2998.258536
6004,11458.538522
6005,9151.967833
6006,1425.996906
6007,10431.742334
6008,226185.944547
6009,1336.771530
6010,1361.086080
6011,1681.978338
6012,9638.635853
6013,2600.051105
6014,4752.323175
6015,4621.510305
6016,13742.583481
6017,3186.023439
6018,1867.892517
6019,1159.920047
6020,1772.985145
6021,1669.111548
6022,4621.309521
6023,9166.210321
6024,3677.524752
6025,2519.400210
6026,2987.665431
6027,6721.787119
6028,4842.801742
6029,48706.525931
6030,5823.429973
6031,17238.739706
6032,6077.343167
6033,4412.107387
6034,1624.148104
6035,3760.069435
6036,1913.150382
6037,2279.489419
6038,70670.919119
6039,4800.430823
6040,2323.141269
6041,1277.912409
6042,11212.680945
6043,1231.645544
6044,2706.267588
6045,37216.310023
6046,1985.358776
6047,7969.753097
6048,1754.664888
6049,1398.002270
6050,1986.067971
6051,2698.086481
6052,96519.062942
6053,134251.722475
6054,3808.551115
6055,1798.191637
6056,3047.247806
6057,20151.460797
6058,1549.467314
6059,4061.564926
6060,1937.141514
6061,365219.249352
6062,1015.382322
6063,2529.566811
6064,1670.724735
6065,120518.522173
6066,10730.525116
6067,4649.303322
6068,85881.618754
6069,2014.067933
6070,1376.645770
6071,48691.844673
6072,403689.970070
6073,27819.290296
6074,15299.143164
6075,3281.113600
6076,200528.596219
6077,1126.447668
6078,2381.836704
6079,2149.476719
6080,1704.407514
6081,3261.100425
6082,1697.614710
6083,3504.599707
6084,2619.471213
6085,2977.557826
6086,1364.033866
6087,1699.865900
6088,2124.669401
6089,3082.901265
6090,7334.526095
6091,1292.301117
6092,2971.943572
6093,1461.288547
6094,1793.819289
6095,1985.229299
6096,3963.213032
6097,3327.476277
6098,1874.576766
6099,3182.230054
6100,1234.461046
6101,1804.865169
6102,2766.251043
6103,1927.207954
6104,3071.104899
6105,1392.666038
6106,1775.603795
6107,1492.030700
6108,1799.662132
6109,1805.558438
6110,2849.508763
6111,4300.355754
6112,2595.864948
6113,1266.273128
6114,2493.037706
6115,1501.083223
6116,1891.827205
6117,2128.539649
6118,6358.424433
6119,3993.350013
6120,2210.471254
6121,5245.902760
6122,3486.276170
6123,8063.144694
6124,2428.546080
6125,1204.530707
6126,1678.715126
6127,1467.754942
6128,3957.021294
6129,2839.615277
6130,4080.263412
6131,4773.267943
6132,1632.574789
6133,2148.464459
6134,2037.149723
6135,1688.611745
6136,3934.857302
6137,1268.001523
6138,1366.098308
6139,6021.773529
6140,1680.245906
6141,1775.782846
6142,1072.141886
6143,2130.690185
6144,2014.943873
6145,1199.100613
6146,4570.705600
6147,3097.634812
6148,1133.173963
6149,1327.702904
6150,6092.196802
6151,1274.438715
6152,22544.887163
6153,1376.888924
6154,3358.890683
6155,2281.557054
6156,2654.776921
6157,2250.818520
6158,41055.113983
6159,1731.456451
6160,879.297822
6161,4569.151667
6162,1627.590909
6163,968.536944
6164,1597.606112
6165,1614.710366
6166,1253.830744
6167,1861.424429
6168,2330.102851
6169,2020.448568
6170,2076.020910
6171,1833.945779
6172,1736.452983
6173,8488.126641
6174,48871.922820
6175,2243.641667
6176,1939.186077
6177,2084.083523
6178,2157.204011
6179,2755.944539
6180,99404.314018
6181,1086.629711
6182,8272.928018
6183,2847.828671
6184,5165.158231
6185,1308.996578
6186,1347.149422
6187,1268.052351
6188,1294.608969
6189,8346.383817
6190,1172.624464
6191,1607.181610
6192,13600.673136
6193,1861.646701
6194,1690.243022
6195,7174.713717
6196,1071.090167
6197,1918.862421
6198,1219.743791
6199,1536.661910
6200,2790.627595
6201,1728.018131
6202,1500.044858
6203,2640.526507
6204,3693.538891
6205,945.817813
6206,1427.787648
6207,2158.874104
6208,2413.603595
6209,4616.811848
6210,2169.695157
6211,1288.473949
6212,2588.182785
6213,1518.145288
6214,1154.936377
6215,1617.901933
6216,1402.669515
6217,1500.781328
6218,1071.433481
6219,2156.441999
6220,6228.377962
6221,2217.932146
6222,4054.686518
6223,1653.339924
6224,1317.708407
6225,1752.270005
6226,2695.452825
6227,1292.985871
6228,1734.844805
6229,2342.173846
6230,1128.642646
6231,1682.686965
6232,2148.231958
6233,1506.747148
6234,7394.958428
6235,2175.901829
6236,1094.924171
6237,4669.454255
6238,1675.831579
6239,1299.040851
6240,1469.101770
6241,1404.397446
6242,1356.243099
6243,2292.237073
6244,4294.172284
6245,1256.891895
6246,2643.979250
6247,1323.780081
6248,4821.352085
6249,2491.333161
6250,30764.758146
6251,1655.375919
6252,2041.126579
6253,1628.134012
6254,1176.251255
6255,2964.285047
6256,3656.411857
6257,2675.609427
6258,3687.526051
6259,1904.679572
6260,1694.933221
6261,1635.684276
6262,9879.218785
6263,2201.911478
6264,1615.299236
6265,1724.250325
6266,2101.951318
6267,1860.610810
6268,1789.658672
6269,3605.067874
6270,2150.571471
6271,1326.892642
6272,1654.497551
6273,1395.866843
6274,1591.575839
6275,1384.687176
6276,1359.340236
6277,1727.933793
6278,1790.929413
6279,1537.473621
6280,1604.128307
6281,1075.568615
6282,1824.545139
6283,4347.505427
6284,2308.647132
6285,2157.992701
6286,1210.215037
6287,1184.470118
6288,1265.938894
6289,2499.219571
6290,1850.826593
6291,2210.848654
6292,1969.720446
6293,2282.503677
6294,1857.785389
6295,1825.546726
6296,1420.114593
6297,4477.079655
6298,1357.551025
6299,5676.435628
6300,1515.067609
6301,2020.559660
6302,2778.251026
6303,2514.644490
6304,2088.045308
6305,2007.543757
6306,1719.651616
6307,1842.868314
6308,967.634412
6309,1763.351489
6310,1759.860810
6311,1503.732750
6312,3294.335051
6313,1462.251373
6314,1177.841781
6315,1985.109423
6316,1997.904618
6317,2240.941615
6318,1322.347941
6319,2098.571090
6320,9267.850156
6321,2006.678032
6322,1403.028479
6323,1283.079470
6324,2999.461717
6325,1708.485641
6326,1652.902950
6327,2116.177801
6328,1715.804757
6329,5772.244509
6330,1402.609119
6331,6477.027532
6332,1661.233499
6333,1223.513202
6334,1521.428064
6335,2177.143869
6336,3296.483622
6337,2227.664246
6338,3524.699500
6339,1070.478537
6340,1770.435610
6341,1650.109721
6342,15803.644531
6343,2343.213149
6344,2247.560176
6345,1310.880618
6346,1460.697106
6347,1549.221626
6348,2068.721593
6349,1861.630151
6350,1701.722744
6351,1835.719114
6352,1933.835306
6353,1158.203517
6354,1785.078962
6355,3199.095204
6356,2880.817121
6357,1894.055671
6358,1713.970316
6359,1554.153664
6360,1226.688801
6361,1737.150539
6362,1262.460836
6363,4638.422355
6364,2185.783955
6365,1662.599676
6366,1282.200648
6367,14922.977346
6368,2368.907540
6369,1273.967755
6370,1302.726217
6371,1772.720515
6372,5389.632601
6373,2160.681238
6374,2653.494504
6375,975.368522
6376,3199.040234
6377,1215.489937
6378,1444.769961
6379,1595.095907
6380,1870.871745
6381,2378.488038
6382,29767.363490
6383,1158.360054
6384,1666.920024
6385,2341.005504
6386,1681.868943
6387,41693.769839
6388,1263.437367
6389,1372.187388
6390,1765.749029
6391,1656.097194
6392,1143.507484
6393,1295.352360
6394,2076.890051
6395,1795.571757
6396,1912.888897
6397,1591.616537
6398,1780.246764
6399,1440.421900
6400,1604.143554
6401,1505.177698
6402,3494.393167
6403,1555.608692
6404,1170.709167
6405,1330.683981
6406,1901.158191
6407,2204.515457
6408,1735.707824
6409,5779.764370
6410,1072.071292
6411,4217.168747
6412,6646.341794
6413,1698.435943
6414,1241.881635
6415,2296.503015
6416,2838.696429
6417,4456.495934
6418,1940.426483
6419,2660.444467
6420,1850.834132
6421,1729.654632
6422,1961.286731
6423,6689.735015
6424,2793.646151
6425,1357.236991
6426,1544.759012
6427,35642.654628
6428,2248.462654
6429,1561.846760
6430,1179.109027
6431,1250.798739
6432,1806.539058
6433,1717.550203
6434,1724.008106
6435,1201.352383
6436,1269.453958
6437,1385.457594
6438,1365.979188
6439,1278.483816
6440,1398.661914
6441,1637.288760
6442,1978.424231
6443,2164.939533
6444,1446.639972
6445,1002.179026
6446,2083.729930
6447,2643.951001
6448,3036.955150
6449,2481.001735
6450,1290.761730
6451,2667.564537
6452,3275.479702
6453,1355.447336
6454,2571.518397
6455,1901.412920
6456,2622.897520
6457,2241.165548
6458,2323.937227
6459,1549.613761
6460,2051.386862
6461,1439.613981
6462,1356.865688
6463,1913.835392
6464,1148.781553
6465,1476.430510
6466,7056.934604
6467,1564.034429
6468,2064.615388
6469,1374.108480
6470,1330.760040
6471,1925.446113
6472,1873.414056
6473,2237.138245
6474,1279.328738
6475,1399.302575
6476,1764.810345
6477,1224.947466
6478,1468.275480
6479,1176.148240
6480,900.371135
6481,1726.024980
6482,2113.640370
6483,1662.173671
6484,980.033805
6485,1481.022264
6486,1945.180393
6487,2976.359553
6488,2912.425322
6489,1244.421085
6490,24396.304745
6491,2220.454726
6492,2862.211191
6493,2575.266929
6494,1728.782996
6495,1606.879108
6496,1343.219337
6497,973.947197
6498,1559.036233
6499,2554.091784
6500,1858.437499
6501,1328.569070
6502,1572.503091
6503,1910.206875
6504,2847.464981
6505,1529.412914
6506,3566.810286
6507,1468.412415
6508,2183.413758
6509,1628.622484
6510,1275.197467
6511,1560.982082
6512,2006.492405
6513,52784.142203
6514,5963.526744
6515,2593.545848
6516,1554.129841
6517,2187.639173
6518,1342.106518
6519,1887.898487
6520,1336.550926
6521,1953.671660
6522,1864.955517
6523,2738.887932
6524,1792.555370
6525,1975.024005
6526,1578.997733
6527,1763.772742
6528,2166.844752
6529,1435.304809
6530,2123.886937
6531,1520.723127
6532,2016.374699
6533,1576.575155
6534,5579.883398
6535,6538.885250
6536,1861.741571
6537,2761.511485
6538,2360.084796
6539,2903.660633
6540,4022.911941
6541,1191.824277
6542,1715.809027
6543,1962.283785
6544,1898.794338
6545,1403.970197
6546,1451.478491
6547,2020.151759
6548,1373.966440
6549,2021.092320
6550,1519.006990
6551,3041.217195
6552,7207.030810
6553,3218.128749
6554,10056.902045
6555,1775.259971
6556,7273.311508
6557,960.130985
6558,1879.111272
6559,1356.809817
6560,1377.008446
6561,3004.395760
6562,1744.382929
6563,3843.091576
6564,1355.827710
6565,1324.608360
6566,3688.201195
6567,2265.915184
6568,3852.716473
6569,2481.405806
6570,5092.105045
6571,2026.391825
6572,1150.882161
6573,979.448008
6574,2002.108510
6575,2315.309349
6576,3999.605749
6577,269813.852051
6578,2446.681915
6579,2054.189086
6580,2151.422898
6581,1606.029920
6582,2759.213615
6583,1292.189032
6584,1666.945074
6585,2205.890301
6586,1794.518681
6587,1894.477547
6588,1980.151135
6589,6329.710833
6590,1390.387233
6591,2202.263560
6592,2114.617282
6593,1386.921050
6594,2247.045718
6595,2134.488581
6596,2951.279986
6597,1263.054322
6598,1313.640662
6599,2812.351250
6600,2984.589086
6601,3655.478556
6602,1293.225424
6603,1380.613451
6604,1922.504422
6605,1299.535247
6606,1380.370189
6607,4595.407480
6608,2198.043472
6609,45913.116192
6610,1395.526779
6611,1625.614877
6612,1466.683797
6613,1582.365525
6614,1749.246894
6615,2188.750287
6616,1492.769263
6617,1327.666997
6618,8717.446889
6619,4867.411234
6620,1445.599649
6621,1994.076937
6622,2193.554109
6623,3037.980337
6624,101645.612048
6625,6442.086998
6626,1387.732198
6627,1247.459635
6628,3390.157645
6629,1595.557688
6630,3551.502633
6631,2812.287843
6632,1784.683330
6633,1623.816207
6634,3200.998294
6635,1258.463378
6636,2331.574871
6637,1714.087039
6638,1554.589864
6639,1360.457121
6640,1333.976557
6641,1306.788730
6642,9919.387021
6643,3831.030254
6644,4412.656519
6645,1938.003228
6646,2511.051537
6647,13826.481236
6648,2761.116845
6649,5253.142899
6650,4003.322774
6651,2272.088857
6652,3139.095202
6653,650.780276
6654,2361.974002
6655,1627.741812
6656,1943.244033
6657,6676.805326
6658,12875.232477
6659,1099.004354
6660,1871.361480
6661,4733.643054
6662,1451.147994
6663,1136.970034
6664,1282.751957
6665,2212.858369
6666,1738.926123
6667,1789.921916
6668,1925.239991
6669,3638.702718
6670,1908.507829
6671,2299.433435
6672,1373.337593
6673,26333.370922
6674,2517.656087
6675,1752.392328
6676,1714.256665
6677,1896.570642
6678,2651.067053
6679,11583.705342
6680,5332.441412
6681,2588.435869
6682,2487.270264
6683,3705.507147
6684,1241.469198
6685,1519.409923
6686,1137.837087
6687,1657.962699
6688,1460.012262
6689,3140.767553
6690,2407.420426
6691,23247.752064
6692,3865.724196
6693,1926.224585
6694,12867.416770
6695,1777.050481
6696,1350.242359
6697,3856.213604
6698,2451.335941
6699,694.667688
6700,1229.722953
6701,1257.247460
6702,3254.568405
6703,6901.535829
6704,1516.401294
6705,2533.945501
6706,1860.697388
6707,5242.837714
6708,2781.869508
6709,7927.580564
6710,1052.175335
6711,2473.094944
6712,1573.111245
6713,2513.309887
6714,11325.276137
6715,7526.950595
6716,3706.233258
6717,3039.570628
6718,2754.492505
6719,2449.403300
6720,4515.612895
6721,2459.274345
6722,1231.089768
6723,6608.782244
6724,1623.173984
6725,2754.899854
6726,2259.237675
6727,1846.351596
6728,2792.871001
6729,3051.670704
6730,40132.726006
6731,3407.758301
6732,1610.060009
6733,5186.930753
6734,10262.692352
6735,2238.584937
6736,2063.889599
6737,1078.771983
6738,2500.164811
6739,1254.854315
6740,12430.527892
6741,1313.649033
6742,3629.823826
6743,2511.739869
6744,1685.925570
6745,2270.953897
6746,1833.285640
6747,1262.930504
6748,3132.913330
6749,29052.537933
6750,1574.873997
6751,1783.396675
6752,2277.467844
6753,4481.934939
6754,9072.167183
6755,1429.412209
6756,1612.993473
6757,1439.193961
6758,1330.389022
6759,4108.779045
6760,1990.159356
6761,5540.043168
6762,1469.285981
6763,1639.050331
6764,1881.207396
6765,3863.398134
6766,1502.533162
6767,3518.068871
6768,4317.747516
6769,3828.485138
6770,2041.788954
6771,2485.781685
6772,1628.180738
6773,1433.117408
6774,1935.487108
6775,1514.028539
6776,2364.907559
6777,2122.741284
6778,4165.130556
6779,1688.000150
6780,1292.116086
6781,2987.591588
6782,1708.852630
6783,5082.705565
6784,2420.576025
6785,1761.842260
6786,210291.530104
6787,4058.841328
6788,1183.592999
6789,1575.070022
6790,1489.795714
6791,5560.380377
6792,1339.546734
6793,2315.345038
6794,1384.334743
6795,1624.242809
6796,14840.676998
6797,3011.886732
6798,4239.204534
6799,2050.084212
6800,3556.956549
6801,2636.850025
6802,2618.089388
6803,2000.753861
6804,1207.252476
6805,1533.355308
6806,1709.516066
6807,8030.618965
6808,15437.651416
6809,1911.221640
6810,13002.125865
6811,1339.698485
6812,8975.967591
6813,2626.711342
6814,15912.772407
6815,2075.864526
6816,2849.968518
6817,2835.160409
6818,1778.991642
6819,1815.166393
6820,5954.989836
6821,1809.778544
6822,2608.043312
6823,2600.929514
6824,2749.539225
6825,6163.149320
6826,2957.285344
6827,5398.559089
6828,2312.754601
6829,1615.304236
6830,5246.669098
6831,1200.388547
6832,1725.807753
6833,1790.204216
6834,48424.880714
6835,9817.239598
6836,3725.743090
6837,1833.406829
6838,1967.876524
6839,2697.520578
6840,1311.710822
6841,1596.902819
6842,998.716710
6843,2210.780960
6844,1777.091817
6845,1935.375585
6846,2996.675620
6847,5345.880660
6848,4384.328891
6849,1321.639170
6850,1746.991853
6851,2384.689303
6852,131130.524368
6853,2947.649841
6854,2184.253339
6855,2605.329374
6856,1331.337254
6857,2293.699706
6858,2454.416284
6859,1775.010232
6860,1253.973620
6861,1537.679451
6862,1640.672968
6863,2331.924626
6864,1521.774761
6865,3491.915203
6866,1472.591246
6867,1312.746154
6868,2331.917407
6869,1292.704615
6870,3237.596821
6871,1455.014356
6872,3036.894308
6873,2908.616954
6874,2017.026882
6875,2210.866281
6876,1770.018347
6877,4299.183438
6878,14129.629844
6879,11433.796705
6880,971.997869
6881,1915.211865
6882,1796.257463
6883,1356.122219
6884,1963.154922
6885,128104.143626
6886,1225.928984
6887,1572.633100
6888,165296.405480
6889,5065.905379
6890,3491.876624
6891,8627.121939
6892,11204.512722
6893,110968.295095
6894,104904.203135
6895,1348.883551
6896,8917.725013
6897,1364.359202
6898,1785.985249
6899,1772.995058
6900,1559.078662
6901,1669.751722
6902,1424.469659
6903,2550.260826
6904,2816.848009
6905,1375.490495
6906,1394.104664
6907,4634.299277
6908,3524.039741
6909,1575.948083
6910,1643.150976
6911,3322.610702
6912,4998.529048
6913,9851.291549
6914,7426.553253
6915,3896.154828
6916,2626.548018
6917,3162.000780
6918,2175.229868
6919,2979.192698
6920,9283.178566
6921,5452.478829
6922,2208.775933
6923,2053.289258
6924,8158.374020
6925,1242.729512
6926,1203.910906
6927,2060.745206
6928,3067.918104
6929,12891.743598
6930,2680.712401
6931,1938.107258
6932,134059.619722
6933,1407.099502
6934,2178.359545
6935,5569.850839
6936,2072.580606
6937,1762.615723
6938,65757.023994
6939,1757.164271
6940,1424.533720
6941,1533.701542
6942,3101.991231
6943,1537.870282
6944,2687.366213
6945,1347.236077
6946,3179.973934
6947,1567.145745
6948,1632.114662
6949,2082.627685
6950,6342.563639
6951,1082.995368
6952,2638.116482
6953,1496.741422
6954,8261.286602
6955,2701.921448
6956,1993.161384
6957,36880.052824
6958,1666.194916
6959,1872.904389
6960,1335.722184
6961,1248.951820
6962,1331.894988
6963,2124.599861
6964,1439.246781
6965,37617.707754
6966,1162.076042
6967,1344.660381
6968,1717.196899
6969,1235.199868
6970,2458.281711
6971,3371.083344
6972,3935.601498
6973,1130.654742
6974,1788.901709
6975,46981.758118
6976,5408.276525
6977,3147.503370
6978,4042.440528
6979,1199.723797
6980,1371.003442
6981,1490.446074
6982,2943.427730
6983,623042.686066
6984,25623.320058
6985,1399.346558
6986,5323.298231
6987,6101.218454
6988,801.283865
6989,1263.541823
6990,70816.134541
6991,1859.893076
6992,1169.629682
6993,3368.043027
6994,1821.389937
6995,50984.194952
6996,880.453573
6997,8453.003997
6998,782.571243
6999,1614.477768
7000,1719.818244
7001,1033.651253
7002,1731.380304
7003,1924.328393
7004,810.766363
7005,4857.593271
7006,1994.437660
7007,1850.468314
7008,831.914473
7009,1286.340864
7010,1704.250385
7011,1096.011185
7012,1231.078719
7013,818.889859
7014,1030.881761
7015,22676.631297
7016,1538.586692
7017,433042.773576
7018,6633.609607
7019,3686.814508
7020,1745.402190
7021,3108.508194
7022,2451.888274
7023,1454.126969
7024,3450.898496
7025,859.314111
7026,13304.407701
7027,1886.366599
7028,943.318505
7029,27041.523745
7030,1171.807613
7031,22731.641895
7032,829.138230
7033,2471.034747
7034,1680.617726
7035,79657.834208
7036,2822.243218
7037,898.691347
7038,2584.870363
7039,3878.239359
7040,1306.711266
7041,962.496044
7042,1519.738382
7043,1564.505043
7044,6812.658691
7045,1807.877081
7046,2633.778326
7047,2251.553264
7048,766.781528
7049,3537.630415
7050,7416.356775
7051,4130.696026
7052,964.849748
7053,937.641459
7054,1570.568496
