episode,reward
1,-5.674270
2,-4.286123
3,-20.208209
4,10.008392
5,40.522978
6,-37.468480
7,58.502410
8,-65.849014
9,64.763948
10,-36.061316
11,90.715294
12,69.083786
13,31.719232
14,-13.601921
15,126.039961
16,15.493361
17,30.064390
18,43.246364
19,-17.673520
20,15.073514
21,0.900420
22,-5.687418
23,9.357190
24,1.880449
25,13.426558
26,52.815903
27,116.865182
28,-85.778275
29,-201.592974
30,45.933409
31,-131.644759
32,-20.019704
33,90.686730
34,27.125989
35,40.344659
36,34.411611
37,-15.238283
38,-31.556996
39,6.881479
40,-38.868139
41,-40.122012
42,-21.280492
43,-41.194706
44,16.814048
45,-45.680914
46,-82.319955
47,-33.766488
48,-2.488924
49,0.352021
50,36.188228
51,25.327989
52,-100.019092
53,-25.522625
54,-75.051859
55,-2.933404
56,98.946846
57,-5.920734
58,-133.837150
59,14.135464
60,-26.238739
61,-44.467953
62,-38.353555
63,5.386487
64,3.443171
65,-16.665494
66,-59.175686
67,84.431780
68,-26.178201
69,-152.846341
70,-23.286981
71,-30.641482
72,36.660282
73,124.055252
74,-79.451452
75,41.767116
76,62.428035
77,-28.638584
78,-1.040815
79,-6.518359
80,-40.015200
81,58.743519
82,49.953014
83,-59.042099
84,-71.559860
85,-11.217438
86,4.873636
87,-87.024690
88,-5.483984
89,316.210662
90,-30.214663
91,107.938454
92,64.634213
93,-75.643908
94,12.261353
95,75.991179
96,-3.886386
97,27.042454
98,45.565511
99,2.814944
100,4.421886
101,-14.939954
102,220.926113
103,-46.306804
104,47.474925
105,-18.920799
106,-10.906266
107,-3.578758
108,22.293715
109,28.094082
110,21.985379
111,-26.358609
112,37.111015
113,-9.235108
114,91.510540
115,112.955920
116,1.786594
117,219.587415
118,-50.410808
119,-91.095980
120,-46.898437
121,66.802141
122,91.631492
123,65.949574
124,84.084947
125,29.523322
126,-25.938547
127,-59.577076
128,63.375591
129,-74.535677
130,6.079672
131,-79.303172
132,51.715273
133,310.558109
134,88.071447
135,43.763300
136,-20.665065
137,-38.675969
138,1.125890
139,-15.259485
140,294.395987
141,-24.235606
142,227.252969
143,-146.725612
144,107.662293
145,-57.752991
146,349.450881
147,26.755264
148,21.930234
149,80.215085
150,9.914282
151,8.992801
152,3.702547
153,-24.173361
154,-38.651943
155,-15.320029
156,-41.531676
157,14.823727
158,58.134625
159,-2.286404
160,117.780601
161,5.815730
162,3.338669
163,104.526519
164,72.350583
165,100.740221
166,-42.150924
167,2.334532
168,44.059987
169,-211.105351
170,-22.968578
171,33.975850
172,277.119115
173,7.038400
174,29.062179
175,103.156720
176,12.825299
177,-58.212804
178,-108.363907
179,335.284964
180,-4.211081
181,92.312463
182,-28.138899
183,62.724236
184,9.554558
185,0.765056
186,-29.908218
187,-11.677690
188,-24.568920
189,-3.839916
190,24.634922
191,68.009822
192,36.990691
193,-99.136177
194,-15.989801
195,-123.185239
196,-34.189485
197,-41.625562
198,16.885139
199,49.101852
200,59.080153
201,-39.538249
202,8.679202
203,37.294996
204,65.594511
205,-10.765022
206,27.538765
207,-93.677552
208,-97.666124
209,-37.956889
210,-96.475926
211,-31.106798
212,144.908072
213,36.343009
214,-60.847965
215,-38.610764
216,-36.612140
217,122.562535
218,-13.835130
219,31.877140
220,60.298167
221,82.347670
222,2.738458
223,-58.941213
224,6.310094
225,-93.688162
226,-11.980586
227,8.959282
228,31.421878
229,-68.322203
230,-148.914337
231,0.984573
232,102.318344
233,-25.150460
234,-1.221565
235,129.448658
236,-66.542809
237,45.291273
238,74.961211
239,-58.003080
240,23.664907
241,-108.592107
242,48.955099
243,-32.280049
244,-60.556458
245,-25.326548
246,18.616020
247,34.006606
248,-108.207278
249,-39.276996
250,-21.821359
251,-185.678335
252,130.356623
253,22.883687
254,-17.187452
255,85.328456
256,-15.849251
257,-30.599844
258,-27.270240
259,-18.744438
260,94.015213
261,-62.378967
262,-131.401640
263,10.777912
264,18.104636
265,289.282453
266,-5.983398
267,13.263109
268,-7.675838
269,-63.894664
270,14.788955
271,-122.951772
272,70.648754
273,-47.325416
274,-17.063985
275,135.606338
276,-8.519073
277,191.783409
278,19.591941
279,-17.655509
280,11.419838
281,12.634854
282,62.477192
283,-34.344022
284,106.627641
285,-20.692143
286,15.583581
287,36.555200
288,55.782821
289,-32.244668
290,-13.980752
291,-4.212190
292,142.593742
293,-24.274018
294,150.804012
295,24.789707
296,30.113889
297,-56.359973
298,14.394693
299,103.102915
300,-47.573234
301,12.947265
302,-81.869056
303,81.890154
304,-54.044466
305,-71.123381
306,23.620370
307,112.056212
308,-15.820645
309,-74.631898
310,-92.221506
311,16.760438
312,59.348469
313,-30.250997
314,-21.177624
315,-95.211020
316,32.003137
317,-59.370331
318,60.023208
319,85.236111
320,83.092683
321,101.510124
322,-85.698852
323,24.529663
324,-50.533831
325,50.633322
326,-14.305840
327,-64.014639
328,-15.307978
329,-22.107755
330,-43.245902
331,-11.715518
332,26.937257
333,-26.251628
334,-32.862757
335,79.363011
336,74.211481
337,58.726492
338,34.079846
339,61.285445
340,-52.471402
341,-160.816487
342,-29.743543
343,-66.881103
344,35.090475
345,-74.951068
346,19.385832
347,-85.332130
348,-8.503780
349,-9.387738
350,107.072476
351,84.886547
352,-148.444341
353,-57.726659
354,-138.073551
355,-50.988859
356,50.680355
357,120.764800
358,-177.193229
359,22.014923
360,-44.506448
361,-23.030174
362,-66.576690
363,8.570451
364,53.304101
365,-8.079181
366,61.869156
367,-12.858494
368,63.819225
369,-81.090960
370,64.300606
371,27.264723
372,105.553079
373,-1.014382
374,31.128219
375,-97.942820
376,-169.905694
377,57.908365
378,83.910758
379,-82.572345
380,21.672568
381,51.604550
382,-15.623794
383,-131.759465
384,-61.726020
385,71.045284
386,-23.826816
387,-52.515392
388,-148.755953
389,-14.918908
390,-4.943781
391,7.846432
392,78.314450
393,-32.901273
394,-81.363096
395,-1.655799
396,-65.242503
397,62.900093
398,-31.938524
399,-14.272281
400,22.032102
401,6.425040
402,24.364622
403,17.430204
404,59.584722
405,-26.683955
406,-21.233956
407,-41.493428
408,11.240983
409,-93.847640
410,38.046478
411,46.237176
412,4.131316
413,16.398856
414,-87.937422
415,-32.225559
416,-92.865713
417,-0.278034
418,128.469623
419,-59.054461
420,69.442624
421,-58.966871
422,21.544491
423,-85.730607
424,5.807762
425,-18.447202
426,-9.075367
427,113.876038
428,-25.725160
429,-40.577037
430,-16.899973
431,-52.896778
432,68.711966
433,14.300416
434,-2.701902
435,333.195318
436,-50.070146
437,-113.393221
438,13.705182
439,26.690377
440,-55.809836
441,22.746261
442,-14.586836
443,22.936361
444,-0.486639
445,-72.356121
446,23.742365
447,85.806232
448,44.628439
449,-20.769046
450,-20.280532
451,-59.083196
452,58.623294
453,-32.970984
454,-69.781852
455,-18.702141
456,38.310290
457,27.909700
458,17.371865
459,52.935435
460,-25.190696
461,-29.171600
462,-50.991713
463,-21.837260
464,43.778750
465,6.210173
466,-33.260778
467,-42.003269
468,-3.811298
469,33.376988
470,32.246285
471,-114.845463
472,-38.280192
473,-13.590881
474,19.208010
475,-70.597119
476,-0.423601
477,254.799615
478,-31.007286
479,-74.526297
480,-2.258434
481,69.104701
482,-2.209494
483,18.274660
484,-129.304696
485,-161.258386
486,7.547669
487,124.828330
488,38.147819
489,-51.505328
490,26.387337
491,57.036232
492,90.161060
493,-89.899346
494,-29.195129
495,-48.103351
496,28.981258
497,31.749683
498,-51.576760
499,14.916999
500,113.815546
501,31.793512
502,-32.001190
503,35.615044
504,-19.521081
505,-16.368814
506,-64.888020
507,39.731227
508,-2.604523
509,19.781395
510,49.419525
511,-24.052686
512,-0.590135
513,14.939283
514,25.591138
515,-40.676014
516,-118.929240
517,-30.469282
518,9.003640
519,9.548555
520,7.273928
521,47.090132
522,-26.394170
523,0.636534
524,-14.213334
525,33.161587
526,141.278274
527,114.919175
528,-36.110545
529,-95.093088
530,27.551487
531,13.620869
532,47.328788
533,-36.210207
534,110.197403
535,17.061477
536,-29.992190
537,-7.215393
538,-202.782983
539,-0.176476
540,-61.953050
541,134.065555
542,-112.020397
543,7.476750
544,16.956820
545,-81.615479
546,55.966177
547,51.006914
548,-46.759755
549,3.298392
550,33.908295
551,5.491775
552,58.867772
553,16.745088
554,-22.367635
555,145.178745
556,-16.801166
557,-1.168532
558,3.564738
559,25.261076
560,-63.971368
561,79.587742
562,39.423901
563,-76.574988
564,88.862315
565,16.724117
566,52.176731
567,-19.700961
568,-26.443968
569,29.388855
570,-34.059059
571,-34.887734
572,-67.093680
573,-73.629589
574,100.323207
575,30.083765
576,74.356414
577,3.868810
578,-187.154758
579,0.458203
580,-20.956284
581,-51.173149
582,-25.599503
583,2.025487
584,0.491340
585,17.439437
586,-183.221907
587,48.439074
588,58.494191
589,-39.928103
590,-31.367466
591,-90.036636
592,0.769871
593,9.666366
594,164.111908
595,-112.958992
596,-55.601529
597,-14.343146
598,12.412403
599,-35.138480
600,18.482116
601,-34.796853
602,4.903596
603,27.244528
604,-6.758450
605,-44.877263
606,-42.017422
607,35.001221
608,-22.084591
609,2.130174
610,-8.271951
611,-5.162113
612,25.714924
613,33.850801
614,-31.946381
615,-11.581433
616,21.371778
617,27.356378
618,-2.644121
619,70.744341
620,-26.259562
621,49.824627
622,67.738108
623,177.739466
624,70.097059
625,49.251248
626,-8.780516
627,60.713291
628,54.128615
629,57.961874
630,-21.720749
631,84.361596
632,-1.027388
633,-31.248367
634,-9.292443
635,9.569680
636,-8.767824
637,30.180892
638,66.876437
639,-119.417214
640,-102.668242
641,-48.085934
642,21.156518
643,31.422541
644,-2.393539
645,22.087507
646,-65.284529
647,-53.370769
648,10.436305
649,2.694655
650,-136.129154
651,-0.715055
652,108.234056
653,118.088360
654,-1.197634
655,57.868554
656,30.361830
657,83.466617
658,-140.244756
659,-2.329549
660,-13.020372
661,89.082415
662,328.250572
663,64.510005
664,363.772331
665,38.477901
666,235.962702
667,205.101622
668,36.135995
669,-3.777777
670,91.907558
671,328.563196
672,23.730307
673,102.320360
674,37.504954
675,0.153455
676,0.698347
677,57.863544
678,23.674162
679,51.723348
680,4.872235
681,65.753838
682,265.567380
683,285.012590
684,257.308865
685,125.529914
686,-7.594435
687,26.472117
688,101.666484
689,-11.798602
690,12.081890
691,43.427880
692,292.593944
693,-80.911906
694,82.278595
695,37.504655
696,91.132396
697,-146.483685
698,20.693135
699,39.742428
700,280.989922
701,103.114340
702,57.352080
703,96.670958
704,109.229509
705,10.567303
706,-2.084360
707,41.947821
708,303.027574
709,-31.632176
710,56.706995
711,35.972335
712,112.464836
713,27.900036
714,88.639643
715,263.459884
716,37.148461
717,247.747289
718,9.598596
719,227.527049
720,147.488104
721,337.215679
722,65.832722
723,261.098779
724,30.505908
725,298.257179
726,76.207289
727,-49.958624
728,-80.596333
729,-16.640661
730,-81.893627
731,13.556402
732,72.903784
733,78.637282
734,138.529503
735,-23.556367
736,88.128190
737,32.288058
738,52.693782
739,-1.176886
740,74.944212
741,84.541165
742,-8.622081
743,54.211828
744,3.044272
745,76.744152
746,215.896931
747,14.517534
748,277.336324
749,-34.850296
750,29.969909
751,245.171894
752,44.257396
753,42.281148
754,60.375855
755,23.965167
756,240.119476
757,89.434958
758,-26.622068
759,85.721877
760,-74.557055
761,62.480422
762,-178.868825
763,366.864041
764,-6.263280
765,47.635157
766,132.301446
767,-11.266106
768,34.085892
769,27.368807
770,162.943710
771,-11.987071
772,331.994334
773,354.395136
774,-12.537016
775,186.333873
776,116.306420
777,14.947504
778,216.513672
779,-58.067448
780,147.067706
781,-80.061997
782,98.093211
783,122.809816
784,85.508562
785,-1.563646
786,111.936974
787,19.494814
788,273.999458
789,47.518872
790,132.499993
791,34.919836
792,167.781171
793,104.721997
794,-27.286424
795,219.578929
796,202.230953
797,39.435157
798,10.175309
799,14.795699
800,49.882006
801,254.172694
802,25.578770
803,208.291590
804,-22.899361
805,120.357684
806,121.788321
807,206.246383
808,15.099581
809,18.852927
810,-42.860670
811,8.351399
812,-22.891976
813,136.144397
814,121.837994
815,24.920575
816,64.039925
817,27.723391
818,-27.108701
819,320.586904
820,259.789747
821,-35.624708
822,68.538978
823,109.542054
824,-10.491256
825,25.350992
826,42.021272
827,146.267586
828,323.876927
829,301.741275
830,63.356955
831,159.719785
832,25.745400
833,195.958339
834,1.132545
835,67.985639
836,-40.321274
837,257.226411
838,-85.943468
839,23.364952
840,-49.254032
841,18.139354
842,-1.149766
843,114.672140
844,-191.335328
845,85.401769
846,85.589472
847,23.848539
848,118.188031
849,6.503900
850,69.853026
851,42.157923
852,-7.427534
853,34.509117
854,94.487897
855,-13.541306
856,10.906174
857,95.575511
858,13.377807
859,44.931601
860,-21.484995
861,-21.910895
862,24.591956
863,28.975712
864,-52.006267
865,67.134584
866,-17.820661
867,83.403181
868,-5.055739
869,-102.554974
870,23.244075
871,61.450574
872,1.222772
873,92.534616
874,236.392298
875,80.379892
876,14.969855
877,-161.397499
878,278.192607
879,-111.870993
880,129.132385
881,129.916299
882,100.839028
883,91.150783
884,266.790933
885,269.195807
886,132.762207
887,33.511273
888,88.622703
889,77.626480
890,173.556970
891,-55.676682
892,77.168557
893,65.939655
894,51.103266
895,58.463403
896,-33.235415
897,367.935026
898,-2.353750
899,5.019706
900,52.666600
901,47.006440
902,172.518267
903,57.628905
904,62.797741
905,348.980288
906,57.258528
907,-14.751137
908,59.154329
909,-7.016275
910,72.582206
911,8.270804
912,141.398992
913,51.861448
914,218.252390
915,333.270633
916,-47.440531
917,-69.438629
918,21.456481
919,-87.050027
920,38.541235
921,30.988300
922,485.523750
923,-10.015732
924,80.544444
925,297.423238
926,8.589427
927,20.505491
928,126.665202
929,247.637806
930,291.202614
931,27.613422
932,137.286982
933,102.292744
934,268.673307
935,34.876529
936,68.726722
937,68.173930
938,188.297867
939,66.193221
940,20.014719
941,-5.325660
942,42.992021
943,71.373522
944,10.858010
945,31.062182
946,71.564072
947,-20.650665
948,40.575624
949,-80.363843
950,15.914647
951,331.127624
952,209.361148
953,77.819039
954,56.920161
955,-20.267948
956,34.259619
957,35.412051
958,12.046369
959,63.248869
960,108.022014
961,308.881388
962,12.614964
963,318.806728
964,107.538996
965,-19.915476
966,75.268459
967,33.986216
968,19.456898
969,-53.948377
970,59.753916
971,109.249100
972,13.493886
973,85.474041
974,101.455837
975,10.674772
976,48.349871
977,271.224144
978,54.239731
979,6.102995
980,324.639049
981,-15.792254
982,43.823183
983,173.089298
984,261.324259
985,-4.194161
986,-0.423414
987,128.073261
988,-57.267490
989,26.273865
990,14.397755
991,97.403534
992,-2.246115
993,146.758291
994,278.436568
995,274.346485
996,55.710438
997,40.311651
998,130.108831
999,53.414783
1000,102.585387
1001,1.553236
1002,122.991980
1003,73.901839
1004,312.856891
1005,110.161457
1006,351.319200
1007,111.140814
1008,57.115643
1009,27.623887
1010,81.006887
1011,24.705259
1012,30.191840
1013,56.025097
1014,-59.475488
1015,46.769718
1016,21.492838
1017,290.223174
1018,51.809843
1019,51.068834
1020,190.309708
1021,-5.554956
1022,52.619993
1023,285.151061
1024,91.016811
1025,88.222035
1026,-0.894788
1027,160.083772
1028,-12.330778
1029,62.893090
1030,-4.063523
1031,55.023787
1032,272.990348
1033,346.982343
1034,-37.081228
1035,306.632098
1036,263.110261
1037,84.121500
1038,21.832897
1039,32.452722
1040,-9.052020
1041,38.972119
1042,53.490612
1043,94.555748
1044,-0.859743
1045,131.627297
1046,4.666880
1047,34.876259
1048,-5.683324
1049,23.124904
1050,48.970727
1051,264.322919
1052,61.560413
1053,53.139588
1054,196.325823
1055,63.748535
1056,-36.153682
1057,-31.597259
1058,-33.085226
1059,321.717842
1060,366.227612
1061,8.747085
1062,145.496392
1063,169.969466
1064,70.813264
1065,292.006314
1066,160.066841
1067,29.356403
1068,-55.431707
1069,-76.885216
1070,82.669280
1071,23.989028
1072,293.039360
1073,31.660751
1074,308.608278
1075,365.377652
1076,80.700100
1077,250.763533
1078,83.491703
1079,139.027729
1080,81.173043
1081,248.440268
1082,41.801860
1083,3.736434
1084,2.777017
1085,-38.156513
1086,322.727238
1087,16.609896
1088,59.771380
1089,-32.221713
1090,75.834193
1091,31.118017
1092,357.035393
1093,268.913069
1094,5.332107
1095,322.278205
1096,71.202790
1097,409.442520
1098,13.515707
1099,27.848873
1100,296.540702
1101,55.751888
1102,-51.931600
1103,3.199210
1104,101.005708
1105,22.100188
1106,51.768772
1107,36.836447
1108,-21.380021
1109,21.518951
1110,394.052767
1111,-19.533026
1112,54.986230
1113,78.599533
1114,23.029376
1115,19.204167
1116,3.252584
1117,97.443764
1118,57.321812
1119,56.634527
1120,373.360800
1121,282.890747
1122,287.063796
1123,283.808481
1124,156.734781
1125,293.205173
1126,71.630847
1127,296.555070
1128,327.088153
1129,315.618214
1130,63.207327
1131,104.112420
1132,279.363335
1133,37.690557
1134,299.475781
1135,198.199959
1136,46.946488
1137,44.499876
1138,-12.281833
1139,335.826044
1140,395.136809
1141,312.093213
1142,335.465021
1143,322.301152
1144,355.136558
1145,270.083644
1146,310.125800
1147,313.554087
1148,135.125898
1149,313.265923
1150,-11.415114
1151,263.402788
1152,360.777503
1153,290.987234
1154,296.951825
1155,346.476177
1156,54.278774
1157,312.288167
1158,19.143594
1159,76.549419
1160,294.221440
1161,225.218666
1162,296.574176
1163,-91.271510
1164,18.561007
1165,325.507894
1166,326.265294
1167,228.503764
1168,295.775200
1169,95.212093
1170,302.983421
1171,381.854960
1172,-1.099681
1173,305.965156
1174,319.381801
1175,299.871451
1176,8.501608
1177,163.787490
1178,277.352516
1179,316.185069
1180,290.580723
1181,259.290957
1182,286.020547
1183,311.002851
1184,45.535148
1185,275.709388
1186,266.991823
1187,254.937640
1188,66.822188
1189,302.981652
1190,265.924563
1191,66.787314
1192,88.705133
1193,354.222123
1194,53.136285
1195,286.711383
1196,320.131056
1197,410.288279
1198,293.397335
1199,418.615956
1200,71.911570
1201,120.822569
1202,5.371554
1203,315.932668
1204,301.750491
1205,280.857608
1206,10.979473
1207,230.716343
1208,43.371400
1209,264.757771
1210,16.609473
1211,368.983354
1212,9.535643
1213,320.183713
1214,405.277544
1215,74.715774
1216,260.006975
1217,280.209778
1218,165.171801
1219,344.708316
1220,359.232436
1221,296.728987
1222,271.827505
1223,117.913064
1224,399.699806
1225,306.531244
1226,44.252118
1227,437.013930
1228,317.939167
1229,401.330426
1230,311.260245
1231,275.128072
1232,273.186027
1233,89.232718
1234,341.276063
1235,109.821393
1236,301.229197
1237,149.797803
1238,266.206164
1239,337.330620
1240,153.435280
1241,294.078850
1242,317.441141
1243,496.966390
1244,353.002890
1245,268.279668
1246,322.178734
1247,310.262744
1248,456.882213
1249,18.747724
1250,44.450799
1251,315.046747
1252,23.667387
1253,78.966361
1254,295.667045
1255,49.095602
1256,270.667557
1257,-17.006539
1258,298.587618
1259,43.257784
1260,279.960854
1261,259.795456
1262,472.240615
1263,234.595643
1264,300.578960
1265,123.517260
1266,264.872525
1267,303.380520
1268,274.457895
1269,299.368234
1270,344.690976
1271,304.008190
1272,-5.906918
1273,278.188020
1274,124.583279
1275,15.853932
1276,77.634731
1277,154.626548
1278,-43.013146
1279,338.527605
1280,154.787611
1281,277.522766
1282,342.826760
1283,103.071970
1284,201.902677
1285,-23.414823
1286,307.176746
1287,98.051210
1288,191.200418
1289,336.096958
1290,424.062972
1291,190.710384
1292,72.663059
1293,242.545195
1294,275.648715
1295,310.288564
1296,293.460316
1297,304.805312
1298,271.872897
1299,284.762950
1300,416.627672
1301,50.287933
1302,296.050848
1303,305.104093
1304,130.711645
1305,293.270712
1306,270.396316
1307,317.315369
1308,301.164501
1309,114.083980
1310,273.499355
1311,310.524729
1312,136.153085
1313,65.662368
1314,51.243665
1315,260.291576
1316,220.843081
1317,289.684748
1318,305.484386
1319,338.200274
1320,188.166678
1321,270.588103
1322,293.023981
1323,181.814599
1324,290.137802
1325,90.083617
1326,275.418808
1327,100.809661
1328,301.165711
1329,142.619917
1330,376.843858
1331,294.294339
1332,334.426207
1333,62.699792
1334,280.872084
1335,54.231899
1336,297.887950
1337,288.276732
1338,383.788976
1339,19.780185
1340,302.107935
1341,279.572760
1342,302.667542
1343,250.794324
1344,124.351030
1345,32.817855
1346,237.248475
1347,285.456147
1348,356.527757
1349,236.283709
1350,289.421425
1351,11.764385
1352,283.907556
1353,70.433383
1354,310.486063
1355,84.307826
1356,256.544625
1357,287.865219
1358,288.882692
1359,297.911143
1360,133.395551
1361,73.012812
1362,-99.201621
1363,298.404013
1364,324.346959
1365,288.256807
1366,207.133168
1367,30.896367
1368,293.038981
1369,94.556718
1370,332.049605
1371,275.305366
1372,5.621306
1373,92.508942
1374,143.920239
1375,363.499799
1376,328.575196
1377,31.512098
1378,349.225720
1379,386.501523
1380,350.047625
1381,58.177043
1382,11.846941
1383,320.900072
1384,306.529756
1385,273.976165
1386,297.972733
1387,335.121445
1388,278.934868
1389,150.956930
1390,77.434277
1391,19.646667
1392,93.036925
1393,338.984635
1394,222.409607
1395,82.278721
1396,79.642565
1397,279.871705
1398,324.716614
1399,147.103347
1400,340.762594
1401,188.944240
1402,334.467633
1403,308.773376
1404,91.384298
1405,18.204357
1406,121.380749
1407,302.112783
1408,282.234485
1409,329.933383
1410,30.862157
1411,312.847654
1412,272.002346
1413,259.913663
1414,148.892772
1415,78.255322
1416,283.722341
1417,328.551575
1418,407.174264
1419,272.970091
1420,146.903386
1421,199.943080
1422,116.305848
1423,60.534910
1424,274.312031
1425,270.051908
1426,279.431768
1427,306.482359
1428,75.804303
1429,302.826450
1430,351.725608
1431,337.422154
1432,312.952875
1433,371.264966
1434,299.796307
1435,450.895411
1436,349.115681
1437,292.833616
1438,349.629561
1439,318.152612
1440,401.659684
1441,352.728695
1442,331.974793
1443,309.373607
1444,318.416507
1445,410.997132
1446,277.954170
1447,309.302737
1448,248.494144
1449,269.863820
1450,35.323394
1451,307.289355
1452,311.664823
1453,345.403363
1454,336.767290
1455,333.599106
1456,298.288019
1457,316.750631
1458,286.767550
1459,355.346420
1460,278.288630
1461,432.407932
1462,260.865208
1463,309.854038
1464,384.612701
1465,268.639415
1466,286.763835
1467,266.051566
1468,299.105959
1469,377.320056
1470,320.108120
1471,33.317702
1472,377.021662
1473,338.567581
1474,314.977601
1475,323.095232
1476,338.617740
1477,327.003816
1478,266.763885
1479,289.152867
1480,362.483571
1481,303.496621
1482,34.845951
1483,280.325552
1484,338.545573
1485,345.466638
1486,293.248249
1487,288.758081
1488,387.394035
1489,323.998948
1490,278.208971
1491,316.828743
1492,356.007814
1493,309.497655
1494,300.380226
1495,271.245969
1496,292.234529
1497,294.468283
1498,282.483069
1499,380.449125
1500,390.574991
1501,286.734116
1502,287.381983
1503,243.079075
1504,272.570171
1505,266.799940
1506,99.454888
1507,58.137372
1508,288.492867
1509,259.115399
1510,283.778071
1511,347.600154
1512,291.492125
1513,277.511156
1514,-103.667642
1515,275.226693
1516,309.844135
1517,341.220871
1518,301.257931
1519,273.363327
1520,303.891734
1521,332.567859
1522,299.260755
1523,377.402179
1524,301.503994
1525,288.922302
1526,318.080949
1527,302.435547
1528,295.336119
1529,303.972591
1530,395.896124
1531,352.611056
1532,303.960966
1533,282.248688
1534,297.547872
1535,244.275386
1536,270.360899
1537,311.314859
1538,320.858865
1539,305.009443
1540,253.577794
1541,251.709681
1542,279.269019
1543,329.735081
1544,358.232160
1545,386.186697
1546,356.419507
1547,346.436195
1548,313.106505
1549,306.234224
1550,335.513784
1551,294.932881
1552,367.760612
1553,336.478983
1554,276.831186
1555,276.828143
1556,327.141076
1557,292.822800
1558,301.556685
1559,267.635415
1560,367.301464
1561,317.677445
1562,333.094022
1563,44.744491
1564,284.935159
1565,335.390678
1566,286.428991
1567,271.186180
1568,331.436288
1569,298.723605
1570,264.254538
1571,286.916749
1572,310.194850
1573,394.351421
1574,341.565259
1575,281.632872
1576,331.189205
1577,311.212293
1578,280.821595
1579,312.994878
1580,286.177071
1581,306.025384
1582,76.412777
1583,340.849949
1584,346.172621
1585,341.328982
1586,326.595887
1587,316.790118
1588,332.948723
1589,317.891755
1590,272.708200
1591,303.252673
1592,406.532272
1593,283.768078
1594,296.866745
1595,325.437462
1596,260.009899
1597,295.113103
1598,327.411118
1599,335.851562
1600,270.505079
1601,280.660276
1602,302.273053
1603,291.221542
1604,288.926195
1605,343.940491
1606,302.976171
1607,285.616668
1608,298.405765
1609,299.305213
1610,340.826787
1611,278.018710
1612,315.088731
1613,283.040425
1614,294.707304
1615,352.759291
1616,310.839673
1617,282.910036
1618,263.314631
1619,328.005617
1620,319.979020
1621,265.027054
1622,295.058302
1623,302.740483
1624,333.532296
1625,310.208906
1626,308.399133
1627,267.624447
1628,301.603900
1629,280.369262
1630,296.193901
1631,263.101032
1632,253.047951
1633,-7.613167
1634,280.432995
1635,324.698276
1636,292.751303
1637,298.667676
1638,340.976712
1639,276.538133
1640,291.906093
1641,452.776596
1642,307.686992
1643,19.266445
1644,369.815915
1645,297.904915
1646,304.458688
1647,293.011465
1648,401.048769
1649,324.283808
1650,316.615864
1651,271.929428
1652,319.871126
1653,316.801831
1654,455.035789
1655,286.499323
1656,309.060612
1657,318.123306
1658,275.264461
1659,328.246958
1660,291.782244
1661,340.369517
1662,311.151924
1663,290.685500
1664,320.386279
1665,282.400261
1666,316.850125
1667,326.034472
1668,303.458862
1669,284.270335
1670,293.692766
1671,292.536735
1672,280.055014
1673,342.546322
1674,305.287555
1675,262.733570
1676,334.632016
1677,415.503642
1678,331.651834
1679,364.870036
1680,352.780846
1681,404.494194
1682,279.464464
1683,279.583212
1684,288.960981
1685,277.210239
1686,355.283445
1687,291.609663
1688,324.503852
1689,301.472468
1690,363.829269
1691,301.447744
1692,260.180736
1693,389.643943
1694,312.130037
1695,260.562696
1696,373.815123
1697,288.089581
1698,342.362071
1699,287.038646
1700,358.601348
1701,312.512714
1702,331.546975
1703,300.193563
1704,315.412445
1705,260.429277
1706,321.450649
1707,345.723110
1708,346.229438
1709,320.090147
1710,250.350658
1711,309.478650
1712,295.090998
1713,326.947596
1714,318.710568
1715,310.084588
1716,323.881805
1717,363.061510
1718,276.197131
1719,285.652878
1720,299.667743
1721,349.830612
1722,285.942846
1723,301.239797
1724,286.795048
1725,306.163061
1726,348.180094
1727,332.492935
1728,270.336742
1729,260.008804
1730,238.236398
1731,249.778630
1732,378.554081
1733,347.170241
1734,271.301839
1735,292.916251
1736,332.903252
1737,299.443981
1738,271.739867
1739,282.394370
1740,328.672220
1741,302.865209
1742,324.336928
1743,277.736263
1744,306.244515
1745,355.380093
1746,323.926786
1747,318.770731
1748,299.736608
1749,280.516689
1750,323.994792
1751,387.456489
1752,368.907808
1753,315.461181
1754,327.420243
1755,322.454200
1756,401.370692
1757,271.707586
1758,395.288393
1759,384.074274
1760,276.492697
1761,307.027882
1762,312.411565
1763,391.222877
1764,307.748845
1765,337.490521
1766,270.188807
1767,264.191375
1768,286.795338
1769,297.221027
1770,292.453742
1771,303.810063
1772,339.117079
1773,336.881764
1774,336.075448
1775,262.421280
1776,242.753383
1777,284.070094
1778,380.685479
1779,286.957609
1780,302.471814
1781,302.880408
1782,290.485871
1783,325.149662
1784,291.322391
1785,265.230254
1786,305.278342
1787,279.398540
1788,394.587784
1789,297.884848
1790,284.868149
1791,324.541542
1792,295.585265
1793,376.149990
1794,280.700893
1795,303.833314
1796,307.695317
1797,385.501335
1798,281.389311
1799,323.561677
1800,281.150875
1801,262.225254
1802,305.278945
1803,337.410948
1804,300.399322
1805,293.188692
1806,336.893355
1807,354.693073
1808,295.455673
1809,281.171851
1810,368.999199
1811,306.417580
1812,313.728661
1813,260.152470
1814,352.296751
1815,300.036001
1816,280.141918
1817,276.040906
1818,346.160571
1819,281.744445
1820,315.605163
1821,299.926710
1822,293.411966
1823,294.918247
1824,291.998094
1825,306.621034
1826,336.362406
1827,302.002826
1828,308.591527
1829,311.272991
1830,261.502840
1831,308.583496
1832,335.431307
1833,400.603683
1834,301.044085
1835,302.727557
1836,298.735558
1837,295.472901
1838,335.047353
1839,290.119688
1840,321.848825
1841,317.503556
1842,309.981808
1843,279.716785
1844,307.105670
1845,454.800481
1846,291.641368
1847,313.775596
1848,378.798887
1849,278.704825
1850,263.494165
1851,287.346676
1852,306.474735
1853,331.486235
1854,305.924232
1855,299.332815
1856,334.984465
1857,271.877217
1858,318.103243
1859,268.710311
1860,274.640850
1861,344.316606
1862,295.526638
1863,289.002386
1864,342.163835
1865,272.587116
1866,341.175719
1867,315.606142
1868,281.252940
1869,302.387474
1870,316.142255
1871,271.610924
1872,352.590685
1873,303.068038
1874,285.665330
1875,272.580902
1876,310.341727
1877,281.288246
1878,323.183952
1879,269.498861
1880,283.748693
1881,251.262684
1882,372.275331
1883,437.435020
1884,305.645045
1885,303.089368
1886,283.824035
1887,360.633757
1888,292.524543
1889,334.572211
1890,352.464180
1891,296.072307
1892,298.833023
1893,280.110953
1894,258.082337
1895,289.251393
1896,331.755357
1897,275.551340
1898,349.904250
1899,260.082841
1900,377.451509
1901,355.142551
1902,329.520638
1903,284.124944
1904,310.264453
1905,295.096720
1906,320.309432
1907,265.980235
1908,280.779110
1909,346.022524
1910,281.066913
1911,279.942690
1912,393.316655
1913,306.488688
1914,334.555273
1915,315.205948
1916,303.798931
1917,275.214488
1918,273.740672
1919,297.790547
1920,349.150014
1921,368.804594
1922,275.872479
1923,274.739058
1924,342.567204
1925,303.213380
1926,304.683704
1927,330.680590
1928,318.139979
1929,302.309006
1930,262.685711
1931,293.293727
1932,320.095950
1933,331.154790
1934,280.401764
1935,301.767942
1936,324.623289
1937,273.788586
1938,337.878462
1939,314.630056
1940,312.250255
1941,305.422611
1942,303.529369
1943,275.204947
1944,301.099429
1945,340.152855
1946,295.019379
1947,334.504964
1948,267.836095
1949,424.870927
1950,287.576746
1951,301.112916
1952,338.912574
1953,336.576884
1954,327.350925
1955,313.677316
1956,354.592411
1957,278.938359
1958,317.872977
1959,280.481063
1960,265.550119
1961,275.463137
1962,314.717009
1963,333.103950
1964,287.640240
1965,299.253590
1966,286.910449
1967,325.674235
1968,270.449638
1969,298.252263
1970,338.325926
1971,398.879184
1972,252.640176
1973,287.086745
1974,346.811099
1975,285.002976
1976,288.515432
1977,280.189873
1978,310.757940
1979,392.951163
1980,282.053342
1981,284.642092
1982,288.524074
1983,321.031231
1984,257.348595
1985,423.661473
1986,248.797366
1987,299.345333
1988,267.351139
1989,296.211907
1990,271.927166
1991,294.374853
1992,337.229664
1993,345.762504
1994,290.827624
1995,298.051028
1996,295.781365
1997,411.665704
1998,378.608884
1999,292.242135
2000,291.709019
2001,282.802494
2002,328.690874
2003,283.779977
2004,341.985682
2005,287.236654
2006,313.415426
2007,339.432718
2008,294.661607
2009,286.308057
2010,314.983659
2011,360.551664
2012,266.940416
2013,273.440604
2014,238.062848
2015,329.462156
2016,301.666081
2017,306.820092
2018,380.532967
2019,373.769131
2020,361.249574
2021,313.678404
2022,343.899935
2023,313.189808
2024,296.383724
2025,318.209171
2026,345.688215
2027,306.408390
2028,389.424407
2029,319.339343
2030,334.771251
2031,422.553796
2032,279.443444
2033,293.343015
2034,402.392903
2035,358.271919
2036,293.755656
2037,283.829937
2038,434.866820
2039,335.700267
2040,335.475309
2041,359.623900
2042,396.870320
2043,347.304793
2044,337.622234
2045,303.402565
2046,370.192452
2047,397.764738
2048,282.581732
2049,281.196212
2050,313.294078
2051,431.233713
2052,298.675738
2053,288.437025
2054,320.767235
2055,315.585198
2056,321.285129
2057,154.446334
2058,320.869460
2059,281.109147
2060,310.299302
2061,416.140579
2062,309.008042
2063,345.133674
2064,389.033603
2065,313.413139
2066,325.952391
2067,311.071765
2068,268.041222
2069,349.149770
2070,311.828938
2071,300.331555
2072,310.645658
2073,348.911534
2074,276.393475
2075,346.826361
2076,298.766791
2077,278.245816
2078,308.708308
2079,327.033190
2080,252.433148
2081,281.200086
2082,315.425047
2083,324.497152
2084,378.287549
2085,337.709523
2086,323.820063
2087,295.986011
2088,289.174305
2089,322.735605
2090,260.998933
2091,337.789660
2092,310.177752
2093,329.605726
2094,359.535610
2095,314.758799
2096,301.236657
2097,349.834433
2098,277.473551
2099,294.829498
2100,355.848944
2101,329.770812
2102,325.157406
2103,357.763478
2104,385.250061
2105,401.078172
2106,319.465735
2107,346.567647
2108,341.949586
2109,304.146809
2110,398.819486
2111,322.266130
2112,379.146577
2113,306.899712
2114,372.549321
2115,396.809163
2116,324.983752
2117,359.902161
2118,316.626727
2119,333.297676
2120,357.296056
2121,420.016136
2122,314.957586
2123,330.845934
2124,387.201594
2125,334.656724
2126,357.235463
2127,319.485371
2128,359.753042
2129,359.229109
2130,321.828896
2131,309.991519
2132,385.949676
2133,448.922093
2134,304.906665
2135,413.173421
2136,286.727928
2137,295.509047
2138,387.405751
2139,287.356057
2140,297.679244
2141,284.009874
2142,336.681593
2143,296.780970
2144,308.387001
2145,300.793467
2146,284.646584
2147,289.388305
2148,307.995388
2149,320.556078
2150,350.226675
2151,323.129512
2152,360.898491
2153,363.130302
2154,300.295345
2155,314.823889
2156,290.637202
2157,261.847511
2158,314.582283
2159,287.030110
2160,295.120480
2161,328.033677
2162,332.781780
2163,324.385965
2164,323.108789
2165,320.755302
2166,309.150422
2167,363.725415
2168,329.571785
2169,279.805112
2170,320.602421
2171,379.714858
2172,329.801620
2173,325.271219
2174,365.942276
2175,371.032047
2176,312.893329
2177,383.325963
2178,330.805984
2179,288.124364
2180,348.759430
2181,315.959978
2182,351.507541
2183,342.936913
2184,335.374646
2185,344.460095
2186,332.889785
2187,384.452027
2188,289.363993
2189,328.580168
2190,298.709807
2191,393.090872
2192,342.520213
2193,347.774015
2194,397.603061
2195,321.700935
2196,370.194501
2197,402.043852
2198,331.620988
2199,317.351934
2200,313.161782
2201,319.924967
2202,353.051344
2203,324.652833
2204,369.047385
2205,317.927698
2206,425.385499
2207,280.973460
2208,350.849856
2209,308.259325
2210,385.240966
2211,345.863666
2212,265.206833
2213,278.217063
2214,354.151924
2215,340.993782
2216,303.633730
2217,321.144413
2218,307.528512
2219,346.875076
2220,391.839832
2221,341.436565
2222,262.014128
2223,272.533932
2224,448.239935
2225,313.117147
2226,285.161774
2227,330.170730
2228,270.692127
2229,295.710202
2230,367.100229
2231,330.768426
2232,333.135468
2233,325.441139
2234,333.891416
2235,244.034571
2236,321.636332
2237,314.411004
2238,304.670504
2239,331.726493
2240,288.531802
2241,311.573872
2242,497.460641
2243,353.967689
2244,413.239643
2245,319.184783
2246,326.992128
2247,295.772698
2248,383.189390
2249,311.449626
2250,371.255811
2251,321.617246
2252,300.995667
2253,296.206918
2254,283.204069
2255,312.651236
2256,299.086718
2257,402.531122
2258,359.075366
2259,338.512310
2260,300.853764
2261,316.785679
2262,293.405670
2263,238.557399
2264,279.230560
2265,282.036759
2266,366.629619
2267,343.558938
2268,279.512266
2269,311.286990
2270,384.307136
2271,341.395691
2272,291.836612
2273,396.539131
2274,390.089564
2275,402.511429
2276,368.886097
2277,311.886770
2278,299.727175
2279,369.931236
2280,318.011872
2281,334.578566
2282,278.986478
2283,320.361174
2284,383.237912
2285,312.069957
2286,315.083105
2287,374.614861
2288,298.676038
2289,344.712033
2290,266.768217
2291,326.321120
2292,326.994711
2293,389.907017
2294,282.590155
2295,300.879465
2296,392.221883
2297,297.320328
2298,410.829319
2299,302.335594
2300,315.769465
2301,356.358007
2302,348.453669
2303,321.790533
2304,423.773692
2305,344.033850
2306,391.359807
2307,275.863119
2308,415.813488
2309,298.597952
2310,391.434081
2311,410.297756
2312,416.468179
2313,343.027106
2314,348.153114
2315,405.823484
2316,362.999845
2317,319.775573
2318,465.973604
2319,318.344213
2320,356.318527
2321,314.210855
2322,406.435550
2323,434.301396
2324,308.330777
2325,401.447346
2326,373.052951
2327,416.974447
2328,422.813617
2329,343.297362
2330,328.840794
2331,340.317216
2332,317.599731
2333,418.976242
2334,446.296664
2335,344.759829
2336,396.465771
2337,386.395940
2338,453.172032
2339,355.037058
2340,257.585285
2341,390.846079
2342,349.648763
2343,401.029055
2344,357.139550
2345,392.336329
2346,330.348077
2347,439.938213
2348,328.639579
2349,376.906267
2350,437.972238
2351,386.852011
2352,437.618270
2353,431.546564
2354,434.501494
2355,329.764386
2356,346.100587
2357,307.281543
2358,370.144931
2359,355.096737
2360,390.423155
2361,311.213407
2362,466.091455
2363,341.250424
2364,443.250878
2365,382.451951
2366,281.306660
2367,433.230206
2368,322.499348
2369,330.014347
2370,374.826488
2371,453.958504
2372,317.451270
2373,370.458407
2374,427.329582
2375,445.590393
2376,300.534392
2377,342.318652
2378,439.597494
2379,345.973205
2380,377.537679
2381,378.929699
2382,477.536620
2383,429.047426
2384,401.553942
2385,298.020985
2386,370.416051
2387,447.131887
2388,344.688771
2389,314.869396
2390,361.977175
2391,331.392095
2392,399.587681
2393,362.964789
2394,378.577542
2395,385.176601
2396,326.181935
2397,374.226012
2398,329.101278
2399,349.830196
2400,336.162132
2401,369.738580
2402,424.084763
2403,440.351747
2404,405.745077
2405,331.519033
2406,418.513539
2407,389.511147
2408,428.504013
2409,479.552634
2410,364.603680
2411,298.369099
2412,371.876388
2413,392.741801
2414,418.660927
2415,431.046024
2416,412.310012
2417,430.022290
2418,427.687689
2419,286.011751
2420,383.311014
2421,380.358918
2422,350.428001
2423,283.513914
2424,351.112346
2425,418.033385
2426,384.612639
2427,383.247070
2428,305.200335
2429,360.001312
2430,405.591665
2431,398.915058
2432,454.559995
2433,379.046346
2434,379.867124
2435,308.780988
2436,385.291105
2437,405.167129
2438,338.430258
2439,386.146917
2440,402.316249
2441,410.491323
2442,414.479395
2443,420.112322
2444,310.952750
2445,396.571992
2446,312.570849
2447,381.242591
2448,345.010503
2449,325.761611
2450,347.787342
2451,410.261433
2452,366.318881
2453,302.338590
2454,378.522782
2455,444.787025
2456,406.479170
2457,405.823435
2458,311.514248
2459,397.445902
2460,323.279695
2461,407.404702
2462,359.264231
2463,324.789992
2464,262.747916
2465,452.482980
2466,361.358956
2467,365.694828
2468,317.838581
2469,408.854611
2470,326.204643
2471,435.697966
2472,287.102950
2473,278.221218
2474,360.462158
2475,415.088881
2476,384.963519
2477,245.766410
2478,273.503948
2479,401.863203
2480,406.251649
2481,316.258600
2482,265.541439
2483,425.371081
2484,359.805390
2485,450.802459
2486,399.483289
2487,306.340889
2488,347.541797
2489,398.792688
2490,303.192344
2491,421.956880
2492,428.717563
2493,406.218558
2494,401.642741
2495,405.975937
2496,373.045758
2497,442.818246
2498,497.044951
2499,453.825967
2500,424.168490
2501,403.153361
2502,313.817106
2503,347.144485
2504,428.440999
2505,310.116695
2506,388.858709
2507,317.316227
2508,405.149641
2509,420.170266
2510,314.199544
2511,333.477826
2512,432.181003
2513,327.537133
2514,505.366596
2515,306.869886
2516,314.715677
2517,316.545863
2518,374.367758
2519,384.308453
2520,390.131923
2521,384.265214
2522,418.285470
2523,400.883016
2524,384.841563
2525,305.081250
2526,328.533533
2527,345.395871
2528,427.838934
2529,445.869094
2530,353.009319
2531,346.335077
2532,438.653086
2533,446.984035
2534,393.619095
2535,387.325535
2536,365.282680
2537,367.144706
2538,296.181511
2539,313.286958
2540,356.612449
2541,333.151956
2542,356.497242
2543,435.617035
2544,416.661009
2545,413.962301
2546,308.994350
2547,414.009577
2548,330.682885
2549,344.358664
2550,456.988278
2551,361.072849
2552,372.403590
2553,423.172959
2554,440.509727
2555,403.159815
2556,407.914294
2557,445.985407
2558,339.798884
2559,418.916524
2560,390.667902
2561,356.876599
2562,453.963696
2563,483.541631
2564,494.642673
2565,328.590380
2566,436.371572
2567,396.980055
2568,412.095387
2569,424.661550
2570,374.093290
2571,405.995710
2572,576.519304
2573,407.230073
2574,303.654222
2575,434.849703
2576,379.916649
2577,330.465135
2578,407.844199
2579,306.836107
2580,276.693623
2581,421.489179
2582,411.936290
2583,423.293919
2584,526.952833
2585,445.248299
2586,430.859345
2587,413.586087
2588,391.354366
2589,432.382874
2590,333.734302
2591,404.164816
2592,386.409599
2593,374.664863
2594,315.977982
2595,437.857806
2596,392.621076
2597,312.320972
2598,405.210258
2599,457.133123
2600,387.835864
2601,367.961477
2602,451.619677
2603,455.312174
2604,430.101975
2605,441.980994
2606,407.591551
2607,448.788731
2608,436.318810
2609,373.336519
2610,448.421898
2611,369.572789
2612,441.846253
2613,321.144893
2614,384.271290
2615,428.869397
2616,379.865601
2617,382.933261
2618,419.262928
2619,327.136087
2620,380.173905
2621,371.858345
2622,381.126875
2623,330.192862
2624,398.296985
2625,391.632998
2626,387.332088
2627,320.839372
2628,475.622363
2629,423.593371
2630,483.972240
2631,404.807673
2632,425.130829
2633,405.142904
2634,419.577299
2635,445.807296
2636,370.544716
2637,411.618119
2638,441.781682
2639,428.823218
2640,323.022022
2641,419.724650
2642,439.930535
2643,459.712303
2644,479.916249
2645,431.483780
2646,362.208009
2647,452.009458
2648,386.956924
2649,351.573906
2650,468.482137
2651,410.115617
2652,450.091562
2653,428.451430
2654,410.927485
2655,408.291155
2656,428.034235
2657,434.719287
2658,314.842125
2659,430.070721
2660,380.724374
2661,430.045985
2662,409.610391
2663,414.785455
2664,398.855910
2665,597.699564
2666,387.612627
2667,488.640532
2668,428.198143
2669,425.571485
2670,428.487131
2671,471.381372
2672,430.044538
2673,437.995411
2674,369.633543
2675,443.905741
2676,428.198449
2677,411.431588
2678,457.748741
2679,404.023408
2680,458.201282
2681,318.950354
2682,411.532689
2683,386.167295
2684,392.191712
2685,284.489839
2686,431.240659
2687,311.294607
2688,436.575357
2689,403.930525
2690,434.717207
2691,428.863136
2692,347.782957
2693,429.075237
2694,308.694123
2695,429.960697
2696,404.909616
2697,477.902576
2698,404.691131
2699,346.332011
2700,375.146686
2701,388.588892
2702,416.624834
2703,447.240437
2704,430.357339
2705,443.511108
2706,439.076034
2707,391.920766
2708,376.430511
2709,360.984749
2710,374.330179
2711,410.011934
2712,458.175845
2713,429.565721
2714,417.401225
2715,309.756262
2716,381.687790
2717,434.444270
2718,389.310832
2719,422.607041
2720,470.747569
2721,437.716316
2722,472.138397
2723,379.330478
2724,456.391676
2725,299.858293
2726,322.480436
2727,473.488244
2728,435.093044
2729,329.311088
2730,427.605091
2731,306.531251
2732,333.570604
2733,329.237457
2734,442.058840
2735,377.389998
2736,425.381000
2737,343.547945
2738,430.252500
2739,417.978680
2740,422.039950
2741,380.440027
2742,381.181717
2743,412.983008
2744,328.079099
2745,418.055942
2746,440.981607
2747,420.142245
2748,460.792714
2749,405.768766
2750,331.904255
2751,328.395595
2752,323.014125
2753,353.909799
2754,469.218626
2755,423.430068
2756,467.643923
2757,399.228978
2758,406.510541
2759,362.804786
2760,410.215019
2761,402.605045
2762,319.775358
2763,312.268148
2764,373.414852
2765,313.384400
2766,303.347116
2767,592.632146
2768,481.597225
2769,450.945503
2770,285.294979
2771,443.364408
2772,460.378705
2773,432.455572
2774,388.178754
2775,386.487819
2776,384.825983
2777,463.833860
2778,411.475164
2779,413.114567
2780,422.921773
2781,423.336674
2782,421.828571
2783,451.389851
2784,413.857688
2785,380.181856
2786,496.089050
2787,401.486813
2788,394.737490
2789,459.996918
2790,388.000698
2791,428.886891
2792,294.112823
2793,416.664518
2794,400.955226
2795,421.211632
2796,337.294238
2797,422.201681
2798,438.563369
2799,411.735268
2800,436.107112
2801,492.848375
2802,454.554144
2803,424.580006
2804,518.205907
2805,439.385689
2806,433.309386
2807,427.297190
2808,409.464790
2809,384.856275
2810,400.760908
2811,429.883207
2812,489.128762
2813,456.098666
2814,415.470823
2815,442.330368
2816,379.359532
2817,440.974631
2818,551.845113
2819,489.593866
2820,488.289005
2821,437.735717
2822,429.258828
2823,490.514146
2824,413.499498
2825,443.195116
2826,455.251436
2827,484.106901
2828,434.518232
2829,310.191407
2830,315.306273
2831,428.625693
2832,432.196018
2833,472.690537
2834,436.971777
2835,417.703506
2836,382.045091
2837,467.483073
2838,404.131288
2839,428.132208
2840,458.817224
2841,441.362393
2842,454.418444
2843,525.714093
2844,408.208818
2845,414.168543
2846,458.541229
2847,415.958424
2848,465.018693
2849,435.428477
2850,376.054722
2851,436.506626
2852,367.850376
2853,377.528996
2854,492.390378
2855,442.209342
2856,438.846831
2857,452.412048
2858,413.967059
2859,444.134436
2860,459.238848
2861,440.400000
2862,401.662022
2863,464.727619
2864,435.518211
2865,452.024019
2866,439.981063
2867,407.871799
2868,491.824838
2869,460.078510
2870,443.621554
2871,435.934462
2872,438.573438
2873,499.043335
2874,378.854061
2875,436.813336
2876,447.620948
2877,414.437643
2878,488.353301
2879,443.341999
2880,490.204174
2881,532.194006
2882,418.040541
2883,454.596830
2884,424.318937
2885,443.076170
2886,415.899319
2887,419.831308
2888,454.550704
2889,420.081408
2890,391.698256
2891,429.226149
2892,425.123986
2893,397.687447
2894,336.628665
2895,467.747912
2896,460.251609
2897,420.949687
2898,439.827575
2899,434.522576
2900,444.396849
2901,448.529939
2902,429.541778
2903,370.735670
2904,457.399400
2905,307.320579
2906,316.181289
2907,438.015808
2908,447.199460
2909,458.286694
2910,426.556732
2911,449.711942
2912,427.394171
2913,379.970211
2914,440.298358
2915,453.022154
2916,450.928230
2917,451.270408
2918,466.854811
2919,432.256997
2920,405.403001
2921,404.408748
2922,444.927723
2923,439.658200
2924,487.978726
2925,454.968844
2926,480.163856
2927,443.575824
2928,363.976724
2929,463.718171
2930,455.216131
2931,449.487867
2932,520.637396
2933,445.644622
2934,506.156710
2935,416.173632
2936,397.924811
2937,407.074591
2938,457.212128
2939,444.127196
2940,486.476919
2941,451.404059
2942,473.647998
2943,442.498861
2944,472.931750
2945,451.172251
2946,375.886304
2947,459.898382
2948,429.322952
2949,438.417543
2950,429.841864
2951,454.282792
2952,438.898830
2953,467.530065
2954,437.772827
2955,523.564297
2956,492.611780
2957,480.468279
2958,499.210950
2959,420.548270
2960,428.781890
2961,450.726479
2962,422.433022
2963,419.040482
2964,430.278952
2965,328.516285
2966,370.793488
2967,411.845770
2968,458.601708
2969,419.618501
2970,450.563651
2971,451.757353
2972,407.504163
2973,398.985521
2974,400.500716
2975,428.697428
2976,439.897561
2977,496.860231
2978,466.086574
2979,429.052959
2980,476.571941
2981,427.656075
2982,451.045209
2983,592.951880
2984,475.904901
2985,466.086531
2986,479.939397
2987,449.399233
2988,425.514738
2989,445.259026
2990,430.019576
2991,434.688805
2992,439.868835
2993,439.721581
2994,471.497258
2995,438.527251
2996,416.187623
2997,422.140759
2998,444.076640
2999,414.493055
3000,441.300219
3001,430.857748
3002,500.502196
3003,458.742724
3004,594.947839
3005,426.719140
3006,434.807652
3007,431.280160
3008,447.967371
3009,505.852331
3010,428.111969
3011,444.156105
3012,417.287899
3013,515.678777
3014,404.258605
3015,429.276171
3016,426.980562
3017,459.988347
3018,455.463060
3019,404.335051
3020,472.146197
3021,471.907922
3022,418.187027
3023,414.264298
3024,471.356441
3025,610.843015
3026,430.887691
3027,416.339009
3028,443.802032
3029,471.089225
3030,433.922273
3031,464.302264
3032,474.766865
3033,457.607819
3034,523.947561
3035,501.964571
3036,458.915641
3037,387.140628
3038,397.496025
3039,436.011127
3040,540.924796
3041,721.985345
3042,529.196075
3043,437.599024
3044,424.949581
3045,495.024811
3046,617.024005
3047,406.896196
3048,433.510339
3049,438.552948
3050,427.340273
3051,431.707185
3052,482.475678
3053,520.866458
3054,490.950664
3055,495.440778
3056,440.311601
3057,519.499991
3058,443.973244
3059,490.505297
3060,445.052166
3061,475.702773
3062,449.072799
3063,467.313205
3064,500.868787
3065,419.308886
3066,466.949849
3067,468.531418
3068,430.362271
3069,449.793355
3070,434.746888
3071,452.328343
3072,423.382332
3073,456.908752
3074,480.700629
3075,769.216242
3076,511.936399
3077,501.246775
3078,596.101763
3079,419.745324
3080,530.192198
3081,484.830530
3082,566.001571
3083,459.298167
3084,416.618260
3085,943.053620
3086,716.288273
3087,441.901517
3088,569.767364
3089,458.936762
3090,433.205104
3091,681.309373
3092,403.686269
3093,454.285804
3094,503.260949
3095,518.900478
3096,447.575917
3097,461.321722
3098,429.242447
3099,440.652902
3100,451.325824
3101,421.700801
3102,508.881949
3103,464.814827
3104,412.160410
3105,450.086685
3106,486.059253
3107,478.255832
3108,494.290693
3109,483.089699
3110,560.181806
3111,439.108214
3112,496.686058
3113,435.409387
3114,513.017270
3115,452.099219
3116,467.607692
3117,437.100023
3118,426.175090
3119,566.595040
3120,522.072380
3121,449.061182
3122,483.830793
3123,536.202660
3124,446.499574
3125,451.976755
3126,576.577619
3127,470.274952
3128,776.121388
3129,590.479215
3130,991.902225
3131,403.337872
3132,540.349604
3133,416.752305
3134,445.937162
3135,501.931840
3136,646.335090
3137,518.580897
3138,417.761153
3139,532.045519
3140,428.449485
3141,475.931959
3142,447.024116
3143,471.104535
3144,434.284366
3145,436.965541
3146,411.128018
3147,494.814752
3148,418.345984
3149,501.460436
3150,408.144287
3151,506.876330
3152,515.751228
3153,452.991199
3154,669.878508
3155,441.296645
3156,475.301888
3157,677.581901
3158,431.112771
3159,499.625448
3160,473.579315
3161,487.419382
3162,465.209921
3163,624.826074
3164,380.421059
3165,631.731207
3166,461.024487
3167,509.100751
3168,395.411024
3169,595.382814
3170,415.627371
3171,448.888040
3172,506.801025
3173,388.984479
3174,404.392273
3175,614.589588
3176,486.893857
3177,459.566261
3178,457.051682
3179,466.920095
3180,434.374096
3181,544.454205
3182,436.885880
3183,483.944043
3184,431.424138
3185,423.581007
3186,408.137687
3187,445.657571
3188,528.452046
3189,463.573553
3190,426.067782
3191,573.607392
3192,468.070601
3193,470.772068
3194,627.654237
3195,471.158070
3196,435.533655
3197,493.533804
3198,669.671316
3199,397.569195
3200,487.115697
3201,517.714942
3202,475.828146
3203,470.967614
3204,423.949667
3205,460.899984
3206,443.760574
3207,435.525956
3208,453.015888
3209,441.786036
3210,452.164861
3211,436.208384
3212,431.390462
3213,459.963271
3214,480.838016
3215,487.312192
3216,578.642689
3217,435.734286
3218,606.656897
3219,473.120199
3220,485.535968
3221,469.330443
3222,429.761697
3223,429.394602
3224,640.012549
3225,434.561191
3226,424.641701
3227,455.294783
3228,464.197869
3229,474.118950
3230,484.285407
3231,446.611304
3232,452.292329
3233,332.954893
3234,497.852021
3235,431.031336
3236,495.268428
3237,504.869663
3238,450.621030
3239,425.516884
3240,412.387044
3241,468.816124
3242,447.559123
3243,426.135049
3244,474.953810
3245,456.564741
3246,435.397302
3247,544.068381
3248,526.600162
3249,439.315521
3250,579.291557
3251,522.720082
3252,449.919500
3253,571.064362
3254,483.547024
3255,478.590064
3256,465.202888
3257,452.852507
3258,435.498522
3259,458.370287
3260,477.024537
3261,498.088055
3262,485.256092
3263,582.577092
3264,572.442939
3265,489.689326
3266,497.379053
3267,456.752318
3268,507.826655
3269,487.342301
3270,467.436298
3271,483.450725
3272,542.607780
3273,669.065445
3274,487.856965
3275,453.609562
3276,454.820203
3277,479.551613
3278,446.449353
3279,493.825958
3280,642.755508
3281,525.608513
3282,518.384587
3283,485.627647
3284,417.207493
3285,518.891530
3286,471.178306
3287,716.346520
3288,521.486259
3289,430.565411
3290,531.684088
3291,470.199846
3292,464.566054
3293,449.274916
3294,471.047619
3295,445.883823
3296,502.176711
3297,461.302680
3298,454.655288
3299,460.100589
3300,458.020767
3301,411.154286
3302,498.489600
3303,504.211514
3304,527.403946
3305,504.727885
3306,481.618897
3307,488.114324
3308,506.964935
3309,504.116253
3310,462.813068
3311,495.187223
3312,529.317182
3313,544.460608
3314,538.057585
3315,444.043523
3316,448.070283
3317,520.700604
3318,479.065377
3319,620.914723
3320,410.717902
3321,576.753126
3322,680.522343
3323,651.711781
3324,486.327914
3325,458.873686
3326,494.030317
3327,470.834066
3328,483.722104
3329,417.988487
3330,460.287655
3331,425.216441
3332,502.770760
3333,434.708860
3334,462.264321
3335,479.278190
3336,454.202383
3337,462.150477
3338,644.868849
3339,453.261669
3340,495.184046
3341,514.906939
3342,508.108835
3343,493.384711
3344,460.579804
3345,568.311431
3346,472.245924
3347,555.891786
3348,389.600945
3349,451.895106
3350,516.458306
3351,475.428950
3352,434.705477
3353,468.818040
3354,488.218527
3355,527.073313
3356,480.755590
3357,543.957269
3358,786.680612
3359,462.301565
3360,726.871427
3361,482.456726
3362,424.907778
3363,631.813957
3364,430.296441
3365,412.929211
3366,462.171640
3367,471.515984
3368,497.859608
3369,434.862849
3370,485.438750
3371,405.868837
3372,514.643154
3373,411.714246
3374,466.926390
3375,440.090536
3376,535.058433
3377,514.351624
3378,502.961325
3379,452.296458
3380,483.116801
3381,419.267691
3382,476.568919
3383,473.444490
3384,482.689463
3385,444.682818
3386,642.895156
3387,475.399500
3388,624.272716
3389,489.354521
3390,435.645317
3391,682.849681
3392,582.564716
3393,482.608010
3394,457.488781
3395,444.424590
3396,458.177447
3397,476.710293
3398,449.423307
3399,447.544663
3400,490.439204
3401,425.735840
3402,536.628425
3403,418.759399
3404,599.470908
3405,426.293076
3406,681.573900
3407,473.133664
3408,486.523298
3409,469.181068
3410,573.643926
3411,449.936049
3412,467.044626
3413,430.766594
3414,518.094434
3415,560.696143
3416,461.138562
3417,475.601421
3418,432.131595
3419,445.540114
3420,506.049196
3421,665.913551
3422,500.971822
3423,450.822970
3424,551.755758
3425,447.385924
3426,437.896702
3427,492.585183
3428,452.326637
3429,575.859832
3430,437.467965
3431,463.970140
3432,439.462771
3433,450.439812
3434,434.314322
3435,446.445515
3436,450.080788
3437,461.155203
3438,574.226298
3439,448.411722
3440,457.366061
3441,731.008554
3442,503.487512
3443,530.584898
3444,438.518490
3445,451.747478
3446,463.988499
3447,472.543764
3448,469.374801
3449,441.886121
3450,490.152921
3451,673.532496
3452,669.364825
3453,483.320929
3454,525.148644
3455,510.143460
3456,691.460896
3457,428.704092
3458,481.979456
3459,668.628982
3460,493.063494
3461,460.699294
3462,443.056527
3463,491.530997
3464,488.075291
3465,757.602383
3466,439.386974
3467,482.123057
3468,621.311052
3469,550.569812
3470,439.228310
3471,597.987004
3472,1249.804061
3473,505.351618
3474,829.314132
3475,455.942313
3476,693.995787
3477,640.357341
3478,464.645810
3479,476.643936
3480,969.159249
3481,479.475103
3482,463.296977
3483,503.715801
3484,485.067313
3485,493.385536
3486,502.782490
3487,683.874828
3488,620.513407
3489,489.177539
3490,808.304196
3491,586.673030
3492,677.011805
3493,609.936251
3494,463.488538
3495,773.596226
3496,733.489060
3497,453.814662
3498,478.349773
3499,625.743374
3500,463.904337
3501,472.699183
3502,840.053688
3503,430.751377
3504,720.509755
3505,756.875713
3506,825.358312
3507,1008.195821
3508,528.828853
3509,505.903466
3510,693.793523
3511,738.633881
3512,737.469893
3513,483.044175
3514,464.059392
3515,460.154883
3516,416.564080
3517,738.834468
3518,570.609890
3519,666.362679
3520,481.795401
3521,497.315066
3522,581.642902
3523,801.987257
3524,544.010985
3525,464.048716
3526,672.304166
3527,547.247503
3528,504.341310
3529,535.169559
3530,473.770877
3531,549.756970
3532,468.585051
3533,481.997612
3534,647.314833
3535,442.884288
3536,1008.594119
3537,570.405521
3538,419.316678
3539,755.046151
3540,484.115472
3541,451.230233
3542,505.069138
3543,464.584878
3544,566.168759
3545,482.394838
3546,468.663240
3547,538.052382
3548,606.057542
3549,492.052465
3550,884.462549
3551,457.185311
3552,529.354444
3553,517.029352
3554,619.919412
3555,725.511446
3556,477.647483
3557,497.407688
3558,500.467980
3559,479.488423
3560,546.236810
3561,838.896980
3562,457.293416
3563,474.115719
3564,691.688097
3565,540.826158
3566,585.353811
3567,460.959881
3568,529.238265
3569,645.162711
3570,413.082460
3571,474.064696
3572,655.081107
3573,958.217782
3574,493.762596
3575,675.378881
3576,439.169337
3577,462.760907
3578,894.564876
3579,472.955314
3580,495.037640
3581,673.012447
3582,495.955117
3583,486.957846
3584,628.727554
3585,506.823754
3586,497.327501
3587,458.011960
3588,515.201573
3589,517.109254
3590,458.080454
3591,604.048595
3592,490.471875
3593,476.544897
3594,469.903483
3595,499.494561
3596,478.120645
3597,567.875565
3598,452.844205
3599,436.590307
3600,445.577098
3601,463.839629
3602,494.498892
3603,471.490405
3604,556.657673
3605,438.976163
3606,481.125480
3607,474.785706
3608,500.949929
3609,581.353382
3610,527.562551
3611,479.336636
3612,481.409394
3613,450.390894
3614,650.309701
3615,536.220790
3616,514.120967
3617,507.254236
3618,431.456929
3619,495.935442
3620,503.415334
3621,690.302837
3622,669.811177
3623,635.630641
3624,572.681046
3625,510.617053
3626,505.683294
3627,442.028902
3628,485.029712
3629,743.257572
3630,517.570972
3631,470.226517
3632,739.331786
3633,506.171494
3634,455.009823
3635,495.067396
3636,488.906923
3637,718.684347
3638,646.905640
3639,490.821032
3640,687.549557
3641,670.462867
3642,742.097026
3643,706.735852
3644,1054.664226
3645,484.677887
3646,421.006150
3647,548.708753
3648,481.832724
3649,705.735360
3650,721.291369
3651,776.975914
3652,559.493145
3653,711.794073
3654,799.331508
3655,634.811547
3656,485.275010
3657,938.587297
3658,446.476041
3659,996.778544
3660,818.541677
3661,505.622153
3662,777.200007
3663,817.855022
3664,795.828938
3665,505.548313
3666,714.768726
3667,563.018135
3668,504.337198
3669,714.742697
3670,709.343664
3671,704.953093
3672,546.525283
3673,536.855730
3674,652.248388
3675,611.158493
3676,2939.987582
3677,419.744255
3678,523.368807
3679,592.333122
3680,705.344681
3681,664.757884
3682,687.015748
3683,508.471563
3684,996.704377
3685,542.224839
3686,813.871612
3687,526.279389
3688,533.902240
3689,628.743559
3690,541.681110
3691,461.138353
3692,426.626035
3693,505.169645
3694,770.811890
3695,543.753526
3696,460.723097
3697,458.072578
3698,826.847214
3699,630.550888
3700,770.310860
3701,582.674904
3702,606.168604
3703,510.386434
3704,1246.900893
3705,657.729175
3706,470.176517
3707,519.963917
3708,834.742865
3709,515.319253
3710,984.116150
3711,959.899258
3712,837.438658
3713,698.229151
3714,698.140548
3715,560.807046
3716,467.440935
3717,1291.437362
3718,915.768405
3719,780.533324
3720,538.787130
3721,498.908561
3722,536.152138
3723,688.919852
3724,497.292901
3725,715.571052
3726,444.973169
3727,820.130075
3728,1022.997463
3729,714.964515
3730,521.206014
3731,567.815350
3732,582.472378
3733,930.165136
3734,1181.787580
3735,789.216148
3736,806.682337
3737,744.926786
3738,469.304290
3739,793.764447
3740,742.989002
3741,1719.505639
3742,523.818841
3743,911.075853
3744,531.971619
3745,488.269149
3746,722.032928
3747,780.098076
3748,708.590552
3749,660.826476
3750,735.956997
3751,494.331966
3752,440.041441
3753,499.821284
3754,512.440407
3755,622.905815
3756,512.742675
3757,817.268250
3758,505.772496
3759,694.294477
3760,685.199991
3761,761.242220
3762,647.567904
3763,460.494683
3764,477.392315
3765,519.435754
3766,822.451273
3767,580.122274
3768,1495.282148
3769,772.005772
3770,2354.093371
3771,499.881017
3772,1834.595540
3773,496.949851
3774,493.492336
3775,759.319136
3776,828.775989
3777,517.322168
3778,642.156963
3779,560.933234
3780,496.111813
3781,492.373306
3782,833.226894
3783,488.164156
3784,492.294863
3785,528.349704
3786,559.024681
3787,502.585516
3788,1140.336928
3789,682.729806
3790,511.466131
3791,716.662859
3792,681.571521
3793,591.813428
3794,710.996604
3795,756.979479
3796,596.055615
3797,773.572367
3798,944.808584
3799,1464.576816
3800,796.134394
3801,701.962179
3802,795.066377
3803,864.070916
3804,1852.889398
3805,494.514214
3806,992.051931
3807,990.726140
3808,745.071590
3809,863.859218
3810,843.953494
3811,509.938710
3812,477.046098
3813,1295.343681
3814,1169.418882
3815,893.411174
3816,819.180142
3817,657.712006
3818,1057.134242
3819,645.590280
3820,830.387543
3821,890.264429
3822,836.572781
3823,493.929665
3824,1179.548948
3825,724.321342
3826,1011.074159
3827,1143.685388
3828,769.859011
3829,1231.530563
3830,937.441292
3831,545.828517
3832,745.367064
3833,709.959174
3834,584.776237
3835,1282.360232
3836,540.451026
3837,898.540727
3838,504.820784
3839,659.704300
3840,2001.970418
3841,822.732274
3842,905.785995
3843,747.878346
3844,2163.261087
3845,546.213946
3846,753.600167
3847,522.271490
3848,533.004137
3849,613.140257
3850,433.326102
3851,881.871497
3852,472.296954
3853,523.789394
3854,654.791536
3855,1886.325875
3856,1952.457508
3857,437.258527
3858,1237.367196
3859,1198.241964
3860,726.509873
3861,1968.652508
3862,1213.987321
3863,550.810062
3864,494.287571
3865,481.211967
3866,841.547491
3867,497.334776
3868,1039.216524
3869,704.656892
3870,767.506037
3871,801.475165
3872,827.190346
3873,1736.278245
3874,574.203540
3875,744.410914
3876,817.735450
3877,749.623614
3878,483.226491
3879,1143.146723
3880,839.141912
3881,1633.782059
3882,563.606994
3883,1178.444341
3884,759.797194
3885,1150.163743
3886,569.248700
3887,887.216073
3888,582.069482
3889,763.409649
3890,593.801542
3891,523.106086
3892,809.713337
3893,873.691895
3894,694.128368
3895,647.052448
3896,768.427560
3897,456.868999
3898,808.069965
3899,1554.834457
3900,962.601245
3901,757.363658
3902,485.257370
3903,1203.261585
3904,1045.491181
3905,551.197627
3906,523.061742
3907,744.903659
3908,932.948749
3909,929.230333
3910,860.576242
3911,554.438000
3912,404.054561
3913,501.164044
3914,711.230477
3915,809.527031
3916,880.973473
3917,711.838811
3918,1074.729453
3919,631.005835
3920,890.278796
3921,528.339434
3922,557.812767
3923,993.472924
3924,732.418705
3925,801.189215
3926,856.341572
3927,776.258884
3928,816.667384
3929,1001.691520
3930,967.367070
3931,720.120971
3932,1567.110344
3933,561.951921
3934,1204.203592
3935,545.567667
3936,1028.369250
3937,1737.297449
3938,842.710275
3939,827.308408
3940,1204.496069
3941,706.568796
3942,773.315907
3943,876.987461
3944,819.671312
3945,683.094429
3946,1990.956418
3947,2262.569133
3948,849.075664
3949,1426.801615
3950,862.806090
3951,1169.687876
3952,882.582859
3953,600.958930
3954,1781.143900
3955,888.616566
3956,849.429342
3957,1073.489662
3958,706.149370
3959,1238.182521
3960,801.929932
3961,675.718197
3962,1075.923886
3963,2144.824495
3964,3401.800255
3965,1163.210718
3966,791.175585
3967,905.824296
3968,834.719384
3969,3341.696815
3970,1172.470534
3971,1160.036035
3972,1092.878523
3973,874.445664
3974,1278.296283
3975,885.712699
3976,914.302865
3977,1836.200075
3978,1452.569657
3979,1261.261582
3980,1389.332629
3981,921.633209
3982,672.306969
3983,1861.421312
3984,1022.807771
3985,1199.511577
3986,798.500436
3987,1242.471274
3988,1137.886163
3989,1165.219339
3990,1752.963264
3991,805.681124
3992,673.901738
3993,1099.470238
3994,1123.317044
3995,2270.337004
3996,813.864009
3997,1034.890903
3998,871.751861
3999,1823.054066
4000,2834.761578
4001,732.902654
4002,1200.925121
4003,832.330376
4004,832.300000
4005,1075.441232
4006,1029.747924
4007,875.626405
4008,900.306641
4009,1804.786142
4010,4072.565558
4011,783.062538
4012,814.556339
4013,931.521447
4014,1168.720807
4015,439.208081
4016,835.478019
4017,1181.095409
4018,615.741996
4019,1107.014772
4020,841.610234
4021,3350.613971
4022,1624.567109
4023,631.531467
4024,588.444730
4025,1004.906167
4026,1733.931722
4027,1150.127809
4028,967.241110
4029,920.685877
4030,1380.773916
4031,887.570895
4032,859.672627
4033,2145.216357
4034,1594.915233
4035,2263.899332
4036,1032.004469
4037,1073.608964
4038,2163.958785
4039,4095.837379
4040,2165.238705
4041,732.733563
4042,3070.631137
4043,1109.567965
4044,913.693221
4045,845.140234
4046,1265.872672
4047,5414.185717
4048,910.893954
4049,795.917079
4050,776.203239
4051,1539.932353
4052,783.234310
4053,890.856166
4054,854.762473
4055,2556.116389
4056,604.459226
4057,1151.373342
4058,3219.611571
4059,1954.663669
4060,564.628442
4061,2308.681556
4062,5598.484047
4063,944.442215
4064,877.669413
4065,2089.828082
4066,844.865191
4067,1379.234311
4068,1121.746837
4069,2970.405381
4070,837.361253
4071,558.165153
4072,1108.855411
4073,1688.875353
4074,4710.127748
4075,809.293829
4076,898.633557
4077,1106.851106
4078,1160.161146
4079,1566.978431
4080,4271.507298
4081,5049.774963
4082,1703.306323
4083,1339.620617
4084,2248.597424
4085,2123.857973
4086,866.223129
4087,1555.137005
4088,1381.041947
4089,845.085804
4090,9895.841090
4091,1511.110854
4092,1476.285925
4093,827.935598
4094,812.068198
4095,12466.387636
4096,1571.471827
4097,18862.260734
4098,2117.387771
4099,809.235961
4100,1965.501961
4101,13096.309709
4102,1423.706662
4103,16045.002933
4104,1007.358675
4105,1268.804580
4106,1880.805250
4107,2390.613124
4108,854.098921
4109,1781.463935
4110,1100.739152
4111,2194.199915
4112,779.303709
4113,1431.712272
4114,704.633300
4115,1136.696417
4116,1162.321564
4117,1624.852126
4118,2202.806398
4119,2553.206097
4120,3511.653399
4121,2797.296959
4122,2133.127463
4123,1967.638185
4124,1930.358870
4125,840.896795
4126,2175.409716
4127,1502.729838
4128,981.882899
4129,8763.690967
4130,1208.067112
4131,7292.187719
4132,906.918020
4133,4252.410293
4134,3956.114586
4135,852.794504
4136,26869.300853
4137,3437.395470
4138,2356.119308
4139,777.605792
4140,922.337834
4141,926.955948
4142,935.725907
4143,8079.933087
4144,1504.626591
4145,1222.691184
4146,1403.629563
4147,1499.343251
4148,6359.227404
4149,1074.659264
4150,1539.558146
4151,858.756091
4152,2356.810587
4153,3524.641729
4154,2414.047517
4155,1374.613380
4156,1627.633247
4157,1534.937101
4158,1199.863215
4159,1112.930822
4160,1293.921236
4161,4010.524075
4162,752.134824
4163,2832.830149
4164,6539.728488
4165,1266.436939
4166,926.363104
4167,1634.893219
4168,556.578562
4169,1025.274151
4170,1198.110960
4171,1700.506356
4172,827.429384
4173,909.197662
4174,5802.975871
4175,1292.326047
4176,1359.823533
4177,772.434841
4178,854.561610
4179,2571.711206
4180,1407.796461
4181,846.251963
4182,1903.850915
4183,1194.524183
4184,1601.099638
4185,1181.850992
4186,1417.636092
4187,1188.785860
4188,2370.487293
4189,1521.354192
4190,802.012084
4191,905.473020
4192,8647.404450
4193,1216.217524
4194,939.471697
4195,1127.351610
4196,1008.488406
4197,894.765891
4198,911.522837
4199,965.760621
4200,7789.936161
4201,1237.222039
4202,4110.102248
4203,1670.241291
4204,5909.557838
4205,1392.825865
4206,1305.172676
4207,1948.738958
4208,926.206596
4209,2321.950120
4210,1982.419395
4211,1233.492668
4212,919.452466
4213,7607.420834
4214,1277.491871
4215,1558.983166
4216,919.830675
4217,834.601380
4218,1463.446146
4219,791.640500
4220,2560.849956
4221,1205.775392
4222,7441.851177
4223,2190.194600
4224,812.093064
4225,4097.524037
4226,1251.552954
4227,1917.062975
4228,729.147215
4229,2776.658977
4230,6929.351298
4231,917.714235
4232,1353.422960
4233,1286.237829
4234,2225.889644
4235,1145.746256
4236,1956.722714
4237,668.662917
4238,819.845670
4239,2233.027887
4240,2860.569117
4241,1728.356799
4242,785.428183
4243,6190.528847
4244,1869.963566
4245,18959.634313
4246,12145.113522
4247,2204.228345
4248,1188.475311
4249,1157.649022
4250,12942.758452
4251,898.619247
4252,1747.960557
4253,1507.394208
4254,1006.648861
4255,2443.895893
4256,766.694071
4257,1203.580647
4258,872.904664
4259,22304.712462
4260,1904.795256
4261,592.415771
4262,1321.067827
4263,1492.742420
4264,2262.697463
4265,3265.835886
4266,1641.074945
4267,2778.023195
4268,21141.904674
4269,2058.503683
4270,1200.419695
4271,4689.712263
4272,892.489864
4273,2654.637083
4274,1318.189277
4275,1046.136103
4276,2249.716313
4277,1114.647027
4278,1559.253261
4279,11115.075978
4280,1430.065955
4281,4742.721835
4282,5127.212524
4283,1814.668277
4284,3137.349919
4285,1552.498856
4286,2520.075403
4287,2916.004816
4288,972.126818
4289,2601.713223
4290,1378.267725
4291,1914.486250
4292,1218.073605
4293,1636.583458
4294,2812.265154
4295,10073.692283
4296,2734.772784
4297,1159.768650
4298,4499.262973
4299,2951.554666
4300,6303.454217
4301,1754.428086
4302,1538.378661
4303,1253.892377
4304,1175.757773
4305,802.178089
4306,1589.535943
4307,1946.683569
4308,4320.485087
4309,1236.440921
4310,30931.281633
4311,1586.214428
4312,890.248684
4313,2166.384531
4314,2679.013617
4315,1778.165740
4316,3534.146462
4317,1717.457813
4318,88997.222188
4319,1497.104343
4320,1813.940538
4321,15252.497124
4322,2338.699639
4323,2332.234753
4324,2787.004496
4325,1951.530322
4326,2824.701368
4327,5712.824478
4328,7017.385118
4329,2003.100296
4330,3042.811629
4331,1249.406494
4332,1146.120045
4333,2049.327699
4334,891.962555
4335,1306.168651
4336,1513.114076
4337,1390.266329
4338,13457.537067
4339,8934.496339
4340,3337.658190
4341,1285.149011
4342,1427.454418
4343,1290.861249
4344,14075.020254
4345,923.964282
4346,1209.261307
4347,8376.147486
4348,2608.974495
4349,1692.513671
4350,2479.221484
4351,3889.604961
4352,2978.512455
4353,1253.439116
4354,10928.083324
4355,1665.282856
4356,1629.108228
4357,3241.005656
4358,4927.521118
4359,2071.915494
4360,2388.923777
4361,13187.892519
4362,2127.843798
4363,2115.174613
4364,1497.047463
4365,3391.677276
4366,2076.768181
4367,2517.584769
4368,1642.810461
4369,4368.169554
4370,1710.093691
4371,899.072093
4372,2575.559958
4373,1204.073468
4374,2103.470412
4375,2125.126511
4376,1445.041053
4377,3176.712439
4378,1299.808059
4379,6178.797091
4380,4625.822109
4381,1282.201031
4382,2253.042599
4383,3276.150596
4384,3204.553076
4385,1468.882475
4386,2215.408909
4387,29699.267120
4388,2505.202087
4389,1890.061771
4390,62961.871931
4391,1362.471152
4392,12083.315984
4393,14314.319291
4394,3724.223387
4395,1687.836527
4396,1811.385181
4397,1315.627377
4398,1671.644333
4399,1394.128360
4400,2413.109621
4401,2367.761227
4402,1549.699490
4403,6618.658728
4404,2484.547881
4405,4084.133002
4406,1686.419784
4407,1231.039467
4408,1129.896144
4409,1360.052187
4410,1374.371740
4411,898.185948
4412,6798.434429
4413,914.200202
4414,4228.392555
4415,19172.618542
4416,3996.141598
4417,754.352669
4418,6405.413499
4419,4892.651720
4420,1447.151333
4421,1587.036225
4422,894.085499
4423,1544.242591
4424,1946.964295
4425,2006.287705
4426,44986.785600
4427,2741.895611
4428,1923.580498
4429,1438.522818
4430,2741.634098
4431,2799.966637
4432,1613.927463
4433,4118.818926
4434,1292.093320
4435,2012.273817
4436,3989.387307
4437,5798.526600
4438,1940.530774
4439,1800.934354
4440,3184.154150
4441,2145.891899
4442,1325.526813
4443,5014.205104
4444,2109.102859
4445,1344.327024
4446,2788.858509
4447,1053.244825
4448,5453.873576
4449,1946.950719
4450,3394.171118
4451,2167.233616
4452,5355.487633
4453,11828.552668
4454,1454.647101
4455,2601.092815
4456,967.803718
4457,4886.764314
4458,2503.135452
4459,3183.001013
4460,1351.322398
4461,3734.879919
4462,1546.584782
4463,33491.698687
4464,3031.942405
4465,8341.686375
4466,5074.279698
4467,2767.600657
4468,2984.215302
4469,1590.255214
4470,1351.400000
4471,6426.286389
4472,1535.486433
4473,1119.610606
4474,2021.558641
4475,5426.628188
4476,2936.015208
4477,2621.507888
4478,1118.050880
4479,1291.406720
4480,1145.971284
4481,4433.074452
4482,1681.506254
4483,2887.161511
4484,2069.012016
4485,1134.365989
4486,919.803092
4487,1455.987800
4488,1627.050853
4489,3313.668033
4490,2255.648933
4491,1648.488968
4492,8666.798230
4493,1677.403086
4494,2515.652804
4495,2445.548576
4496,1094.778178
4497,10254.438935
4498,1262.576085
4499,4204.778584
4500,1918.985972
4501,4096.514014
4502,972.879016
4503,2727.483690
4504,12970.216597
4505,1244.622666
4506,1034.940122
4507,1547.941997
4508,1244.388088
4509,1434.335688
4510,1322.722732
4511,780.405738
4512,1384.300786
4513,2566.968085
4514,1347.832613
4515,1159.600543
4516,12516.268635
4517,10432.406719
4518,1283.432057
4519,3909.075923
4520,3657.154735
4521,5705.098311
4522,7298.178355
4523,1778.164551
4524,1145.121769
4525,1604.982872
4526,1765.172033
4527,3307.098444
4528,3736.080528
4529,2346.352420
4530,1699.874957
4531,2069.242617
4532,3047.419855
4533,1275.415525
4534,2491.455742
4535,32866.516317
4536,1667.840760
4537,1784.742432
4538,1224.594087
4539,1502.673390
4540,897.923478
4541,1824.711071
4542,912.789959
4543,12269.873510
4544,1881.859286
4545,1308.556105
4546,1412.495174
4547,839.082748
4548,1218.223796
4549,1768.932033
4550,2305.528486
4551,1932.153553
4552,2661.002200
4553,12358.520034
4554,1089.199060
4555,1841.559852
4556,1989.258141
4557,1274.418482
4558,966.892553
4559,1288.025933
4560,1362.661983
4561,4050.750395
4562,3437.353964
4563,1687.365142
4564,839.836719
4565,3540.473731
4566,1664.388341
4567,1547.495159
4568,12439.591237
4569,2485.566232
4570,5212.994350
4571,1646.620851
4572,2398.846088
4573,2061.912993
4574,1398.998254
4575,1628.940994
4576,1916.413998
4577,1412.523795
4578,1802.650642
4579,4918.350457
4580,1248.865755
4581,5218.256044
4582,2133.499270
4583,1732.506904
4584,2091.966311
4585,2484.777897
4586,1571.600268
4587,864.022063
4588,3382.091569
4589,906.825884
4590,4982.698785
4591,3273.220509
4592,1479.056020
4593,2374.817250
4594,988.940760
4595,3736.306064
4596,867.707070
4597,1692.831101
4598,1646.320844
4599,1533.564336
4600,889.862371
4601,963.045403
4602,3490.007313
4603,1889.671471
4604,7548.218262
4605,2282.298377
4606,1392.478069
4607,1625.498519
4608,957.796485
4609,1190.037435
4610,1489.608748
4611,1803.580623
4612,1815.517627
4613,4219.460263
4614,1348.853546
4615,932.744340
4616,1233.874818
4617,1570.986237
4618,1621.525588
4619,937.065396
4620,8058.780575
4621,1459.989489
4622,1215.267328
4623,3494.572704
4624,821.027091
4625,875.970082
4626,6372.742369
4627,4116.895982
4628,1756.556746
4629,5109.192142
4630,2799.591695
4631,2422.285355
4632,2083.837465
4633,4426.283020
4634,1179.973480
4635,1941.840253
4636,1067.439154
4637,1795.046873
4638,1054.896039
4639,1261.506911
4640,1569.479330
4641,3227.986807
4642,917.673606
4643,1494.001345
4644,1649.251186
4645,1592.286692
4646,1377.601501
4647,3433.991269
4648,1495.581373
4649,958.225987
4650,1649.001714
4651,1762.284812
4652,1332.367232
4653,1195.010826
4654,3442.218068
4655,925.902110
4656,28357.413460
4657,1449.267931
4658,1363.592946
4659,878.655602
4660,2876.241605
4661,1367.401753
4662,1948.470528
4663,1911.461869
4664,6143.884546
4665,2257.191733
4666,1676.998119
4667,6277.781053
4668,3703.072242
4669,2075.517457
4670,2174.305323
4671,4479.283631
4672,1017.947026
4673,1492.099753
4674,1794.943291
4675,1972.567227
4676,823.809861
4677,1760.770950
4678,1943.577614
4679,1290.701318
4680,1375.538768
4681,1146.330122
4682,914.439602
4683,2996.843202
4684,3041.536358
4685,1734.297182
4686,2249.664720
4687,4557.924067
4688,1498.706889
4689,1955.755500
4690,1466.162597
4691,1881.462006
4692,2398.807436
4693,1552.034881
4694,3229.523589
4695,1926.509289
4696,4455.328387
4697,2593.959524
4698,1790.195530
4699,19233.159349
4700,1499.110795
4701,1837.791468
4702,1209.876847
4703,12860.994460
4704,1436.331088
4705,3468.712952
4706,1302.317893
4707,1194.720014
4708,1328.466195
4709,1566.785732
4710,3781.046927
4711,3577.900358
4712,1439.262599
4713,1599.700693
4714,2189.726061
4715,1364.321905
4716,1125.077992
4717,1747.086575
4718,2368.891174
4719,2265.899597
4720,1716.196003
4721,1163.009327
4722,2136.230007
4723,1399.733507
4724,2118.319219
4725,3001.827813
4726,3155.110548
4727,5646.951861
4728,2599.461925
4729,4013.386103
4730,1716.328550
4731,1659.234619
4732,15667.048685
4733,1857.919394
4734,1429.908551
4735,3042.867937
4736,1385.196171
4737,8853.501402
4738,1761.524642
4739,1086.122505
4740,4886.398072
4741,3937.209885
4742,1444.565888
4743,2079.604185
4744,1577.303757
4745,2307.634974
4746,1889.136576
4747,1780.420495
4748,2528.100019
4749,2424.419275
4750,10927.124910
4751,850.332115
4752,3292.241885
4753,5730.706137
4754,2112.252668
4755,6160.799929
4756,2870.017579
4757,1060.931670
4758,3684.797112
4759,2410.200726
4760,9137.151618
4761,3332.622947
4762,10276.868099
4763,2284.037261
4764,1783.343436
4765,3032.644717
4766,1909.633734
4767,3310.717835
4768,3979.097311
4769,13512.593436
4770,6688.183026
4771,1398.254564
4772,1422.348728
4773,2419.514481
4774,1846.065276
4775,12673.919343
4776,1296.900899
4777,3002.747241
4778,2289.562264
4779,1960.634057
4780,1759.193249
4781,1115.674367
4782,4801.388122
4783,2454.959257
4784,2354.143256
4785,1815.114666
4786,1454.577586
4787,1518.821101
4788,838.504528
4789,948.226618
4790,1028.915905
4791,32104.055898
4792,2472.278094
4793,7175.422758
4794,2542.991643
4795,3775.456625
4796,1270.158105
4797,1393.776040
4798,382.562986
4799,864.238512
4800,5896.301400
4801,1134.590905
4802,31390.460395
4803,14339.199330
4804,1984.943581
4805,10978.838885
4806,1455.221347
4807,2518.414099
4808,1182.578890
4809,991.316649
4810,17170.903782
4811,1945.431681
4812,960.828007
4813,1367.791716
4814,1572.746696
4815,843.215125
4816,1539.267428
4817,3214.655528
4818,875.571321
4819,1245.766905
4820,2285.466537
4821,14807.147971
4822,3404.854964
4823,1043.768297
4824,2950.057604
4825,2623.943054
4826,3395.389266
4827,4548.740366
4828,1173.945383
4829,2247.933653
4830,2869.943560
4831,1615.790014
4832,883.850668
4833,3303.339538
4834,5893.580346
4835,1272.817508
4836,1053.508626
4837,1368.874358
4838,2074.859673
4839,5203.305462
4840,1889.940414
4841,2031.340274
4842,3556.322195
4843,3079.153910
4844,1423.560657
4845,1508.902421
4846,2010.320361
4847,3544.515947
4848,1933.358990
4849,6231.871021
4850,2925.896995
4851,1160.309957
4852,2588.964562
4853,1312.320484
4854,1540.107090
4855,1476.191008
4856,36975.959273
4857,2212.136500
4858,2432.455434
4859,14667.797341
4860,823.322946
4861,2485.697440
4862,2976.061108
4863,1078.850363
4864,5425.376626
4865,2444.783619
4866,9882.645463
4867,6869.540889
4868,872.131984
4869,2281.210995
4870,960.331855
4871,2457.703647
4872,10556.948038
4873,2073.582159
4874,2765.372126
4875,1178.995087
4876,6973.333469
4877,1987.346892
4878,1018.816203
4879,1408.032618
4880,2259.416985
4881,1437.120549
4882,2857.531382
4883,1148.244801
4884,1557.485881
4885,2582.037393
4886,3279.403683
4887,3300.358083
4888,1176.940153
4889,801.107324
4890,5427.029461
4891,12072.314239
4892,1722.529510
4893,11918.830763
4894,13786.127485
4895,32792.748143
4896,11361.987943
4897,5587.732118
4898,11273.978787
4899,20421.145514
4900,1637.055425
4901,3576.018399
4902,5404.782090
4903,1282.136291
4904,1481.764176
4905,1603.338103
4906,1144.981047
4907,1598.833324
4908,3198.548021
4909,4898.545083
4910,1677.634866
4911,11484.822616
4912,3139.040946
4913,2393.507511
4914,1400.446028
4915,4865.680947
4916,8868.499103
4917,5618.650250
4918,1155.271098
4919,2471.619670
4920,2178.519588
4921,4131.134648
4922,10742.465476
4923,8006.292196
4924,1155.712401
4925,17758.178140
4926,2086.544622
4927,2013.024140
4928,4113.622860
4929,1531.946840
4930,1472.836300
4931,3446.562182
4932,1377.240715
4933,2366.022104
4934,967.221272
4935,1388.564955
4936,1635.512204
4937,8467.253340
4938,2024.245034
4939,16462.516894
4940,1389.406413
4941,3353.142843
4942,1440.146062
4943,2353.971180
4944,2573.135181
4945,1941.781844
4946,3869.996013
4947,8625.284065
4948,3012.258443
4949,1756.387970
4950,1341.166259
4951,1800.067696
4952,1796.301025
4953,3388.153464
4954,3881.733847
4955,19279.548152
4956,3568.800666
4957,1174.426979
4958,3186.677577
4959,7951.584244
4960,1397.330953
4961,8709.763764
4962,3953.380851
4963,3121.166471
4964,1816.385433
4965,1561.095340
4966,2676.669162
4967,1092.141926
4968,12883.792667
4969,1810.828144
4970,5946.778562
4971,5240.229503
4972,1479.082289
4973,1437.744519
4974,4653.851794
4975,1811.535259
4976,2801.357168
4977,3116.771820
4978,9517.872928
4979,4431.676123
4980,2126.907288
4981,915.337492
4982,2991.752565
4983,2111.131982
4984,2372.445577
4985,4152.496095
4986,963.151348
4987,3951.717063
4988,1598.765369
4989,3673.999108
4990,2215.006535
4991,12645.710671
4992,1846.614004
4993,9273.064706
4994,27953.765964
4995,1923.388299
4996,7761.320109
4997,2184.733438
4998,6638.747234
4999,7692.428340
5000,2153.772119
5001,1105.380909
5002,3660.140779
5003,1452.150316
5004,1013.873522
5005,1433.992341
5006,3764.955692
5007,8614.708384
5008,1472.169467
5009,3609.207330
5010,10103.854086
5011,4916.858031
5012,2231.024922
5013,1539.600338
5014,7748.428486
5015,1143.942062
5016,1486.478633
5017,3096.567145
5018,2051.827415
5019,7084.200340
5020,8820.130472
5021,9306.597652
5022,1217.209171
5023,12676.688850
5024,1980.140724
5025,1456.663015
5026,7143.025398
5027,3753.337517
5028,1821.699615
5029,2419.371526
5030,5204.045945
5031,1764.393064
5032,4096.861441
5033,19395.774941
5034,4128.920722
5035,1812.485190
5036,3314.270067
5037,2450.947189
5038,4940.380464
5039,4703.012359
5040,1830.941215
5041,1958.884473
5042,2182.532943
5043,3409.809653
5044,7604.326110
5045,1301.943768
5046,3438.416915
5047,1863.898616
5048,4552.748503
5049,9980.318618
5050,1898.990099
5051,7353.251021
5052,26249.999352
5053,1746.188850
5054,20001.263263
5055,5351.521071
5056,1962.605363
5057,6306.083884
5058,4809.099212
5059,11809.220911
5060,2417.821725
5061,2623.259268
5062,3909.971367
5063,3843.829931
5064,1895.025629
5065,8139.118011
5066,1266.384681
5067,2788.592756
5068,4649.264602
5069,3015.404663
5070,1410.860108
5071,1399.699845
5072,1890.587629
5073,6273.216941
5074,8127.526539
5075,2075.767287
5076,15468.824231
5077,4720.074978
5078,2466.890708
5079,4687.414477
5080,1366.765052
5081,2925.398305
5082,1036.798371
5083,3110.437766
5084,1980.132045
5085,1880.716211
5086,2581.758449
5087,1684.003350
5088,1407.305683
5089,1139.935636
5090,4107.800220
5091,2543.413034
5092,2785.937483
5093,2844.927028
5094,2097.549374
5095,3333.906272
5096,2370.863565
5097,1094.811979
5098,6442.364879
5099,2334.919034
5100,3145.125562
5101,3956.140157
5102,2345.760162
5103,3126.649300
5104,1417.430708
5105,1237.129470
5106,5408.666700
5107,17074.590932
5108,4969.872586
5109,2810.247488
5110,5300.790146
5111,3207.339823
5112,2159.770090
5113,2117.407198
5114,1543.788485
5115,1416.281888
5116,2558.394125
5117,16353.597118
5118,1892.024231
5119,5091.777126
5120,1146.744981
5121,2323.992681
5122,10066.157832
5123,1514.274427
5124,11243.378922
5125,2970.191270
5126,3017.222305
5127,1493.587705
5128,845.045620
5129,1149.506587
5130,1710.182403
5131,1435.588478
5132,1991.722830
5133,41837.134686
5134,2720.062138
5135,2038.714619
5136,2183.661948
5137,5620.188954
5138,2658.878512
5139,1849.610049
5140,3073.558119
5141,922.630329
5142,1603.063524
5143,973.771646
5144,2564.928275
5145,1442.311681
5146,17629.383329
5147,1960.871029
5148,1212.074675
5149,1819.370779
5150,2280.997049
5151,1538.094561
5152,3511.537776
5153,1681.177519
5154,6865.993099
5155,2448.769083
5156,6093.465074
5157,1948.943731
5158,8783.158190
5159,3382.816265
5160,2191.796334
5161,13880.576179
5162,1460.010179
5163,1629.452531
5164,1720.925769
5165,5360.979725
5166,1428.069298
5167,1404.859645
5168,64438.813280
5169,3968.085190
5170,1401.607276
5171,2076.897000
5172,12829.525209
5173,2465.870603
5174,1412.340228
5175,9223.289580
5176,1340.180157
5177,123954.954752
5178,9465.048146
5179,2163.934827
5180,877.312057
5181,1432.568172
5182,1673.790986
5183,1277.158893
5184,1509.602758
5185,2601.950967
5186,1891.888666
5187,1719.234150
5188,4124.677717
5189,1056.663084
5190,1540.154033
5191,1090.347266
5192,3409.286531
5193,1931.737360
5194,2313.240690
5195,2835.972492
5196,3389.947086
5197,2003.287870
5198,1276.148274
5199,2495.889695
5200,2420.463510
5201,1187.925963
5202,2775.102120
5203,1537.675111
5204,11098.916574
5205,1746.607230
5206,13041.559736
5207,1522.719848
5208,13446.076568
5209,1769.824937
5210,1303.513408
5211,1794.616096
5212,2020.180945
5213,1206.173720
5214,1538.065463
5215,28697.111428
5216,2163.346246
5217,1148.927509
5218,1349.507757
5219,1396.775257
5220,19723.483549
5221,2320.044233
5222,1273.433908
5223,1206.161737
5224,2171.322099
5225,1158.902744
5226,1520.882272
5227,2077.818975
5228,1284.399814
5229,1341.113567
5230,1783.846363
5231,1358.226826
5232,50193.580949
5233,1524.312725
5234,1209.186790
5235,1182.529468
5236,1952.605181
5237,5383.504364
5238,1399.215577
5239,1148.664007
5240,1403.468728
5241,5892.927717
5242,1326.571808
5243,1322.270393
5244,1371.835518
5245,1704.581435
5246,1749.846948
5247,2287.159817
5248,1774.787174
5249,4445.172120
5250,1651.045788
5251,908.109409
5252,3170.152102
5253,8544.872723
5254,1176.352647
5255,970.691915
5256,1056.456154
5257,1048.256955
5258,1598.722814
5259,1584.352767
5260,1408.932575
5261,1934.573811
5262,1196.092786
5263,238397.900571
5264,843.341646
5265,2802.830145
5266,4619.419895
5267,1540.449122
5268,4046.799542
5269,916.807350
5270,1163.880279
5271,1417.807868
5272,2259.064090
5273,1893.787141
5274,25964.326069
5275,1171.342121
5276,6698.299960
5277,2514.837676
5278,2224.228778
5279,1332.675534
5280,3312.214157
5281,1472.294086
5282,1736.020149
5283,1471.828535
5284,1475.209466
5285,2209.788039
5286,2757.432924
5287,3031.925911
5288,1244.233753
5289,2112.018439
5290,1230.466163
5291,1700.161410
5292,1162.827901
5293,1412.378527
5294,1255.045415
5295,1329.176817
5296,1428.294062
5297,1901.532328
5298,3460.472289
5299,1810.096329
5300,11002.146745
5301,1185.247091
5302,1234.633484
5303,4596.905006
5304,3203.007962
5305,3603.059392
5306,2658.999116
5307,1402.467112
5308,1657.007962
5309,1643.426731
5310,1130.031350
5311,19293.433040
5312,2185.744025
5313,1335.038592
5314,1999.156246
5315,18751.825392
5316,949.044062
5317,3367.322234
5318,4480.348222
5319,1314.424741
5320,1586.319641
5321,3960.168152
5322,1467.511775
5323,1968.847107
5324,3002.047920
5325,4040.792632
5326,1198.210343
5327,1066.469835
5328,937.514305
5329,3619.376810
5330,5669.604144
5331,1864.479930
5332,2300.948732
5333,2089.755870
5334,3860.006431
5335,1077.628200
5336,4192.768742
5337,2338.348574
5338,2470.027890
5339,2638.588898
5340,6578.716000
5341,1047.090417
5342,2873.627717
5343,6354.816537
5344,2255.762427
5345,1385.174026
5346,5533.701247
5347,2110.001087
5348,1706.523786
5349,1484.876464
5350,1711.315327
5351,8674.706102
5352,9433.183684
5353,9728.653966
5354,1770.928620
5355,1467.177811
5356,1490.744135
5357,3907.867143
5358,1880.890389
5359,2781.608525
5360,2596.240722
5361,3980.086464
5362,2874.509543
5363,785.397244
5364,4529.457021
5365,2725.294419
5366,1851.305150
5367,855.596757
5368,3552.680435
5369,2187.232302
5370,1182.452060
5371,1795.633511
5372,2099.911613
5373,1036.184609
5374,2311.742823
5375,1552.927721
5376,1235.035383
5377,3691.507510
5378,1049.286175
5379,2605.300095
5380,8109.378980
5381,12386.427050
5382,1417.545909
5383,4481.754470
5384,2438.442352
5385,1448.578846
5386,1373.080749
5387,2354.917373
5388,4523.466470
5389,5075.819274
5390,1988.227727
5391,2273.040533
5392,3338.937970
5393,1341.652437
5394,2252.341916
5395,1500.734226
5396,1236.229441
5397,2422.400646
5398,1074.634884
5399,1432.852487
5400,10607.712406
5401,843.471688
5402,2148.511146
5403,1562.193696
5404,2022.024151
5405,1553.563017
5406,3007.512701
5407,4523.833251
5408,1834.300076
5409,1619.272257
5410,2098.048341
5411,1420.218789
5412,1808.282992
5413,1514.887658
5414,3848.580039
5415,2443.368469
5416,2609.135997
5417,960.197032
5418,12428.253777
5419,1636.525786
5420,3717.672033
5421,13696.303346
5422,1358.407544
5423,1372.721079
5424,13414.866935
5425,1762.735707
5426,3938.039695
5427,1261.713581
5428,1203.062654
5429,2311.210632
5430,1569.063231
5431,2239.399936
5432,1567.673213
5433,1348.508691
5434,87312.179466
5435,48127.226313
5436,1479.216078
5437,1399.846665
5438,2024.893430
5439,1280.004682
5440,7191.494013
5441,1670.559665
5442,1145.772671
5443,1893.106627
5444,50741.893703
5445,1809.141710
5446,1431.811702
5447,2730.307101
5448,2920.824262
5449,10759.271647
5450,3418.131675
5451,98309.664142
5452,9189.178801
5453,4288.059162
5454,1383.605334
5455,146317.327002
5456,761.503406
5457,1235.622508
5458,5321.997259
5459,2020.389085
5460,2023.097878
5461,1727.802726
5462,4676.009238
5463,2869.391467
5464,3455.207573
5465,1207.555660
5466,973.440707
5467,1971.293782
5468,1706.136031
5469,1427.745271
5470,2557.436952
5471,1030.484223
5472,1861.572419
5473,2333.071047
5474,1031.302540
5475,1056.234656
5476,2226.122182
5477,913.298329
5478,2091.148150
5479,1945.982872
5480,1245.951437
5481,1936.583876
5482,1682.636633
5483,2535.055249
5484,1363.651564
5485,1657.298088
5486,20941.556548
5487,17225.693488
5488,2295.435030
5489,1356.017841
5490,3421.561174
5491,7054.606649
5492,1244.975116
5493,2311.521310
5494,1858.373199
5495,2332.362230
5496,10252.419545
5497,1133.300585
5498,21411.673609
5499,1858.759406
5500,1971.239615
5501,1376.931808
5502,1555.864076
5503,6453.881005
5504,1866.140719
5505,8028.716879
5506,2711.018513
5507,3083.970939
5508,7812.762357
5509,5979.735984
5510,2984.634876
5511,2706.564535
5512,4172.253276
5513,8880.743582
5514,1115.507869
5515,9570.885951
5516,1324.549201
5517,1299.804517
5518,1998.481786
5519,2460.798117
5520,2028.107683
5521,1846.450267
5522,160393.024022
5523,3342.342742
5524,4121.627128
5525,25476.101150
5526,8846.075863
5527,3304.517895
5528,8074.731610
5529,11398.451697
5530,2864.375754
5531,3564.478848
5532,3380.694451
5533,3461.060646
5534,2865.771421
5535,1631.426905
5536,7925.595380
5537,11994.027056
5538,1508.981721
5539,6233.478096
5540,2343.463816
5541,1860.194835
5542,6223.311172
5543,24721.851799
5544,1909.557968
5545,933.740711
5546,60971.301340
5547,2072.124827
5548,14115.641063
5549,1299.166237
5550,2564.347170
5551,1166.518201
5552,2467.736301
5553,895.905741
5554,2014.402126
5555,1641.146126
5556,3386.539839
5557,4765.488154
5558,2196.423732
5559,6284.911246
5560,2265.296536
5561,2070.373299
5562,1243.125214
5563,1356.295626
5564,3379.584247
5565,10927.206753
5566,1716.285710
5567,3209.359299
5568,1650.154196
5569,72037.739654
5570,1675.205341
5571,1937.405461
5572,3743.060282
5573,1128.677037
5574,2603.105365
5575,109681.777814
5576,906.302114
5577,1644.585851
5578,2145.545454
5579,4377.656844
5580,2465.629906
5581,2147.304224
5582,4155.929799
5583,3225.879716
5584,2656.410550
5585,1680.666564
5586,1653.162372
5587,2105.640112
5588,1453.607177
5589,2291.353856
5590,1779.438860
5591,1568.186240
5592,52802.379864
5593,1779.794428
5594,1768.703213
5595,1318.871895
5596,2117.715671
5597,3291.969278
5598,6134.632551
5599,2376.296223
5600,1168.457307
5601,1833.857721
5602,1313.226835
5603,2805.357577
5604,5126.340830
5605,22150.091146
5606,1545.643370
5607,1678.920047
5608,2196.350414
5609,1419.214426
5610,1875.544258
5611,2045.440846
5612,1457.620033
5613,2927.424976
5614,2239.105497
5615,2267.940549
5616,23336.619622
5617,1176.949403
5618,1686.114156
5619,1301.089463
5620,5096.379955
5621,27677.118192
5622,2285.127232
5623,2889.655379
5624,2160.071867
5625,1816.030572
5626,1135.524635
5627,2472.768169
5628,1531.960978
5629,1310.234467
5630,2058.498957
5631,6524.861931
5632,1135.225862
5633,1559.621443
5634,1496.533531
5635,1151.085959
5636,3921.099075
5637,4557.202619
5638,4922.615802
5639,1469.846606
5640,2058.270152
5641,13399.963299
5642,751.389939
5643,2893.443726
5644,1206.925760
5645,13112.711205
5646,1284.009375
5647,1607.610571
5648,2672.998161
5649,6174.324032
5650,1840.948102
5651,1251.340589
5652,4164.446210
5653,1952.923405
5654,1671.345224
5655,1752.836970
5656,1761.253324
5657,2233.340758
5658,14930.247983
5659,2261.214423
5660,1068.808249
5661,16926.876466
5662,2598.457283
5663,1423.814217
5664,2167.957142
5665,1508.619114
5666,15236.327782
5667,2381.874166
5668,1174.862902
5669,1530.930370
5670,1426.414495
5671,1236.032686
5672,1894.644568
5673,1433.056493
5674,1964.006443
5675,3759.927248
5676,2985.113181
5677,6861.340542
5678,9262.338863
5679,41903.584005
5680,2029.932585
5681,2486.188220
5682,425050.502872
5683,2686.345462
5684,2674.591584
5685,2445.396304
5686,5913.139942
5687,1368.406429
5688,3997.126394
5689,1633.060751
5690,1654.610414
5691,1436.609698
5692,1502.751047
5693,2081.824183
5694,1412.695074
5695,1755.652335
5696,1770.770475
5697,9785.075704
5698,4093.545765
5699,1770.417598
5700,2082.198100
5701,1607.696319
5702,2733.010994
5703,1157.973978
5704,2857.755904
5705,1093.824432
5706,902.928574
5707,1767.170236
5708,1808.020977
5709,1829.911239
5710,11727.718975
5711,2373.659204
5712,11004.599546
5713,2689.472891
5714,1470.462504
5715,1927.756729
5716,1358.271437
5717,1663.525764
5718,5157.445994
5719,1777.377489
5720,2243.150347
5721,3827.252246
5722,1958.968050
5723,15149.545832
5724,9395.228492
5725,2168.024080
5726,1200.837455
5727,1542.093232
5728,1320.745962
5729,5313.648973
5730,1873.963911
5731,3295.461738
5732,1669.943281
5733,7960.253795
5734,1446.310643
5735,2468.309597
5736,1429.291010
5737,3191.611785
5738,2309.283993
5739,1253.679961
5740,5638.894234
5741,2673.739438
5742,1738.221243
5743,4012.840905
5744,2221.480629
5745,2462.760708
5746,1594.015182
5747,1780.389875
5748,8890.564191
5749,1977.239725
5750,1338.245222
5751,70690.565903
5752,2646.970883
5753,1405.091433
5754,67659.283881
5755,1258.685523
5756,97956.800842
5757,1610.569019
5758,15597.760603
5759,7926.818049
5760,942.235436
5761,1780.115722
5762,922.815633
5763,2783.267917
5764,934.882806
5765,3068.621711
5766,2993.184694
5767,2450.164045
5768,3176.182229
5769,1183.686617
5770,1589.364062
5771,2049.581424
5772,2169.346086
5773,3009.098667
5774,1243.115977
5775,14441.692370
5776,4954.286202
5777,1848.844711
5778,1930.323422
5779,1193.932648
5780,2195.274756
5781,1312.181574
5782,1109.023146
5783,1494.870733
5784,21367.108564
5785,1820.686536
5786,2676.969491
5787,1420.152111
5788,916.224729
5789,1231.735900
5790,837.507959
5791,2615.608293
5792,1470.746940
5793,1022.063350
5794,1471.664373
5795,1297.914845
5796,2061.356791
5797,1830.956985
5798,901.180406
5799,1472.426593
5800,1931.833885
5801,857.568923
5802,1454.266378
5803,6458.145586
5804,940.738903
5805,1332.877878
5806,2895.194448
5807,1530.389293
5808,1960.590915
5809,1398.337937
5810,4131.490773
5811,2967.559471
5812,1663.871627
5813,2610.248727
5814,1643.548567
5815,868.741371
5816,2401.147698
5817,1624.235291
5818,1241.818473
5819,1054.092436
5820,1171.134381
5821,1420.822784
5822,836.319282
5823,1943.575258
5824,2687.375361
5825,2468.487007
5826,1534.724576
5827,9084.757263
5828,1471.903789
5829,6280.249900
5830,2045.752953
5831,1481.774446
5832,2313.570271
5833,1089.412682
5834,1602.030796
5835,1706.697894
5836,3221.783324
5837,1112.556102
5838,1599.643151
5839,1554.884688
5840,1470.116877
5841,13737.655214
5842,1686.444750
5843,2033.331117
5844,1139.858157
5845,3444.498298
5846,1337.627949
5847,1831.687241
5848,1235.674047
5849,1578.626952
5850,788.597626
5851,7050.811992
5852,1309.721610
5853,1426.719607
5854,1454.268105
5855,1263.394689
5856,1493.550986
5857,1204.481449
5858,2302.734597
5859,1154.113506
5860,2462.132593
5861,1010.696034
5862,1252.794424
5863,1217.880729
5864,1227.300005
5865,1419.130967
5866,1858.192036
5867,3987.252103
5868,3528.403626
5869,1814.164543
5870,912.959752
5871,4214.274945
5872,1130.221615
5873,9484.163576
5874,1343.395083
5875,12706.942887
5876,1250.675838
5877,1666.055988
5878,2971.389924
5879,1548.622583
5880,1394.182920
5881,2224.644558
5882,1322.161537
5883,1630.457027
5884,1830.058989
5885,4014.824874
5886,2308.847412
5887,1173.784083
5888,2737.534159
5889,2243.629693
5890,1327.728126
5891,36848.974059
5892,30819.114075
5893,1774.163517
5894,1807.883389
5895,2581.832885
5896,2548.395096
5897,29270.496725
5898,33108.601015
5899,1814.992517
5900,5437.364512
5901,1489.901123
5902,1972.691105
5903,1957.411850
5904,1767.360318
5905,2246.459939
5906,2168.347522
5907,3859.931750
5908,1371.513730
5909,2126.782849
5910,8426.665321
5911,60706.756682
5912,28495.391223
5913,44694.243717
5914,295242.084600
5915,37565.307791
5916,988.475075
5917,1020.208059
5918,166962.595289
5919,717.100169
5920,1052.797483
5921,1180.513084
5922,1351.816966
5923,655.147988
5924,791.262032
5925,726.789282
5926,802.882851
5927,1553.128588
5928,983.886254
5929,1578.486599
5930,856.466538
5931,1090.527200
5932,1213.296046
5933,879.702580
5934,1242.462028
5935,269339.586395
5936,1411.963622
5937,1207.202910
5938,1039.587934
5939,1248.890655
5940,1203.133253
5941,1231.220301
5942,1022.696647
5943,859.071708
5944,925.227153
5945,1502.204337
5946,1054.772477
5947,806.228316
5948,706.775425
5949,1416.438468
5950,1012.074981
5951,1152.033108
5952,885.477459
5953,924.982132
5954,1410.223161
5955,1327.929690
5956,790.588972
5957,820.365979
5958,1070.011256
5959,1082.422621
5960,757.441051
5961,1607.530968
5962,2019.546524
5963,1394.767167
5964,720.283528
5965,1950.956795
5966,1385.290912
5967,806.107334
5968,1011.017345
5969,1419.871689
5970,905.379391
5971,1618.577027
5972,852.169927
5973,873.418380
5974,848.905840
5975,1038.610264
5976,896.234712
5977,1203.387688
5978,4239.328680
5979,856.056897
5980,890.087442
5981,1477.878246
5982,925.423183
5983,865.940647
5984,822.529417
5985,1309.631441
5986,1604.415207
5987,1177.696519
5988,1119.741852
5989,994.049807
5990,1023.089084
5991,796.422439
5992,980.747946
5993,923.877288
5994,782.563804
5995,2223.780796
5996,1438.643698
5997,765.481980
5998,1045.890766
5999,756.776832
6000,698.918063
6001,1162.970221
6002,926.733112
6003,1156.954336
6004,1029.269421
6005,1399.049265
6006,1319.198239
6007,1010.920363
6008,764.823729
6009,1105.124368
6010,1196.699984
6011,890.975552
6012,926.302271
6013,905.418236
6014,1078.079557
6015,1421.621618
6016,1774.049957
6017,873.578104
6018,771.072642
6019,997.839757
6020,970.968648
6021,768.748915
6022,839.743766
6023,1524.519573
6024,1079.724733
6025,1300.324887
6026,1132.044035
6027,1146.733049
6028,913.515105
6029,1308.770043
6030,1284.018208
6031,1104.762895
6032,1037.592673
6033,882.739129
6034,1398.325012
6035,1299.393719
6036,923.026414
6037,957.666721
6038,1080.860564
6039,661.893874
6040,1242.151578
6041,678.450019
6042,1364.059254
6043,1396.545178
6044,919.109561
6045,1452.096449
6046,1255.323175
6047,1191.739394
6048,1179.964063
6049,4563.343631
6050,1461.004364
6051,949.756889
6052,3252.038301
6053,970.131704
6054,747.926432
6055,1113.348610
6056,1151.587474
6057,1154.378044
6058,727.461298
6059,858.821777
6060,703.742018
6061,557.761680
6062,858.732794
6063,1392.072401
6064,948.860971
6065,986.787008
6066,949.485369
6067,778.425120
6068,1069.749901
6069,909.409514
6070,1462.714288
6071,1223.357481
6072,988.331163
6073,804.405433
6074,1446.918238
6075,1073.063367
6076,892.225100
6077,961.262971
6078,837.390416
6079,718.741071
6080,1821.200895
6081,1007.203126
6082,1200.329289
6083,1222.069668
6084,1150.395153
6085,1007.382912
6086,1536.700354
6087,2169.811023
6088,1028.926472
6089,868.594276
6090,1277.862945
6091,1110.685233
6092,814.531683
6093,5285.162576
6094,1249.248646
6095,1125.510330
6096,1496.895801
6097,1024.054520
6098,712.172579
6099,1181.042877
6100,924.347058
6101,1091.385676
6102,725.870740
6103,996.343158
6104,1673.659848
6105,825.470798
6106,910.237361
6107,976.928609
6108,1576.179370
6109,1375.902535
6110,988.646375
6111,818.708239
6112,1432.845935
6113,1025.935280
6114,1395.834499
6115,1400.623396
6116,991.870767
6117,1473.840227
6118,1107.263457
6119,1437.118347
6120,723.619246
6121,851.898245
6122,865.657170
6123,1932.279386
6124,980.004551
6125,916.189909
6126,881.638721
6127,1291.709721
6128,1144.633371
6129,2880.870497
6130,1298.512498
6131,1403.704130
6132,1475.961614
6133,1523.188903
6134,1080.257854
6135,970.128426
6136,1343.216891
6137,3099.868913
6138,1147.786967
6139,1046.181472
6140,1687.061887
6141,1261.149773
6142,1005.370434
6143,1249.310038
6144,1070.515745
6145,1122.976247
6146,1548.995991
6147,1202.383759
6148,813.991574
6149,1019.984471
6150,1832.706098
6151,899.327158
6152,927.132688
6153,984.259568
6154,1653.492724
6155,1661.902057
6156,758.761829
6157,1001.872365
6158,1001.863575
6159,1643.856089
6160,778.642293
6161,1084.695409
6162,1235.768082
6163,1977.281823
6164,646.555465
6165,772.367205
6166,1377.796377
6167,1100.993105
6168,1238.690702
6169,2261.658795
6170,845.616862
6171,1136.168065
6172,1280.043337
6173,1039.284183
6174,1111.526273
6175,1225.182053
6176,969.655735
6177,1208.109030
6178,1322.363179
6179,1292.287131
6180,830.467619
6181,898.412015
6182,989.989831
6183,1382.136823
6184,1563.492469
6185,1191.276573
6186,1154.180037
6187,1121.286234
6188,1087.406301
6189,1487.472152
6190,1203.230030
6191,804.556974
6192,2129.752952
6193,1335.739600
6194,1897.028017
6195,1794.217842
6196,1129.205099
6197,876.709670
6198,875.452014
6199,1023.413318
6200,2210.732850
6201,1253.210753
6202,1303.824022
6203,1216.391743
6204,822.313026
6205,1516.832339
6206,1245.052346
6207,899.506769
6208,2422.905709
6209,705.363647
6210,1244.284327
6211,786.019243
6212,1244.960411
6213,1116.713100
6214,1028.301476
6215,2480.925421
6216,1044.378936
6217,750.798374
6218,971.893305
6219,678.851395
6220,872.846782
6221,1226.137944
6222,702.575760
6223,1232.773148
6224,879.312442
6225,1308.529641
6226,1393.995412
6227,1028.127582
6228,807.353833
6229,899.037502
6230,968.460979
6231,736.751413
6232,924.424889
6233,1089.721882
6234,763.172816
6235,826.978872
6236,1515.329715
6237,864.554238
6238,1036.962769
6239,1992.244147
6240,1276.709350
6241,1523.100316
6242,1016.171289
6243,1456.267633
6244,1070.279874
6245,1144.159642
6246,1407.397133
6247,1155.104787
6248,989.454227
6249,784.397458
6250,1040.070652
6251,1254.004404
6252,907.504051
6253,1043.767537
6254,1434.951394
6255,1034.647131
6256,2083.641567
6257,1515.838644
6258,1003.191211
6259,1864.472682
6260,677.561326
6261,1072.556219
6262,1316.009176
6263,1504.175011
6264,1486.190170
6265,1256.905561
6266,1379.373377
6267,1610.608415
6268,1104.652554
6269,1446.593572
6270,1381.512102
6271,2231.544211
6272,1286.017781
6273,1148.352470
6274,1274.061178
6275,990.115719
6276,1408.397293
6277,1567.534073
6278,1013.636509
6279,1490.205345
6280,815.385758
6281,663.851674
6282,1421.511905
6283,1915.221955
6284,2055.727409
6285,1002.449008
6286,1083.557265
6287,988.125109
6288,1330.836977
6289,1377.417323
6290,1450.861401
6291,784.130377
6292,1032.370456
6293,853.020689
6294,2082.001863
6295,1679.732715
6296,767.703508
6297,1474.486216
6298,861.932128
6299,1810.692195
6300,1300.806787
6301,1150.527195
6302,1469.907987
6303,1589.241176
6304,1226.155451
6305,1027.828160
6306,1326.140539
6307,1462.302894
6308,1308.503505
6309,834.244202
6310,799.679450
6311,1815.495407
6312,2271.534235
6313,3963.373202
6314,823.322883
6315,1293.428165
6316,1953.232307
6317,1075.085355
6318,3048.482457
6319,981.625781
6320,1030.955611
6321,1900.221232
6322,1409.421067
6323,1399.154825
6324,1066.001369
6325,1899.079747
6326,1439.582039
6327,1017.864296
6328,712.307408
6329,1176.915811
6330,1310.114953
6331,870.890075
6332,927.355417
6333,1637.363947
6334,734.748391
6335,944.704284
6336,956.616832
6337,889.852262
6338,1708.677045
6339,801.857225
6340,1281.112544
6341,1459.976225
6342,1434.316497
6343,1745.114029
6344,1704.703265
6345,2053.066545
6346,1251.919599
6347,1386.347498
6348,1164.813946
6349,1486.550717
6350,1197.580613
6351,955.279133
6352,1080.665936
6353,2782.582081
6354,1016.511596
6355,1245.771615
6356,813.624891
6357,2935.064557
6358,2144.354077
6359,1417.395550
6360,1104.707304
6361,992.687481
6362,938.282731
6363,1358.877700
6364,1353.984135
6365,816.690659
6366,1135.598144
6367,1118.546669
6368,1413.914149
6369,1749.374237
6370,923.560423
6371,885.790965
6372,1744.940468
6373,1037.575949
6374,1088.195044
6375,891.800334
6376,1086.193100
6377,960.421884
6378,1411.236592
6379,1948.863070
6380,1062.376796
6381,999.484760
6382,848.787306
6383,1533.454525
6384,1434.109149
6385,1456.667051
6386,892.328132
6387,809.019369
6388,1171.076842
6389,1238.157505
6390,2502.933073
6391,987.340040
6392,2324.725954
6393,789.390027
6394,1225.347742
6395,1261.236712
6396,1123.041185
6397,965.631971
6398,1708.809969
6399,1629.981243
6400,1092.044600
6401,1192.477622
6402,1472.202296
6403,1055.200111
6404,975.576292
6405,1899.720541
6406,1418.105169
6407,1585.844305
6408,1185.735072
6409,1225.222613
6410,1084.807109
6411,1572.319761
6412,3575.419312
6413,1080.503271
6414,2513.310314
6415,1966.928687
6416,1011.181045
6417,1774.985898
6418,938.369914
6419,755.540293
6420,882.101652
6421,1406.182356
6422,1103.400290
6423,1984.572478
6424,5402.460264
6425,1249.930967
6426,1684.710149
6427,1017.430881
6428,2842.085615
6429,1166.866040
6430,1243.909501
6431,4883.942564
6432,1273.514040
6433,1872.677867
6434,1722.632011
6435,678.570645
6436,1830.347960
6437,1119.804709
6438,845.179227
6439,1221.647877
6440,1235.554541
6441,1539.006803
6442,2136.734813
6443,954.514561
6444,1045.385426
6445,1116.804126
6446,1486.808389
6447,850.262991
6448,1167.687949
6449,1576.876286
6450,967.756403
6451,1030.127873
6452,1271.168977
6453,875.285497
6454,1542.804392
6455,1300.206071
6456,1267.589286
6457,794.520047
6458,1778.183597
6459,1678.750852
6460,1009.853326
6461,1435.424906
6462,1151.188951
6463,1222.114650
6464,2305.427276
6465,2494.405477
6466,2203.641084
6467,1579.372574
6468,1510.991145
6469,1078.227378
6470,1830.563346
6471,1094.324197
6472,959.592686
6473,1457.703181
6474,1625.695427
6475,1202.405998
6476,2215.916827
6477,1246.422942
6478,1504.703267
6479,1169.746591
6480,1993.051501
6481,2489.406526
6482,1659.215559
6483,1279.704969
6484,1130.853405
6485,1639.529519
6486,1712.272042
6487,1313.457930
6488,1368.792138
6489,1664.620431
6490,1184.062987
6491,968.045953
6492,1170.392427
6493,1295.601186
6494,2264.986084
6495,1303.259272
6496,1443.827873
6497,1237.175474
6498,2142.002687
6499,1728.225947
6500,1260.648629
6501,1139.814908
6502,1249.893980
6503,1144.570659
6504,922.412028
6505,1414.219315
6506,1240.178103
6507,2292.941396
6508,1119.736997
6509,2543.963440
6510,1712.643920
6511,1222.669243
6512,1653.036567
6513,1354.099801
6514,903.457993
6515,942.692552
6516,870.669590
6517,1611.679100
6518,1635.862890
6519,1159.862101
6520,1634.899602
6521,1547.400782
6522,1346.611081
6523,1052.821718
6524,971.884406
6525,1063.009774
6526,902.458545
6527,1090.922189
6528,942.273337
6529,1367.764798
6530,1843.963457
6531,1367.013719
6532,1061.436817
6533,1663.786158
6534,1610.252454
6535,929.447711
6536,989.629150
6537,1107.632372
6538,1211.837376
6539,1099.109853
6540,1093.730315
6541,1268.764264
6542,975.989621
6543,1159.474032
6544,983.183776
6545,9042.563269
6546,675.043794
6547,859.878583
6548,3051.388322
6549,1307.031152
6550,1070.959349
6551,1065.522346
6552,1308.868808
6553,1364.603935
6554,805.390685
6555,1067.408531
6556,1002.141440
6557,1439.351594
6558,877.156525
6559,767.151066
6560,1685.363214
6561,1134.337216
6562,1278.715172
6563,1098.695982
6564,1131.435274
6565,1573.920314
6566,1320.341263
6567,1605.681740
6568,1379.687191
6569,1272.549705
6570,1567.160983
6571,1052.984410
6572,850.575458
6573,1402.608174
6574,2219.975891
6575,1338.705793
6576,1054.615419
6577,1547.811888
6578,1387.070215
6579,1268.057416
6580,816.455459
6581,1297.728540
6582,4754.357302
6583,1371.608158
6584,886.179031
6585,675.536557
6586,1512.632571
6587,2678.871174
6588,1641.365628
6589,1063.892291
6590,2490.320305
6591,1667.476714
6592,1042.624257
6593,1131.883285
6594,1072.653621
6595,1669.120400
6596,1313.127828
6597,1325.519585
6598,1521.213921
6599,1051.623578
6600,1386.090503
6601,5800.069042
6602,1485.837783
6603,1054.024010
6604,1283.403862
6605,1449.069907
6606,1223.100153
6607,2573.441757
6608,3727.346875
6609,1496.413772
6610,1113.043901
6611,1482.182001
6612,1332.135590
6613,1508.759402
6614,1563.960830
6615,1819.731714
6616,1654.541890
6617,988.804519
6618,1109.603248
6619,890.160844
6620,970.153612
6621,1552.829826
6622,1646.072435
6623,1202.812917
6624,1688.242882
6625,799.657237
6626,1230.833241
6627,1124.230723
6628,1274.716907
6629,1268.359941
6630,1338.901883
6631,2031.967317
6632,999.270285
6633,2171.540727
6634,1530.677477
6635,1180.323055
6636,2149.474900
6637,1232.932418
6638,2086.253064
6639,1151.704164
6640,1388.751739
6641,1249.250936
6642,1356.692840
6643,1364.289921
6644,881.441406
6645,1039.937213
6646,1944.320499
6647,3579.924611
6648,3691.205618
6649,1481.050147
6650,1360.738685
6651,2750.279712
6652,1333.357220
6653,1160.162411
6654,819.927698
6655,1225.422575
6656,1084.603954
6657,1225.599073
6658,1417.012842
6659,1661.257179
6660,1364.615782
6661,1241.200328
6662,1276.578861
6663,1099.488946
6664,1113.434568
6665,1482.034131
6666,1608.493734
6667,827.499446
6668,1080.914732
6669,1999.068531
6670,1691.447551
6671,1188.645081
6672,1488.055629
6673,2973.069520
6674,1248.378567
6675,1136.926142
6676,2049.018139
6677,978.680353
6678,2330.216960
6679,1305.334219
6680,1509.107651
6681,940.518150
6682,694.203221
6683,928.218902
6684,742.867104
6685,1525.933539
6686,2484.941414
6687,1016.814122
6688,1772.477803
6689,1415.571935
6690,1332.499991
6691,943.300981
6692,1105.607990
6693,1253.729156
6694,1143.507003
6695,1301.549456
6696,2090.878407
6697,1399.657646
6698,1032.623221
6699,3116.495061
6700,1549.585898
6701,1214.214866
6702,890.412917
6703,1317.149805
6704,1121.242961
6705,1762.481735
6706,1163.779171
6707,1007.504968
6708,1816.546132
6709,900.480904
6710,1337.663876
6711,1300.251935
6712,672.228268
6713,1123.049713
6714,1709.913716
6715,892.962068
6716,1339.421229
6717,873.035817
6718,1639.521366
6719,1230.673111
6720,1629.001179
6721,838.912429
6722,1318.494172
6723,1718.012967
6724,3299.705923
6725,1971.717858
6726,1390.115170
6727,1652.459662
6728,782.491653
6729,1400.600705
6730,1222.482939
6731,1602.956537
6732,1062.561094
6733,1506.399349
6734,1614.536123
6735,1601.606656
6736,1978.310294
6737,1375.954053
6738,771.044631
6739,2090.704230
6740,1112.550040
6741,1506.376619
6742,1846.327096
6743,1349.564184
6744,1698.374392
6745,1217.433459
6746,1231.752217
6747,1455.125397
6748,1245.718181
6749,1066.628972
6750,945.005944
6751,3645.487047
6752,976.722320
6753,1197.469907
6754,2611.907497
6755,1244.717205
6756,1012.681567
6757,1228.273251
6758,2730.614121
6759,3794.756867
6760,1825.547194
6761,1523.737730
6762,2122.948187
6763,1195.337697
6764,1377.855794
6765,1193.927343
6766,1144.391547
6767,1139.708948
6768,1428.849374
6769,1171.233700
6770,2013.900458
6771,1730.372025
6772,878.781707
6773,1111.569708
6774,1086.114735
6775,742.559910
6776,1006.620646
6777,2250.016131
6778,908.633453
6779,1303.694584
6780,933.879656
6781,842.449912
6782,736.365895
6783,905.161069
6784,1388.219620
6785,1197.487755
6786,3883.958846
6787,1310.951078
6788,1395.242056
6789,1565.445934
6790,1608.995729
6791,1298.404221
6792,1434.708747
6793,1173.809100
6794,2274.217589
6795,822.993631
6796,1043.510329
6797,1837.218944
6798,3253.353397
6799,1464.418818
6800,3353.245462
6801,890.770182
6802,995.997349
6803,794.764707
6804,1185.019724
6805,1321.410266
6806,1520.607023
6807,1823.054144
6808,1183.016266
6809,2533.237219
6810,1439.932024
6811,1194.577424
6812,1147.040957
6813,1809.323844
6814,986.097328
6815,1166.842924
6816,807.806658
6817,2356.860375
6818,918.729749
6819,2419.506882
6820,1705.261024
6821,1764.197411
6822,1306.741925
6823,1157.013746
6824,859.381325
6825,1513.937794
6826,1242.296021
6827,1738.821627
6828,1589.183087
6829,1645.951952
6830,1279.624902
6831,1173.543298
6832,1322.116776
6833,767.630751
6834,1089.124098
6835,1008.157940
6836,1126.103836
6837,2787.783177
6838,1076.009528
6839,1107.600659
6840,1966.837363
6841,1277.930586
6842,1665.772256
6843,968.816096
6844,1364.900866
6845,1655.861863
6846,1350.435628
6847,1603.195754
6848,2176.213386
6849,1238.474846
6850,799.830409
6851,1008.749614
6852,1257.584495
6853,1466.754523
6854,1600.621366
6855,1393.653074
6856,1249.286190
6857,9573.818312
6858,1750.234888
6859,1441.215632
6860,1534.219704
6861,1088.037447
6862,2671.707047
6863,1328.844024
6864,1334.484776
6865,2963.178922
6866,2157.255192
6867,2839.614699
6868,2876.173714
6869,3376.205333
6870,1778.699799
6871,1134.711980
6872,1107.930425
6873,1031.588171
6874,1697.637949
6875,1177.539117
6876,1368.876343
6877,916.653940
6878,1053.599358
6879,790.908173
6880,1264.808692
6881,1641.163856
6882,1021.203809
6883,1143.827663
6884,1469.403452
6885,1390.869849
6886,1500.423107
6887,939.192156
6888,2802.583567
6889,1641.727379
6890,1185.324052
6891,1937.650925
6892,2774.239776
6893,1840.488804
6894,1843.238296
6895,835.167450
6896,1086.672395
6897,1449.519015
6898,2119.380168
6899,1503.994298
6900,1382.024370
6901,3062.712115
6902,1499.934555
6903,2141.485023
6904,1442.209812
6905,1361.389365
6906,1443.847364
6907,1152.458232
6908,825.282788
6909,1320.938919
6910,2926.209318
6911,684.152022
6912,1124.557871
6913,2136.138035
6914,1357.971587
6915,2167.343413
6916,2090.738959
6917,811.311464
6918,1016.213844
6919,1647.673023
6920,1401.767953
6921,21847.906961
6922,1124.712027
6923,3428.916511
6924,3445.897431
6925,1760.332057
6926,780.550667
6927,1786.147832
6928,1225.717505
6929,978.407318
6930,1489.460633
6931,1179.333218
6932,1018.434308
6933,1417.237623
6934,1109.203270
6935,1944.257495
6936,1989.673054
6937,1186.560021
6938,2625.392270
6939,1786.321089
6940,1146.975120
6941,1411.257077
6942,1424.179602
6943,1865.632585
6944,3743.653791
6945,1529.699456
6946,1143.978150
6947,1363.651564
6948,2086.738248
6949,1752.188915
6950,1057.992758
6951,1289.236462
6952,1559.405666
6953,2658.363195
6954,984.701000
6955,1059.268771
6956,1753.452562
6957,977.849970
6958,1189.797364
6959,1145.952169
6960,1665.703259
6961,991.564070
6962,899.005029
6963,1207.061752
6964,1243.672704
6965,1186.967794
6966,830.563744
6967,1905.877436
6968,1109.221571
6969,1355.244925
6970,1059.913907
6971,1037.443468
6972,989.106926
6973,946.081664
6974,1740.491893
6975,1452.489126
6976,2368.453073
6977,1020.870088
6978,1018.826748
6979,1179.184619
6980,1507.406391
6981,1748.580318
6982,1076.940904
6983,3377.329525
6984,1475.635769
6985,1052.973057
6986,2484.827811
6987,942.024352
6988,2498.529138
6989,1507.116814
6990,1315.720569
6991,1460.408638
6992,1223.281773
6993,1192.247411
6994,1229.070013
6995,1432.962504
6996,2393.604393
6997,1012.820978
6998,891.845010
6999,1557.913365
7000,2726.219266
7001,1296.085697
7002,1612.629784
7003,1920.338851
7004,1816.168440
7005,1356.733212
7006,1453.849754
7007,1011.740970
7008,1215.556873
7009,1339.315884
7010,1524.227567
7011,1382.747631
7012,1023.968326
7013,4340.691215
7014,1498.400640
7015,4790.650495
7016,1477.380348
7017,3693.770547
7018,996.311687
7019,1345.511305
7020,993.263645
7021,3376.346466
7022,663.943775
7023,1711.461592
7024,1382.456912
7025,2217.541653
7026,1721.805429
7027,1400.500599
7028,1254.644087
7029,2134.062385
7030,1057.854331
7031,1001.991588
7032,965.049478
7033,1304.172378
7034,1323.003747
7035,1034.960662
7036,1313.145861
7037,1383.546892
7038,1124.197363
7039,1222.314294
7040,1455.057273
7041,877.530415
7042,2465.122509
7043,1263.198972
7044,1621.100137
7045,1127.330633
7046,839.027532
7047,1500.045114
7048,834.524089
7049,1320.878889
7050,1090.027559
7051,1215.677445
7052,1582.511379
7053,1599.887927
7054,1466.918674
7055,868.589045
7056,2086.677305
7057,1649.533276
7058,1375.913131
7059,1503.551852
7060,1349.957940
7061,750.449133
7062,1446.811335
7063,1515.351432
7064,1336.214986
7065,931.226324
7066,1293.117102
7067,1520.867883
7068,1000.489238
7069,996.710743
7070,870.223733
7071,955.873991
7072,1362.802213
7073,2618.108749
7074,1519.597257
7075,1563.372199
7076,2343.602481
7077,1469.209378
7078,1414.516230
7079,3224.090502
7080,1260.740041
7081,1387.917714
7082,7703.033553
7083,2066.298482
7084,1320.772969
7085,1263.083332
7086,4083.557846
7087,1030.491130
7088,1223.800377
7089,1485.315058
7090,1181.439987
7091,1597.366085
7092,1402.864065
7093,1037.485718
7094,1974.569863
7095,1463.758292
7096,1002.027692
7097,1509.018022
7098,1496.008526
7099,1789.097373
7100,1440.068030
7101,2221.582767
7102,1463.773298
7103,1161.536121
7104,1024.584078
7105,1610.628658
7106,1511.509013
7107,1176.494040
7108,1016.594475
7109,1291.261800
7110,1405.631584
7111,1593.436222
7112,1538.718746
7113,1242.327547
7114,841.509412
7115,1057.690978
7116,1434.199995
7117,1486.233042
7118,1100.750485
7119,2208.957598
7120,1000.015469
7121,1170.912557
7122,1241.285845
7123,1001.947906
7124,1113.419489
7125,1113.104213
7126,1333.759704
7127,1918.675489
7128,1077.063151
7129,724.982918
7130,2542.028526
7131,1366.148986
7132,1828.490957
7133,1373.570308
7134,3025.436686
7135,1803.788869
7136,1205.725891
7137,1438.053330
7138,1556.541829
7139,951.841072
7140,4417.729530
7141,1427.119931
7142,1308.526576
7143,826.777608
7144,1506.835305
7145,1386.321631
7146,1476.621424
7147,1314.721064
7148,1436.886403
7149,1170.459805
7150,1473.577027
7151,1418.217987
7152,1122.636924
7153,890.309959
7154,1201.485190
7155,1566.179676
7156,3494.853836
7157,2811.756889
7158,930.798981
7159,970.431863
7160,3294.428944
7161,3598.865118
7162,2323.469350
7163,1139.224775
7164,1833.370810
7165,2301.885819
7166,1451.515470
7167,1641.845763
7168,1580.558682
7169,1974.017793
7170,1979.999953
7171,1545.212178
7172,1664.316123
7173,1866.161855
7174,1684.229573
7175,1466.728419
7176,1043.086905
7177,1185.106484
7178,1448.828613
7179,1287.141955
7180,1410.319568
7181,1593.463998
7182,1425.603618
7183,2089.155925
7184,1986.448864
7185,1804.053405
7186,2046.573869
7187,1445.429110
7188,948.066055
7189,1092.147839
7190,1559.000795
7191,1290.243755
7192,1907.732271
7193,1067.268427
7194,853.782612
7195,1301.346384
7196,1529.653886
7197,1510.318161
7198,1447.927528
7199,1142.876230
7200,1164.582282
7201,1113.489693
7202,1007.719443
7203,1203.490480
7204,1007.552193
7205,883.664960
7206,1126.716554
7207,1379.628416
7208,1425.439242
7209,1302.048902
7210,1742.487534
7211,1506.799553
7212,1458.551090
7213,1088.591707
7214,1583.082704
7215,1571.910073
7216,1365.067155
7217,1438.209256
7218,1076.612661
7219,1404.910134
7220,1736.654028
7221,1332.443876
7222,1414.794019
7223,1738.958577
7224,2045.936535
7225,712.606214
7226,1992.236943
7227,2074.793218
7228,2104.026880
7229,1650.889346
7230,3978.540234
7231,1573.984556
7232,1613.423952
7233,1149.143114
7234,2663.542549
7235,2476.678797
7236,1273.327353
7237,1125.485252
7238,1529.990277
7239,1401.598911
7240,3125.225704
7241,1644.702301
7242,1753.170369
7243,1246.712831
7244,1553.441845
7245,1211.235177
7246,1510.295583
7247,1138.142618
7248,1169.039116
7249,1177.925525
7250,2160.751310
7251,1084.868990
7252,1320.777980
7253,954.960164
7254,1299.455274
7255,1655.656454
7256,2841.901483
7257,1216.914400
7258,1244.956333
7259,1107.829107
7260,749.354157
7261,1451.243785
7262,1498.058656
7263,1517.468632
7264,1221.080006
7265,943.358400
7266,1163.418698
7267,940.382951
7268,1441.214149
7269,1304.171366
7270,1102.601580
7271,1078.164660
7272,2407.672793
7273,1650.433221
7274,1742.454487
7275,2044.668574
7276,1110.173555
7277,834.704228
7278,1807.247713
7279,1742.347401
7280,1693.426428
7281,1276.645441
7282,1243.222589
7283,888.327287
7284,1515.022077
7285,2019.981990
7286,904.737937
7287,894.568484
7288,2690.123839
7289,1272.604360
7290,1290.698406
7291,1408.237765
7292,1293.260271
7293,1887.434836
7294,2396.429222
7295,1272.086479
7296,3460.560922
7297,1595.346597
7298,1088.264231
7299,1285.623069
7300,1195.711340
7301,1239.328054
7302,1198.390788
7303,3374.967022
7304,1576.445545
7305,1411.807610
7306,1590.488519
7307,1072.859767
7308,4025.173154
7309,1478.743659
7310,2224.723857
7311,1287.161143
7312,1354.731260
7313,1415.188757
7314,1263.123688
7315,1058.629500
7316,1359.178111
7317,2021.161783
7318,3780.096385
7319,2158.178000
7320,1029.335256
7321,2035.030641
7322,1750.079297
7323,2876.914681
7324,1300.678593
7325,1736.369353
7326,1257.358575
7327,1258.450279
7328,1530.391299
7329,1345.900692
7330,4210.158357
7331,1213.662710
7332,1215.867345
7333,1382.065791
7334,1169.044399
7335,1390.179365
7336,3114.856225
7337,2576.683759
7338,2931.731083
7339,2475.444531
7340,1700.883599
7341,1113.560123
7342,1306.904109
7343,1565.769869
7344,1637.007978
7345,1139.169295
7346,2052.387498
7347,1043.917266
7348,1324.886401
7349,1681.754426
7350,1224.030219
7351,1301.791401
7352,10490.326050
7353,1723.914161
7354,1180.712090
7355,1498.043132
7356,1343.505531
7357,1010.208663
7358,1194.739509
7359,1147.411726
7360,1249.886466
7361,1657.156165
7362,1468.214187
7363,2325.348361
7364,1438.114643
7365,1179.665761
7366,1327.591394
7367,1865.850982
7368,1108.049075
7369,3084.174740
7370,4190.372742
7371,1218.357087
7372,1886.379428
7373,1258.330738
7374,24438.359157
7375,1241.993554
7376,1569.688447
7377,1268.761537
7378,2098.886150
7379,791.791659
7380,1360.313246
7381,1883.148941
7382,1323.490329
7383,2209.460292
7384,1540.705997
7385,1796.348730
7386,1624.574993
7387,1093.856719
7388,1506.688768
7389,2165.972358
7390,1144.925808
7391,1535.096449
7392,1513.766385
7393,1709.102049
7394,1506.403448
7395,1580.089932
7396,695.006397
7397,3980.148819
7398,1294.934202
7399,1472.052002
7400,2326.501082
7401,2805.349605
7402,3096.016816
7403,1217.135337
7404,808.648084
7405,1448.331093
7406,1363.893636
7407,1525.859730
7408,3333.156710
7409,14998.049389
7410,1965.644313
7411,1709.570356
7412,1628.200733
7413,1327.302032
7414,1630.987958
7415,1383.761889
7416,1122.259841
7417,1239.523242
7418,1705.099952
7419,2184.412578
7420,1556.012074
7421,5015.469988
7422,3678.824830
7423,1603.817097
7424,1425.455400
7425,1410.757621
7426,973.151296
7427,1701.113802
7428,1144.625224
7429,4032.815117
7430,1363.366358
7431,1728.492840
7432,1384.532292
7433,1250.053474
7434,1882.093470
7435,1299.479764
7436,1131.249155
7437,8158.004381
7438,1765.272012
7439,1448.456595
7440,1271.738653
7441,2691.862199
7442,1130.520250
7443,1183.947907
7444,938.575053
7445,1259.247800
7446,1271.764834
7447,1432.959723
7448,1230.068351
7449,1803.890021
7450,1883.585027
7451,1274.685058
7452,1108.389609
7453,1285.596652
7454,1140.625073
7455,2603.180020
7456,1270.479002
7457,3869.587146
7458,1025.114763
7459,990.894072
7460,1485.837522
7461,879.574678
7462,1181.079479
7463,1160.966655
7464,1437.241743
7465,1367.049807
7466,1205.924723
7467,3789.965348
7468,985.194872
7469,1305.913468
7470,1171.686163
7471,1190.330076
7472,12785.687750
7473,2338.307412
7474,1120.530003
7475,1147.901574
7476,1351.637750
7477,4453.297843
7478,1479.605486
7479,1115.993193
7480,4221.774243
7481,962.248878
7482,1098.500886
7483,1187.286151
7484,1703.052721
7485,2660.539144
7486,1300.197323
7487,1412.156921
7488,1066.389393
7489,1536.516515
7490,1396.376913
7491,1481.299202
7492,1695.155433
7493,837.305807
7494,1897.082434
7495,1374.028566
7496,1739.205127
7497,1274.871308
7498,3160.867046
7499,1093.278103
7500,1487.591731
7501,824.137027
7502,1078.063458
7503,2046.506916
7504,2158.386754
7505,1157.828038
7506,1288.113943
7507,3732.464986
7508,1810.936937
7509,1242.929044
7510,2089.969046
7511,1210.284605
7512,1271.143321
7513,1622.803123
7514,1313.879197
7515,1778.887027
7516,1609.853301
7517,1720.593401
7518,1091.833341
7519,889.364122
7520,1265.763489
7521,1228.230321
7522,1205.379311
7523,1227.836964
7524,3241.025678
7525,1445.564873
7526,1273.967328
7527,1668.076893
7528,1445.585848
7529,2394.930464
7530,1177.683180
7531,1269.187218
7532,1650.491306
7533,1214.263095
7534,1584.135143
7535,1267.129162
7536,1297.112196
7537,1272.412314
7538,1486.761489
7539,1319.300730
7540,1606.599963
7541,1321.189879
7542,1651.752222
7543,1391.721710
7544,1096.320237
7545,1810.751193
7546,2065.348013
7547,1270.796264
7548,1218.825549
7549,1447.835335
7550,1386.910660
7551,1224.856427
7552,2351.257528
7553,1488.062076
7554,1545.832507
7555,1368.702904
7556,1597.170057
7557,4144.867874
7558,1497.538465
7559,1252.746389
7560,2432.610869
7561,1175.943184
7562,1720.736355
7563,1141.537717
7564,3794.133063
7565,740.458705
7566,1904.401665
7567,3945.818150
7568,1242.789611
7569,3307.120968
7570,2320.335583
7571,1712.270382
7572,2112.193503
7573,1117.233776
7574,3649.879545
7575,1548.321386
7576,1005.433038
7577,1625.918582
7578,1495.205596
7579,1267.879189
7580,1551.528070
7581,2127.666780
7582,1375.304445
7583,1023.821822
7584,1547.476062
7585,1513.224603
7586,1454.549113
7587,788.069434
7588,4500.460800
7589,1836.082273
7590,1373.478025
7591,1352.922831
7592,1205.305996
7593,5984.630478
7594,1430.249920
7595,1108.368929
7596,1646.820230
7597,731.357279
7598,1672.794560
7599,1640.883324
7600,1683.004114
7601,1658.138066
7602,1434.464359
7603,2237.404534
7604,1595.448928
7605,1130.077228
7606,3398.950924
7607,1432.799887
7608,1411.428938
7609,1587.602645
7610,1425.001379
7611,1197.086793
7612,2431.370082
7613,1429.913164
7614,1753.356724
7615,1249.411121
7616,1507.206444
7617,1620.759669
7618,1627.578110
7619,3776.936112
7620,1251.718717
7621,889.109365
7622,2042.020905
7623,1667.310021
7624,1544.424383
7625,15671.800725
7626,1419.664964
7627,1710.667141
7628,2475.240783
7629,1725.051561
7630,1260.141678
7631,1106.464737
7632,1851.126820
7633,1538.645465
7634,1939.725076
7635,3864.620058
7636,2152.388940
7637,1880.018591
7638,1364.490888
7639,1529.073771
7640,1576.832257
7641,1509.886153
7642,1415.035483
7643,1391.529689
7644,4647.249648
7645,1830.806484
7646,2056.862024
7647,1861.680614
7648,19957.487869
7649,2627.339679
7650,3330.229315
7651,1377.541839
7652,11975.937055
7653,7490.948202
7654,1262.050938
7655,1247.767923
7656,3798.693312
7657,4328.496844
7658,1914.334306
7659,1525.379105
7660,1252.735490
7661,1661.831926
7662,1392.754183
7663,2904.621630
7664,7822.349194
7665,1149.066688
7666,1847.929705
7667,1213.969392
7668,2035.637394
7669,5305.068831
7670,1428.366280
7671,1189.985493
7672,2025.261589
7673,1650.433837
7674,4145.497924
7675,1867.182230
7676,5015.303828
7677,2175.438093
7678,1769.084647
7679,3233.063518
7680,5499.414800
7681,1755.292301
7682,1806.177568
7683,2490.478576
7684,4450.305643
7685,2109.972286
7686,2839.215299
7687,46332.455840
7688,47968.611572
7689,1867.777210
7690,2229.490769
7691,1829.659715
7692,1465.594252
7693,13041.075580
7694,1556.965955
7695,2009.851248
7696,1628.415312
7697,1640.896409
7698,1914.190668
7699,1819.208116
7700,6312.856738
7701,1688.829132
7702,3363.370651
7703,3251.203934
7704,81226.126382
7705,4001.346658
7706,24438.633150
7707,1440.386167
7708,1668.447522
7709,1750.824394
7710,1809.150289
7711,1871.173250
7712,6008.538479
7713,946.282221
7714,6612.753546
7715,1993.733380
7716,1745.264789
7717,1701.076911
7718,2629.553150
7719,1292.968298
7720,3213.624217
7721,1702.186781
7722,1698.597205
7723,1106.972720
7724,1349.244949
7725,4110.998016
7726,1232.675595
7727,2024.365495
7728,1480.888855
7729,1339.223945
7730,7157.839055
7731,1342.825112
7732,1757.417693
7733,1368.390693
7734,1845.684518
7735,2245.559802
7736,1461.732509
7737,2621.698311
7738,1572.210893
7739,1278.249181
7740,1889.408578
7741,1512.123095
7742,5016.714014
7743,1602.960522
7744,1494.811257
7745,1381.259332
7746,1560.970677
7747,7197.674134
7748,1911.065407
7749,1403.799345
7750,1230.949271
7751,24815.270566
7752,1655.607644
7753,1173.894081
7754,1402.866449
7755,1126.240572
7756,1176.141853
7757,3756.489171
7758,4699.284892
7759,1044.854328
7760,1028.823295
7761,1424.694951
7762,4536.199953
7763,1385.752182
7764,1389.969575
7765,1173.991798
7766,5302.057361
7767,1369.363951
7768,1648.118649
7769,1710.623311
7770,1299.939699
7771,3773.966214
7772,25370.600145
7773,1732.821199
7774,1477.111809
7775,1420.014384
7776,1202.337982
7777,1092.501409
7778,1402.284557
7779,1328.301575
7780,1361.180347
7781,3020.495706
7782,2692.313776
7783,1794.123454
7784,2120.867974
7785,1229.554724
7786,1092.884697
7787,1494.912122
7788,1727.099281
7789,2296.597159
7790,1447.628696
7791,1732.861202
7792,2126.116701
7793,1488.356803
7794,2939.543423
7795,1650.102377
7796,1905.730386
7797,1256.554065
7798,2183.395189
7799,1471.990426
7800,1246.423593
7801,1590.192390
7802,1862.834086
7803,4493.789552
7804,1468.744864
7805,1526.639749
7806,799.605806
7807,838.991671
7808,1430.997388
7809,2877.491760
7810,2690.558386
7811,1629.756290
7812,3812.466990
7813,1609.124957
7814,935.988880
7815,1078.416443
7816,1630.185347
7817,1350.124582
7818,1509.402208
7819,1872.139005
7820,1116.947472
7821,1435.849166
7822,1182.323219
7823,1523.837010
7824,1657.282634
7825,811.536134
7826,1733.444563
7827,3900.263329
7828,1492.181540
7829,1484.230259
7830,2214.754067
7831,843.193175
7832,2083.160910
7833,1320.957863
7834,2415.492127
7835,8134.107733
7836,1626.454822
7837,819.956054
7838,1811.022872
7839,1185.775032
7840,2318.102255
7841,1246.247608
7842,1823.194078
7843,1718.655235
7844,1589.797284
7845,1359.547236
7846,1518.030964
7847,1904.749887
7848,1807.314011
7849,1709.546848
7850,1766.577146
7851,1229.910914
7852,2033.205024
7853,3245.741892
7854,4107.030586
7855,1629.685812
7856,1130.741454
7857,1373.288244
7858,2769.305124
7859,5602.467447
7860,2525.573268
7861,1399.470173
7862,3932.552330
7863,3101.054976
7864,1093.616462
7865,2607.604071
7866,5725.373890
7867,749.650151
7868,3771.288120
7869,1784.741901
7870,1105.351392
7871,1366.136158
7872,1529.458305
7873,995.929564
7874,4677.516890
7875,1955.938770
7876,1320.667313
7877,2147.928541
7878,2003.159707
7879,1194.659122
7880,1670.119066
7881,1917.329916
7882,1189.309504
7883,1907.122381
7884,2026.441937
7885,1026.174182
7886,2254.048224
7887,1257.743097
7888,744.277651
7889,1625.318187
7890,1856.616882
7891,2767.079404
7892,1772.917294
7893,1649.418932
7894,818.682758
7895,1188.561461
7896,1451.906500
7897,1665.976688
7898,4441.041294
7899,1728.046255
7900,1563.763659
7901,1568.872047
7902,1137.571199
7903,2261.403127
7904,1904.166796
7905,1224.831090
7906,1827.427773
7907,1473.879718
7908,2699.649972
7909,2686.289719
7910,1254.262638
7911,1457.256758
7912,1369.978057
7913,1351.178295
7914,995.165159
7915,6889.612182
7916,851.359186
7917,1196.299758
7918,2014.036345
7919,1811.768025
7920,988.172043
7921,967.745900
7922,1476.027825
7923,6826.780339
7924,14198.446755
7925,1377.200827
7926,1511.366481
7927,1264.964471
7928,2720.418678
7929,1467.037523
7930,2091.342059
7931,1828.094468
7932,11019.541119
7933,1898.180790
7934,1635.749282
7935,1331.986498
7936,1369.280164
7937,1395.853732
7938,1634.447224
7939,2509.615736
7940,2101.476676
7941,1454.140589
7942,1761.377909
7943,1859.755125
7944,1681.511664
7945,1057.424285
7946,1900.188479
7947,1930.971658
7948,1300.163926
7949,1064.974304
7950,8532.246790
7951,1326.654508
7952,3605.576611
7953,1611.545040
7954,1502.615322
7955,3722.700875
7956,1933.285898
7957,1512.395106
7958,1244.109147
7959,2629.836197
7960,1298.538628
7961,1381.216212
7962,1950.611202
7963,1958.331900
7964,1329.191041
7965,4361.136404
7966,1866.713646
7967,1686.748996
7968,1834.218764
7969,1336.053727
7970,2540.793648
7971,1057.292680
7972,1970.127419
7973,1377.140149
7974,1692.570353
7975,1706.092914
7976,2212.696741
7977,1500.318771
7978,2236.105568
7979,1861.154836
7980,3317.285184
7981,1652.296250
7982,3013.357206
7983,1646.320242
7984,3647.762218
7985,1164.331454
7986,2297.799582
7987,1251.875032
7988,1294.195293
7989,2283.999073
7990,2230.186378
7991,1679.945829
7992,2337.029038
7993,2797.139010
7994,1468.853025
7995,1675.792692
7996,728.128539
7997,10686.678846
7998,1099.803633
7999,1678.610818
8000,1856.575199
8001,2214.831744
8002,1280.234833
8003,1451.701555
8004,1623.150487
8005,1559.730801
8006,4742.464956
8007,2569.366233
8008,1568.719167
8009,1908.373747
8010,1875.825478
8011,2068.090831
8012,1693.247333
8013,2017.938261
8014,1453.857365
8015,1907.336737
8016,1202.868094
8017,982.497768
8018,1830.226730
8019,3897.174134
8020,3768.285766
8021,1377.522813
8022,1438.240062
8023,2334.138313
8024,2539.121173
8025,1392.963011
8026,1752.393754
8027,1388.093410
8028,3365.787898
8029,8849.432854
8030,1175.530398
8031,787.946198
8032,1708.330045
8033,1997.104936
8034,2058.202808
8035,14695.811634
8036,6246.721828
8037,1489.338725
8038,2915.637268
8039,3497.455702
8040,1020.309008
8041,1728.582589
8042,1864.111830
8043,2039.047301
8044,2489.691437
8045,874.947456
8046,1404.001941
8047,1539.197104
8048,1725.830451
8049,1703.372423
8050,1718.899173
8051,2410.444839
8052,1864.406897
8053,1508.666115
8054,1598.998741
8055,4264.876019
8056,3204.911036
8057,1735.365556
8058,1655.370968
8059,1581.856623
8060,3113.974308
8061,1691.577072
8062,2106.066778
8063,1287.742287
8064,3658.635501
8065,1597.591107
8066,1101.391489
8067,826.395646
8068,1974.983754
8069,1217.017724
8070,3936.640397
8071,6928.725970
8072,1687.834789
8073,6175.647741
8074,810.241900
8075,1510.350863
8076,1640.043685
8077,1485.542933
8078,1561.164269
8079,1110.996952
8080,1211.983201
8081,1959.130436
8082,837.498530
8083,2942.862184
8084,994.017522
8085,19368.458697
8086,1772.670219
8087,2876.352298
8088,2102.556776
8089,11796.684501
8090,3399.388695
8091,6126.266382
8092,1244.610397
8093,1048.205734
8094,2052.196320
8095,2684.487943
8096,11989.614293
8097,2276.123875
8098,7670.392884
8099,885.908039
8100,1710.390618
8101,1755.775168
8102,2707.540317
8103,789.560293
8104,11199.131742
8105,2612.801050
8106,1105.897209
8107,748.560053
8108,1391.071377
8109,2585.050632
8110,1761.229694
8111,1897.783954
8112,1783.944057
8113,988.991780
8114,1961.053001
8115,2460.911143
8116,3004.035067
8117,8681.931591
8118,1916.791879
8119,1340.069212
8120,2035.970252
8121,1717.833589
8122,2564.735762
8123,2295.347638
8124,1818.683863
8125,83235.989649
8126,2116.668093
8127,1748.042340
8128,1645.460671
8129,1236.079891
8130,2132.408307
8131,4289.155220
8132,1335.793149
8133,5548.719511
8134,1217.574434
8135,1147.190866
8136,1805.166698
8137,2481.300780
8138,1587.300462
8139,1143.918925
8140,6573.124321
8141,1513.307799
8142,1314.464485
8143,1567.509482
8144,3216.787287
8145,2061.532657
8146,1539.023501
8147,1353.415094
8148,1926.998139
8149,1837.926304
8150,1076.508612
8151,2197.635777
8152,1305.517051
8153,1122.227790
8154,3182.477325
8155,1895.100941
8156,860.184277
8157,2574.030002
8158,1206.522943
8159,1147.148127
8160,6845.297862
8161,1723.909201
8162,2149.839596
8163,1607.736769
8164,1943.181559
8165,2053.553224
8166,2167.400716
8167,852.987338
8168,1929.896099
8169,3572.750038
8170,1232.035543
8171,1651.123242
8172,2209.475508
8173,1512.321437
8174,1551.438321
8175,1433.771123
8176,1484.590497
8177,3379.920306
8178,1585.228288
8179,1828.118719
8180,37649.905235
8181,2245.174110
8182,1190.420963
8183,3272.121233
8184,1753.439987
8185,3185.756735
8186,1776.564259
8187,1785.522347
8188,6519.576032
8189,6982.936562
8190,1606.466225
8191,1333.552915
8192,1709.747110
8193,2079.995039
8194,1602.839805
8195,2490.398662
8196,1769.649426
8197,1444.683693
8198,1619.176550
8199,4417.548778
8200,55981.607053
8201,919.997961
8202,5575.742911
8203,10951.756668
8204,4040.129229
8205,913.030442
8206,1022.701549
8207,6253.030387
8208,1645.423302
8209,1849.224447
8210,1917.271861
8211,1598.772862
8212,1401.351724
8213,1210.636672
8214,1988.137484
8215,1320.404439
8216,1801.863114
8217,1349.829688
8218,2783.237673
8219,2079.947520
8220,2755.553507
8221,1610.143782
8222,1774.647861
8223,1290.501703
8224,1722.388049
8225,3856.164124
8226,2074.348411
8227,2289.701182
8228,5310.543574
8229,1599.713436
8230,10962.751927
8231,2295.933285
8232,1261.280181
8233,1109.824003
8234,2419.698254
8235,6917.793834
8236,1633.255768
8237,4287.966832
8238,1675.740304
8239,2313.896218
8240,1856.794534
8241,2763.204916
8242,248472.430849
8243,1316.787925
8244,1862.312735
8245,2021.397759
8246,1130.544346
8247,1164.468900
8248,1700.356906
8249,1781.708373
8250,1941.418574
8251,1585.640528
8252,2160.892602
8253,1188.986984
8254,3399.597325
8255,1193.253452
8256,1336.394597
8257,103927.296844
8258,5007.669714
8259,5065.397823
8260,1940.980763
8261,2144.668034
8262,1677.545689
8263,2892.935023
8264,3225.890653
8265,1809.712429
8266,19900.905509
8267,2501.484214
8268,9266.298902
8269,2071.049349
8270,1795.306038
8271,1024.252322
8272,2460.951990
8273,1998.065847
8274,1629.597232
8275,3395.932335
8276,1873.149307
8277,3002.473048
8278,2024.214678
8279,1925.028286
8280,1728.654525
8281,6815.838979
8282,905.000303
8283,40325.141535
8284,3980.229551
8285,981.808510
8286,1745.117676
8287,1499.716338
8288,1309.646551
8289,1067.993112
8290,8953.847547
8291,1548.098944
8292,2230.227502
8293,1748.913779
8294,1784.251899
8295,4234.115746
8296,4856.118044
8297,2317.863679
8298,1452.524562
8299,1814.434145
8300,1712.382904
8301,1306.252403
8302,3251.275217
8303,1264.248120
8304,2973.535143
8305,1429.763220
8306,1485.145435
8307,3330.219884
8308,1669.386544
8309,12797.011410
8310,3862.670374
8311,1545.762291
8312,1799.991317
8313,1090.742534
8314,1580.435477
8315,2559.171826
8316,7525.603845
8317,19949.432176
8318,2264.787027
8319,4587.929922
8320,2210.451023
8321,5356.680258
8322,1619.287379
8323,6228.298952
8324,799.450137
8325,858.983576
8326,16314.364888
8327,1467.497035
8328,58434.182756
8329,942.485977
8330,1340.700911
8331,2015.147489
8332,1343.812680
8333,843.091988
8334,1043.605994
8335,749.946041
8336,5026.121475
8337,1554.256069
8338,1618.218127
8339,1349.815694
8340,37209.930534
8341,1473.851488
8342,1274.011224
8343,3746.439131
8344,1773.050793
8345,1593.736722
8346,1248.395621
8347,1984.624215
8348,1451.649193
8349,882.005459
8350,1020.776899
8351,2043.524712
8352,2279.554730
8353,846.483923
8354,1205.121430
8355,1426.390703
8356,1408.952914
8357,1679.443343
8358,1995.388139
8359,1856.039859
8360,1837.168770
8361,1548.212848
8362,259869.561612
8363,1565.932016
8364,1002.924921
8365,1142.888651
8366,1405.073913
8367,1908.278853
8368,2146.726406
8369,2639.424611
8370,1019.365147
8371,840.610055
8372,1370.562695
8373,998.276830
8374,1062.092640
8375,1140.341113
8376,895.049705
8377,1871.428107
8378,1785.001284
8379,2559.508977
8380,1595.000957
8381,1902.595811
8382,2295.148432
8383,1344.985950
8384,1809.056480
8385,2090.804750
8386,1634.523974
8387,2144.743790
8388,1938.310878
8389,966.856606
8390,2285.794656
8391,845.787072
8392,2775.889392
8393,1425.104289
8394,875.142695
8395,2135.763238
8396,824.644076
8397,1212.294553
8398,866.037852
8399,2348.799154
8400,2568.197027
8401,2053.991993
8402,5038.773916
8403,1589.877523
8404,1665.501885
8405,2727.693948
8406,6368.600121
8407,1540.672778
8408,1226.192578
8409,2402.948656
8410,5082.986408
8411,1015.768697
8412,1833.525030
8413,1903.728323
8414,2810.922366
8415,4146.847784
8416,1125.609614
8417,1324.196302
8418,2057.798835
8419,1601.012062
8420,1536.725283
8421,1442.789882
8422,1525.998847
8423,861.981911
8424,1263.619583
8425,837.150120
8426,2226.790597
8427,3049.605216
8428,1740.527311
8429,2494.185417
8430,2730.858239
8431,934.858517
8432,1428.315782
8433,1154.743022
8434,22148.179869
8435,1740.090636
8436,1034.422093
8437,1222.184798
8438,1884.915653
8439,2393.848929
8440,2053.142323
8441,797.015819
8442,4847.969186
8443,1943.700248
8444,5690.298294
8445,1696.707497
8446,318199.762639
8447,770.545420
8448,2617.990920
8449,1462.750992
8450,1433.610440
8451,851.317174
8452,985.191622
8453,1813.855722
8454,2282.640398
8455,2330.625239
8456,918.518849
8457,3625.620673
8458,1509.808303
8459,920.092525
8460,1317.186243
8461,978.519990
8462,4442.998628
8463,2058.926174
8464,1504.683600
8465,8912.915144
8466,1315.642412
8467,1237.047355
8468,1449.314540
8469,1394.489468
8470,1659.460804
8471,820.037453
8472,1146.763284
8473,786.091871
8474,1240.203412
8475,3138.036775
8476,8290.907437
8477,1201.105097
8478,2249.660465
8479,8645.176307
8480,944.236633
8481,3392.356738
8482,1691.146825
8483,1528.455271
8484,1465.144034
8485,1925.450486
8486,7568.178680
8487,1242.974848
8488,1654.641862
8489,882.680070
8490,802.830862
8491,1954.250543
8492,7648.709609
8493,913.982108
8494,3042.580245
8495,2714.694272
8496,2260.743266
8497,2332.115485
8498,1404.069414
8499,1138.351371
8500,2502.556092
8501,2651.116623
8502,1360.636501
8503,1650.694578
8504,1118.376236
8505,1614.230992
8506,1394.119020
8507,1360.850190
8508,929.496066
8509,1173.291250
8510,19353.308177
8511,1009.761724
8512,1909.447098
8513,3147.387773
8514,737.979687
8515,2671.915659
8516,2637.738475
8517,2884.155530
8518,1118.356972
8519,1865.884590
8520,1477.275428
8521,926.815544
8522,1235.456723
8523,10362.718097
8524,1632.754074
8525,1588.403606
8526,5502.911321
8527,7096.058500
8528,2311.313921
8529,1313.487370
8530,1426.492084
8531,1592.718019
8532,1686.880498
8533,1897.416972
8534,1407.736904
8535,1135.398098
8536,1933.940276
8537,1654.534368
8538,1608.147137
8539,1693.970548
8540,1846.471152
8541,1787.328321
8542,840.211711
8543,1903.789159
8544,1822.747045
8545,1016.850334
8546,1855.655883
8547,3037.464450
8548,12121.689087
8549,1132.602902
8550,4101.967496
8551,11198.906883
8552,1347.765438
8553,1912.843601
8554,1739.673125
8555,17418.002795
8556,1380.089718
8557,1607.443900
8558,1292.503522
8559,1533.474639
8560,1761.865548
8561,1581.839126
8562,773.491821
8563,11849.808607
8564,1222.653118
8565,1153.149430
8566,904.835581
8567,1466.941133
8568,1195.121094
8569,1330.854104
8570,1480.491689
8571,1335.165829
8572,2007.694464
8573,1974.145608
8574,2001.388071
8575,5940.603588
8576,2759.471526
8577,1786.280848
8578,1704.366271
8579,1428.882910
8580,1121.955538
8581,866.667061
8582,1262.208763
8583,989.275149
8584,1584.520080
8585,1842.234301
8586,1190.314645
8587,1224.950757
8588,1477.230782
8589,854.408521
8590,1147.319444
8591,1323.520231
8592,1274.388948
8593,944.405263
8594,1300.093756
8595,1914.260721
8596,1934.771748
8597,1194.563026
8598,1561.001376
8599,1542.817561
8600,1418.402735
8601,1996.692692
8602,1535.198203
8603,3038.596427
8604,1298.835204
8605,3011.728690
8606,1106.604950
8607,1224.288704
8608,1452.721521
8609,1393.897191
8610,1273.152984
8611,8575.148343
8612,1351.058214
8613,1247.408702
8614,1196.908073
8615,1420.112448
8616,1699.315973
8617,1161.870225
8618,2192.770149
8619,30768.650330
8620,1386.358135
8621,2875.136854
8622,2841.710362
8623,1361.488012
8624,1560.207922
8625,911.109004
8626,1814.313787
8627,1303.309907
8628,1632.757168
8629,1355.560165
8630,1611.145932
8631,3455.083629
8632,2301.565433
8633,991.399043
8634,1326.480165
8635,2190.744788
8636,1299.667354
8637,2921.054358
8638,1790.441236
8639,3883.270613
8640,5154.913392
8641,2309.087236
8642,1380.328809
8643,1943.911887
8644,3026.532123
8645,1818.372810
8646,1232.060282
8647,2285.655995
8648,1818.663935
8649,1663.783787
8650,1194.937912
8651,1215.530412
8652,1936.511122
8653,31234.196280
8654,1703.956227
8655,905.874772
8656,1258.885954
8657,1162.163592
8658,1754.189023
8659,1234.912765
8660,2867.858050
8661,1446.464798
8662,753.241272
8663,1263.698791
8664,1573.436839
8665,2306.124630
8666,28377.177964
8667,3785.809787
8668,1680.286770
8669,1810.137643
8670,8478.392207
8671,1717.167298
8672,6922.566223
8673,1351.492768
8674,1958.315026
8675,1294.678412
8676,22928.331659
8677,2617.066530
8678,2546.910634
8679,1898.899578
8680,2051.372315
8681,1855.214750
8682,16400.217885
8683,3262.260661
8684,1732.309585
8685,1690.582742
8686,3532.571378
8687,883.667924
8688,993.570715
8689,1217.643154
8690,2293.203886
8691,1118.199016
8692,1896.043740
8693,1943.536468
8694,2138.109391
8695,1650.489544
8696,887.077608
8697,2615.040848
8698,1845.403359
8699,41170.369540
8700,1606.969059
8701,1531.433182
8702,2135.309026
8703,2963.165421
8704,3628.793517
8705,1675.751064
8706,16345.059499
8707,1249.921840
8708,2330.565645
8709,9992.873881
8710,2955.317251
8711,2362.126058
8712,2019.674015
8713,1996.839642
8714,2032.487570
8715,1666.239767
8716,1732.616009
8717,2831.566750
8718,1331.660207
8719,1411.503411
8720,1435.704272
8721,3126.466457
8722,2860.962503
8723,1865.801431
8724,1752.752805
8725,1925.947219
8726,2309.467741
8727,2151.457756
8728,1384.561004
8729,1915.270240
8730,1647.139571
8731,1654.375226
8732,3497.896527
8733,2339.484354
8734,1149.967279
8735,1052.268758
8736,7265.468147
8737,1254.804192
8738,1676.855366
8739,6211.491785
8740,1883.135302
8741,6144.093553
8742,3335.857244
8743,1486.624070
8744,1962.178903
8745,13919.016456
8746,1393.928324
8747,3869.622626
8748,1295.534365
8749,1816.652381
8750,1376.586419
8751,10103.231938
8752,1369.667753
8753,25751.784707
8754,1807.656518
8755,1027.648749
8756,3011.112947
8757,1925.869252
8758,6447.939749
8759,1801.006128
8760,1572.796182
8761,2005.973388
8762,1010.749261
8763,2241.121976
8764,2104.183781
8765,2333.515673
8766,12004.114174
8767,1285.484497
8768,15436.046516
8769,1783.489419
8770,5436.778351
8771,3921.969949
8772,1546.722052
8773,1499.189294
8774,3937.771451
8775,1849.681251
8776,1407.802915
8777,1996.454365
8778,1110.805029
8779,2365.665996
8780,1953.007966
8781,1335.094601
8782,1619.650238
8783,1612.903706
8784,4651.431127
8785,2656.023975
8786,22756.982239
8787,6973.763241
8788,8047.588478
8789,1213.187372
8790,1292.741286
8791,1429.956695
8792,1525.581204
8793,2265.880677
8794,983.736465
8795,6624.894955
8796,2192.715688
8797,2719.236021
8798,2079.834466
8799,1885.125660
8800,2125.329892
8801,8284.193711
8802,1234.613180
8803,1884.417645
8804,1315.123571
8805,1537.309042
8806,1924.279970
8807,2940.585892
8808,1871.272070
8809,1303.629554
8810,2939.468281
8811,1161.535463
8812,5018.365506
8813,1440.875877
8814,4011.922586
8815,17628.121402
8816,4609.145130
8817,2387.231597
8818,2121.026538
8819,6855.317708
8820,9334.079801
8821,2325.022100
8822,2135.956954
8823,867.886423
8824,1390.755883
8825,1785.113323
8826,4284.916039
8827,1174.381835
8828,1652.702073
8829,818.829714
8830,1817.703171
8831,1387.435939
8832,1785.028122
8833,1699.609617
8834,1616.598545
8835,3707.308009
8836,1441.923810
8837,4163.095269
8838,21728.593825
8839,1859.624830
8840,1892.559813
8841,1461.457214
8842,1128.021540
8843,3419.215982
8844,2216.232517
8845,10201.924267
8846,4784.899340
8847,1772.996355
8848,1431.335471
8849,4507.461872
8850,11796.826736
8851,801.334470
8852,2471.104942
8853,2557.726142
8854,47540.335236
8855,2253.238731
8856,3483.587041
8857,3553.357751
8858,1498.849064
8859,1862.343150
8860,1360.371042
8861,2372.899158
8862,1592.288641
8863,1355.644857
8864,2575.974936
8865,2001.425132
8866,2126.899987
8867,54544.032362
8868,2076.547226
8869,3287.032420
8870,2428.222210
8871,2074.260572
8872,5326.993233
8873,2124.150720
8874,25088.731930
8875,1515.304968
8876,1507.983103
8877,1294.285760
8878,3631.408752
8879,1922.749869
8880,1688.848121
8881,1157.253026
8882,2019.840041
8883,3675.368021
8884,9145.028266
8885,2274.517960
8886,3062.699996
8887,1880.655751
8888,36153.960738
8889,1479.387114
8890,2173.249220
8891,2679.727611
8892,2321.931202
8893,2377.408775
8894,3087.416546
8895,2019.579338
8896,2097.925489
8897,1510.739250
8898,1497.788133
8899,1599.437225
8900,2327.460312
8901,2124.315554
8902,1887.666301
8903,2209.135831
8904,4535.488464
8905,12743.442584
8906,2251.021746
8907,3040.484639
8908,2810.517397
8909,1560.144592
8910,2650.601125
8911,1557.877534
8912,1405.484413
8913,1966.985014
8914,1459.016071
8915,4203.868030
8916,31730.323755
8917,1753.987487
8918,6394.365885
8919,1850.362767
8920,2547.716882
8921,40287.378374
8922,1340.371689
8923,1896.531459
8924,1972.091481
8925,2627.285458
8926,1759.738703
8927,4251.436459
8928,2448.544737
8929,1699.930256
8930,2100.305287
8931,1595.518369
8932,13891.269091
8933,3654.653028
8934,1937.936347
8935,5101.070355
8936,2041.623330
8937,2001.763795
8938,2912.465796
8939,1533.475406
8940,3627.571820
8941,1685.238054
8942,3190.564153
8943,1606.399102
8944,2119.137940
8945,2094.975244
8946,13771.428367
8947,1683.515356
8948,2303.982269
8949,2208.519742
8950,7665.164759
8951,1870.782828
8952,34892.923300
8953,2607.869158
8954,4108.638884
8955,2568.396191
8956,2258.539340
8957,1741.976416
8958,2150.807984
8959,1530.472094
8960,1843.525505
8961,1603.468516
8962,1499.348674
8963,4314.601356
8964,2067.670117
8965,1974.622747
8966,2606.652014
8967,1792.247909
8968,1581.536669
8969,14692.992940
8970,1872.385474
8971,2393.256772
8972,1729.667614
8973,1943.503022
8974,2064.842245
8975,2232.056776
8976,2803.501813
8977,4436.667206
8978,1868.875736
8979,2068.575651
8980,5616.441819
8981,3581.721007
8982,1525.356305
8983,1687.359691
8984,1233.518038
8985,1471.851724
8986,1376.840754
8987,1992.154289
8988,1683.066997
8989,2166.141577
8990,2435.480920
8991,4312.674841
8992,1831.887544
8993,1551.321689
8994,5285.270880
8995,2323.437046
8996,1846.147684
8997,1877.834818
8998,5369.708799
8999,1828.819180
9000,138406.822673
9001,4430.573411
9002,1790.720327
9003,154593.086963
9004,21547.700824
9005,4235.031973
9006,2571.770927
9007,3734.113828
9008,4327.203950
9009,2025.820807
9010,1970.374011
9011,13378.446567
9012,3266.285265
9013,1763.251108
9014,2125.802481
9015,1954.720238
9016,952.199355
9017,2184.760966
9018,1683.755354
9019,1649.746362
9020,3178.574979
9021,810.934542
9022,1545.617792
9023,1747.851635
9024,1791.199324
9025,1591.995855
9026,1701.655716
9027,2214.364228
9028,1778.849830
9029,2929.500306
9030,35073.587957
9031,1792.433363
9032,1971.286357
9033,11921.702854
9034,1444.016876
9035,2042.232834
9036,63033.314274
9037,1629.160047
9038,3104.292914
9039,1720.776242
9040,1566.718980
9041,1060.847911
9042,2163.625616
9043,6147.542520
9044,4952.875159
9045,235994.488045
9046,1397.784771
9047,1934.972856
9048,5448.627611
9049,1530.849870
9050,1572.600809
9051,2735.187252
9052,2276.711436
9053,2016.182709
9054,1420.982922
9055,2070.271663
9056,2160.891771
9057,45940.840655
9058,966.025146
9059,1952.814523
9060,4102.859074
9061,1059.682829
9062,2851.058647
9063,2157.413551
9064,1081.094259
9065,3572.276843
9066,38730.648481
9067,1022.887724
9068,1516.337831
9069,1611.027352
9070,2742.070305
9071,1560.109985
9072,9498.912209
9073,1599.212143
9074,1226.462119
9075,1878.663445
9076,2242.359810
9077,2036.974124
9078,4924.832794
9079,5285.552845
9080,2363.227289
9081,5706.186393
9082,2859.138461
9083,1231.408642
9084,1716.648088
9085,16182.533662
9086,1019.102313
9087,1925.347274
9088,4042.097170
9089,1058.617349
9090,2974.357514
9091,2237.436140
9092,1614.352416
9093,3097.092370
9094,2163.963680
9095,1901.598599
9096,7859.639851
9097,1178.917238
9098,9790.331481
9099,3364.456006
9100,7104.465468
9101,2057.941987
9102,2150.118552
9103,2793.722224
9104,1332.152302
9105,1302.445728
9106,2212.846360
9107,3971.601577
9108,2353.647897
9109,11981.716237
9110,2451.825605
9111,3174.202074
9112,1916.608347
9113,2987.907312
9114,3018.178598
9115,1041.944134
9116,8147.463529
9117,2788.784984
9118,5460.970383
9119,2192.242058
9120,1038.459839
9121,655.699898
9122,2875.327270
9123,1405.327191
9124,1824.437932
9125,3493.548198
9126,2087.831828
9127,3457.605579
9128,2400.667281
9129,1619.160412
9130,4917.866706
9131,1205.140536
9132,1667.273876
9133,1200.044806
9134,5525.989872
9135,4690.627037
9136,1980.992239
9137,1266.142602
9138,1945.672290
9139,2387.234341
9140,6545.478522
9141,2673.736383
9142,2083.353982
9143,4725.039650
9144,1318.646089
9145,2752.343479
9146,4330.565091
9147,1087.102831
9148,2184.469618
9149,2354.145780
9150,1614.440322
9151,1707.061871
9152,2234.462005
9153,4411.469996
9154,1680.914270
9155,1775.626280
9156,1347.789380
9157,1639.314320
9158,3601.104855
9159,3552.795727
9160,2713.898050
9161,2554.213518
9162,2382.088275
9163,2968.996393
9164,16660.105392
9165,1760.136023
9166,1951.531412
9167,20794.459198
9168,5707.506975
9169,1463.992714
9170,2524.232494
9171,819.974775
9172,4217.932976
9173,1906.252130
9174,2633.588106
9175,1798.572136
9176,1425.313508
9177,3261.454666
9178,3775.932122
9179,1207.818765
9180,1701.052112
9181,7016.455240
9182,1732.236732
9183,2147.304837
9184,1996.611422
9185,2698.518886
9186,1922.076269
9187,1033.665382
9188,1948.411917
9189,2165.547487
9190,2647.382551
9191,1438.716680
9192,2873.136975
9193,3609.897148
9194,1716.919069
9195,1293.328773
9196,2286.424056
9197,1670.719468
9198,10345.450777
9199,4263.253960
9200,1957.194531
9201,1952.791742
9202,866.389182
9203,1265.473025
9204,1811.636710
9205,2018.671640
9206,6340.413581
9207,3831.185370
9208,1620.864251
9209,882.637002
9210,2593.868033
9211,5857.495570
9212,45733.687168
9213,1775.707843
9214,2836.472435
9215,4767.985888
9216,7678.336138
9217,3245.809762
9218,10888.384447
9219,2856.249774
9220,20326.494638
9221,32361.055626
9222,1958.397719
9223,18804.990077
9224,5408.788710
9225,2585.872047
9226,2229.811580
9227,87736.175722
9228,1260.653154
9229,1032.487385
9230,42752.694490
9231,48107.238590
9232,884.893078
9233,2208.751252
9234,1202.557980
9235,1867.632700
9236,3156.518027
9237,2517.768486
9238,2239.926718
9239,17608.599129
9240,1982.111532
9241,2881.339896
9242,31811.883136
9243,2479.203748
9244,4107.375251
9245,2775.428019
9246,4055.863944
9247,1848.406686
9248,1598.705721
9249,107925.623980
9250,2439.322538
9251,2064.821929
9252,845.139329
9253,1567.679884
9254,14074.695987
9255,1801.770614
9256,1023.865018
9257,1272.628830
9258,830.148489
9259,2957.567473
9260,5687.850901
9261,2581.278697
9262,2378.049076
9263,1165.945829
9264,925.855846
9265,10518.203065
9266,5175.562723
9267,2311.739801
9268,1938.866806
9269,2493.258790
9270,107369.156764
9271,2803.903860
9272,846.304735
9273,6213.370098
9274,7333.942420
9275,2364.574296
9276,4107.017454
9277,16300.732139
9278,4131.922294
9279,1388.972867
9280,8228.502068
9281,2483.831180
9282,3087.980412
9283,3215.642996
9284,6418.181561
9285,6847.015333
9286,1040.112502
9287,2413.118143
9288,17123.173062
9289,1340.761629
9290,2562.397411
9291,2139.540050
9292,1798.018863
9293,2767.878424
9294,2043.139250
9295,2715.754147
9296,2315.162084
9297,3137.193689
9298,19202.775784
9299,3452.851075
9300,3522.515832
9301,1847.988850
9302,2606.850572
9303,9754.898720
9304,725.591812
9305,6827.331154
9306,2208.316132
9307,1947.673698
9308,1111.597832
9309,2806.473791
9310,8548.452451
9311,2574.546303
9312,2308.687574
9313,3304.645194
9314,1995.725482
9315,1145.945947
9316,1387.405975
9317,2884.019283
9318,1679.731608
9319,13672.405655
9320,3068.812659
9321,6946.943254
9322,2485.758476
9323,1416.879228
9324,4614.918010
9325,1134.780107
9326,1921.020726
9327,2139.350388
9328,2539.839442
9329,2641.777999
9330,1786.167032
9331,845.361471
9332,3462.720312
9333,18108.160539
9334,1636.441336
9335,3432.768256
9336,1018.989163
9337,2568.762916
9338,3305.574227
9339,1879.721138
9340,1696.454681
9341,22205.260540
9342,6717.048188
9343,2331.916638
9344,858.323669
9345,49067.624908
9346,2218.452861
9347,1121.447634
9348,882.725985
9349,2838.062001
9350,2445.759957
9351,1316.965999
9352,3396.674657
9353,2294.343090
9354,3567.464747
9355,1407.370994
9356,1964.106250
9357,2760.742366
9358,1623.516759
9359,2566.738512
9360,1867.267584
9361,1395.718779
9362,1857.860260
9363,2186.836984
9364,1782.013927
9365,2639.147322
9366,37061.833742
9367,5188.833487
9368,3025.116844
9369,1965.001902
9370,17422.116173
9371,5697.202308
9372,27515.209189
9373,2913.184189
9374,1925.773948
9375,1283.326529
9376,1832.917850
9377,2349.308677
9378,1443.883598
9379,2197.358236
9380,2647.765362
9381,2325.530957
9382,9215.681999
9383,1565.392936
9384,1225.915809
9385,2811.653205
9386,2223.075646
9387,1117.051066
9388,1798.753834
9389,2798.074091
9390,3039.724934
9391,1939.781325
9392,4457.545547
9393,839.345749
9394,899.939172
9395,1361.532125
9396,4914.820692
9397,3251.725976
9398,4155.650821
9399,2331.924248
9400,1222.649319
9401,1534.179055
9402,1329.680292
9403,3068.470794
9404,1859.960160
9405,1867.822475
9406,1495.731311
9407,1634.818095
9408,2503.247978
9409,3802.284060
9410,1577.838213
9411,2269.613340
9412,18035.798100
9413,3442.010681
9414,2567.816578
9415,1236.533981
9416,1770.528667
9417,7008.995009
9418,8775.166862
9419,7192.858906
9420,2439.989269
9421,6084.806662
9422,4599.979237
9423,5358.030521
9424,1786.633221
9425,1982.438346
9426,3243.173228
9427,1415.255685
9428,9054.359276
9429,2552.367397
9430,1692.336462
9431,851.745381
9432,4119.325555
9433,1961.396337
9434,1293.607052
9435,1088.085889
9436,3241.705622
9437,2611.691370
9438,14873.462557
9439,1941.747151
9440,2147.641100
9441,2160.737678
9442,795.367121
9443,1502.910667
9444,10543.929111
9445,1391.880327
9446,7840.576160
9447,2025.661254
9448,1959.169107
9449,1712.829601
9450,1738.029838
9451,3764.097111
9452,2061.176979
9453,1912.118089
9454,13844.396168
9455,5729.142661
9456,4899.333813
9457,1065.780174
9458,4245.699250
9459,1218.839501
9460,1656.782480
9461,4768.208929
9462,1365.862972
9463,2805.856270
9464,14326.567519
9465,15588.511396
9466,1215.650633
9467,2103.447249
9468,3030.549402
9469,868.228465
9470,1208.953475
9471,2225.738870
9472,3759.239143
9473,5897.224716
9474,2399.294891
9475,1344.356935
9476,2299.614526
9477,3135.474466
9478,1126.366985
9479,2019.801636
9480,8624.532350
9481,1960.891609
9482,2476.116630
9483,1952.850612
9484,1714.347841
9485,853.378408
9486,7574.781607
9487,1819.411343
9488,1072.386545
9489,35044.287612
9490,981.304012
9491,14716.635640
9492,1225.996751
9493,3738.759317
9494,223545.373820
9495,3278.823118
9496,1593.703031
9497,2469.738233
9498,1308.124896
9499,77702.416120
9500,24068.700522
9501,3631.387481
9502,2703.973355
9503,1099.306148
9504,1507.130635
9505,33042.520044
9506,1923.709664
9507,5804.575402
9508,2019.712837
9509,1426.814971
9510,1031.112025
9511,1876.234945
9512,3570.522120
9513,3391.716372
9514,2071.166212
9515,1013.565484
9516,1173.653763
9517,5356.733749
9518,1661.264783
9519,96918.713060
9520,2469.881188
9521,1460.359303
9522,173693.572873
9523,14208.567033
9524,1298.691686
9525,1083.056663
9526,1696.670884
9527,3998.373612
9528,6160.047330
9529,1284.519696
9530,1783.057889
9531,3497.294552
9532,1310.758494
9533,164951.392617
9534,2436.694976
9535,3360.604320
9536,3197.220356
9537,3313.318482
9538,1137.165869
9539,1249.472442
9540,1658.619067
9541,142714.081036
9542,2209.513384
9543,3611.832220
9544,3060.488021
9545,5519.762651
9546,35042.558713
9547,1630.919451
9548,55518.962430
9549,1260.806271
9550,7687.059710
9551,2765.078566
9552,3259.714216
9553,1741.458666
9554,1935.619085
9555,6291.915899
9556,3581.529157
9557,2018.674706
9558,7460.702959
9559,2046.017772
9560,1598.656128
9561,1722.989348
9562,803.595754
9563,2026.364437
9564,1176.011593
9565,1622.102479
9566,2455.539957
9567,47219.282785
9568,1809.163486
9569,1462.314747
9570,2477.251821
9571,1459.866016
9572,4891.256548
9573,2401.791826
9574,2019.971244
9575,3103.114662
9576,3339.117697
9577,21708.981804
9578,1041.761352
9579,2412.061613
9580,2037.051377
9581,2207.899430
9582,1413.231652
9583,1725.355128
9584,630.056419
9585,1138.382333
9586,3184.276006
9587,1500.292571
9588,1697.687844
9589,2110.998232
9590,2261.322774
9591,2201.540270
9592,2334.248951
9593,1771.109339
9594,1300.600679
9595,1229.106065
9596,1739.191022
9597,1998.140302
9598,1384.718372
9599,1945.625073
9600,1857.369831
9601,1822.422885
9602,2388.397804
9603,10093.407913
9604,3217.682969
9605,1813.930459
9606,1475.984488
9607,3945.126628
9608,1240.949843
9609,2493.096975
9610,1406.666000
9611,2216.922103
9612,929.058267
9613,4941.355324
9614,2086.278571
9615,2629.580522
9616,2065.073465
9617,77832.047259
9618,208730.949456
9619,2327.075025
9620,1101.309623
9621,3500.083287
9622,896.531876
9623,4388.530653
9624,2899.423752
9625,29207.182561
9626,17010.218918
9627,1224.066496
9628,1199.087129
9629,1940.723618
