timesteps,mean_reward
5000,245.443027
10000,240.590549
15000,234.447010
20000,221.964176
25000,218.196720
30000,211.494864
35000,279.236323
40000,276.364100
45000,276.846944
50000,277.765692
55000,276.866228
60000,276.314548
65000,278.388636
70000,277.557417
75000,275.516793
80000,276.542917
85000,277.541746
